Unnamed: 0,Model,Dataset,ddG_pred,position,wildtype,mutation,pdb,chain,pdb_position,pdb_index,pdb_aa,expected_pdb_aa,match
0,ThermoMPNN,WIL_PLA,-0.0327449440956115,0,M,A,WIL_PLA,A,1,1,MET,MET,True
1,ThermoMPNN,WIL_PLA,-0.214785099029541,0,M,C,WIL_PLA,A,1,1,MET,MET,True
2,ThermoMPNN,WIL_PLA,-0.0022823810577392,0,M,D,WIL_PLA,A,1,1,MET,MET,True
3,ThermoMPNN,WIL_PLA,0.0554916858673095,0,M,E,WIL_PLA,A,1,1,MET,MET,True
4,ThermoMPNN,WIL_PLA,-0.005874216556549,0,M,F,WIL_PLA,A,1,1,MET,MET,True
5,ThermoMPNN,WIL_PLA,0.0623127222061157,0,M,G,WIL_PLA,A,1,1,MET,MET,True
6,ThermoMPNN,WIL_PLA,0.0130884647369384,0,M,H,WIL_PLA,A,1,1,MET,MET,True
7,ThermoMPNN,WIL_PLA,-0.0387750267982482,0,M,I,WIL_PLA,A,1,1,MET,MET,True
8,ThermoMPNN,WIL_PLA,0.1705576181411743,0,M,K,WIL_PLA,A,1,1,MET,MET,True
9,ThermoMPNN,WIL_PLA,-0.0688351988792419,0,M,L,WIL_PLA,A,1,1,MET,MET,True
10,ThermoMPNN,WIL_PLA,0.0,0,M,M,WIL_PLA,A,1,1,MET,MET,True
11,ThermoMPNN,WIL_PLA,0.0687503218650817,0,M,N,WIL_PLA,A,1,1,MET,MET,True
12,ThermoMPNN,WIL_PLA,0.0323891639709472,0,M,P,WIL_PLA,A,1,1,MET,MET,True
13,ThermoMPNN,WIL_PLA,0.0839834809303283,0,M,Q,WIL_PLA,A,1,1,MET,MET,True
14,ThermoMPNN,WIL_PLA,0.146073579788208,0,M,R,WIL_PLA,A,1,1,MET,MET,True
15,ThermoMPNN,WIL_PLA,0.0662132501602172,0,M,S,WIL_PLA,A,1,1,MET,MET,True
16,ThermoMPNN,WIL_PLA,0.038150668144226,0,M,T,WIL_PLA,A,1,1,MET,MET,True
17,ThermoMPNN,WIL_PLA,-0.0391062498092651,0,M,V,WIL_PLA,A,1,1,MET,MET,True
18,ThermoMPNN,WIL_PLA,-0.0554115772247314,0,M,W,WIL_PLA,A,1,1,MET,MET,True
19,ThermoMPNN,WIL_PLA,0.0742688179016113,0,M,Y,WIL_PLA,A,1,1,MET,MET,True
20,ThermoMPNN,WIL_PLA,0.0788716673851013,1,F,A,WIL_PLA,A,2,2,PHE,PHE,True
21,ThermoMPNN,WIL_PLA,-0.2080554962158203,1,F,C,WIL_PLA,A,2,2,PHE,PHE,True
22,ThermoMPNN,WIL_PLA,0.0025587081909179,1,F,D,WIL_PLA,A,2,2,PHE,PHE,True
23,ThermoMPNN,WIL_PLA,0.0878089070320129,1,F,E,WIL_PLA,A,2,2,PHE,PHE,True
24,ThermoMPNN,WIL_PLA,0.0,1,F,F,WIL_PLA,A,2,2,PHE,PHE,True
25,ThermoMPNN,WIL_PLA,0.2074088454246521,1,F,G,WIL_PLA,A,2,2,PHE,PHE,True
26,ThermoMPNN,WIL_PLA,0.0519947409629821,1,F,H,WIL_PLA,A,2,2,PHE,PHE,True
27,ThermoMPNN,WIL_PLA,0.1600947976112365,1,F,I,WIL_PLA,A,2,2,PHE,PHE,True
28,ThermoMPNN,WIL_PLA,0.2060302495956421,1,F,K,WIL_PLA,A,2,2,PHE,PHE,True
29,ThermoMPNN,WIL_PLA,-0.0312996506690979,1,F,L,WIL_PLA,A,2,2,PHE,PHE,True
30,ThermoMPNN,WIL_PLA,0.0818851590156555,1,F,M,WIL_PLA,A,2,2,PHE,PHE,True
31,ThermoMPNN,WIL_PLA,0.0803804993629455,1,F,N,WIL_PLA,A,2,2,PHE,PHE,True
32,ThermoMPNN,WIL_PLA,0.0466184020042419,1,F,P,WIL_PLA,A,2,2,PHE,PHE,True
33,ThermoMPNN,WIL_PLA,0.1927616000175476,1,F,Q,WIL_PLA,A,2,2,PHE,PHE,True
34,ThermoMPNN,WIL_PLA,0.1516704559326172,1,F,R,WIL_PLA,A,2,2,PHE,PHE,True
35,ThermoMPNN,WIL_PLA,0.1597741246223449,1,F,S,WIL_PLA,A,2,2,PHE,PHE,True
36,ThermoMPNN,WIL_PLA,0.1963669061660766,1,F,T,WIL_PLA,A,2,2,PHE,PHE,True
37,ThermoMPNN,WIL_PLA,0.1974080801010131,1,F,V,WIL_PLA,A,2,2,PHE,PHE,True
38,ThermoMPNN,WIL_PLA,-0.1604488492012024,1,F,W,WIL_PLA,A,2,2,PHE,PHE,True
39,ThermoMPNN,WIL_PLA,0.0728158950805664,1,F,Y,WIL_PLA,A,2,2,PHE,PHE,True
40,ThermoMPNN,WIL_PLA,0.0925565361976623,2,L,A,WIL_PLA,A,3,3,LEU,LEU,True
41,ThermoMPNN,WIL_PLA,-0.0510010719299316,2,L,C,WIL_PLA,A,3,3,LEU,LEU,True
42,ThermoMPNN,WIL_PLA,0.1118999719619751,2,L,D,WIL_PLA,A,3,3,LEU,LEU,True
43,ThermoMPNN,WIL_PLA,0.1049111485481262,2,L,E,WIL_PLA,A,3,3,LEU,LEU,True
44,ThermoMPNN,WIL_PLA,0.0224890708923339,2,L,F,WIL_PLA,A,3,3,LEU,LEU,True
45,ThermoMPNN,WIL_PLA,0.2506501674652099,2,L,G,WIL_PLA,A,3,3,LEU,LEU,True
46,ThermoMPNN,WIL_PLA,0.1051799058914184,2,L,H,WIL_PLA,A,3,3,LEU,LEU,True
47,ThermoMPNN,WIL_PLA,-0.0222409963607788,2,L,I,WIL_PLA,A,3,3,LEU,LEU,True
48,ThermoMPNN,WIL_PLA,0.046009361743927,2,L,K,WIL_PLA,A,3,3,LEU,LEU,True
49,ThermoMPNN,WIL_PLA,0.0,2,L,L,WIL_PLA,A,3,3,LEU,LEU,True
50,ThermoMPNN,WIL_PLA,0.0571929812431335,2,L,M,WIL_PLA,A,3,3,LEU,LEU,True
51,ThermoMPNN,WIL_PLA,0.1514229774475097,2,L,N,WIL_PLA,A,3,3,LEU,LEU,True
52,ThermoMPNN,WIL_PLA,0.3317846059799194,2,L,P,WIL_PLA,A,3,3,LEU,LEU,True
53,ThermoMPNN,WIL_PLA,0.0767017006874084,2,L,Q,WIL_PLA,A,3,3,LEU,LEU,True
54,ThermoMPNN,WIL_PLA,0.0562928318977355,2,L,R,WIL_PLA,A,3,3,LEU,LEU,True
55,ThermoMPNN,WIL_PLA,0.0623201131820678,2,L,S,WIL_PLA,A,3,3,LEU,LEU,True
56,ThermoMPNN,WIL_PLA,-0.0098814368247985,2,L,T,WIL_PLA,A,3,3,LEU,LEU,True
57,ThermoMPNN,WIL_PLA,0.0309021472930908,2,L,V,WIL_PLA,A,3,3,LEU,LEU,True
58,ThermoMPNN,WIL_PLA,-5.286931991577149e-05,2,L,W,WIL_PLA,A,3,3,LEU,LEU,True
59,ThermoMPNN,WIL_PLA,0.0798132419586181,2,L,Y,WIL_PLA,A,3,3,LEU,LEU,True
60,ThermoMPNN,WIL_PLA,0.1132564544677734,3,R,A,WIL_PLA,A,4,4,ARG,ARG,True
61,ThermoMPNN,WIL_PLA,-0.0446717739105224,3,R,C,WIL_PLA,A,4,4,ARG,ARG,True
62,ThermoMPNN,WIL_PLA,0.4639889299869537,3,R,D,WIL_PLA,A,4,4,ARG,ARG,True
63,ThermoMPNN,WIL_PLA,0.3565875291824341,3,R,E,WIL_PLA,A,4,4,ARG,ARG,True
64,ThermoMPNN,WIL_PLA,0.058508813381195,3,R,F,WIL_PLA,A,4,4,ARG,ARG,True
65,ThermoMPNN,WIL_PLA,0.3698931932449341,3,R,G,WIL_PLA,A,4,4,ARG,ARG,True
66,ThermoMPNN,WIL_PLA,0.1478130221366882,3,R,H,WIL_PLA,A,4,4,ARG,ARG,True
67,ThermoMPNN,WIL_PLA,0.0242033004760742,3,R,I,WIL_PLA,A,4,4,ARG,ARG,True
68,ThermoMPNN,WIL_PLA,0.0264526009559631,3,R,K,WIL_PLA,A,4,4,ARG,ARG,True
69,ThermoMPNN,WIL_PLA,0.0429255962371826,3,R,L,WIL_PLA,A,4,4,ARG,ARG,True
70,ThermoMPNN,WIL_PLA,0.1091632843017578,3,R,M,WIL_PLA,A,4,4,ARG,ARG,True
71,ThermoMPNN,WIL_PLA,0.290174663066864,3,R,N,WIL_PLA,A,4,4,ARG,ARG,True
72,ThermoMPNN,WIL_PLA,0.276074469089508,3,R,P,WIL_PLA,A,4,4,ARG,ARG,True
73,ThermoMPNN,WIL_PLA,0.2493444681167602,3,R,Q,WIL_PLA,A,4,4,ARG,ARG,True
74,ThermoMPNN,WIL_PLA,0.0,3,R,R,WIL_PLA,A,4,4,ARG,ARG,True
75,ThermoMPNN,WIL_PLA,0.2155707478523254,3,R,S,WIL_PLA,A,4,4,ARG,ARG,True
76,ThermoMPNN,WIL_PLA,0.1364731788635254,3,R,T,WIL_PLA,A,4,4,ARG,ARG,True
77,ThermoMPNN,WIL_PLA,0.0546216964721679,3,R,V,WIL_PLA,A,4,4,ARG,ARG,True
78,ThermoMPNN,WIL_PLA,0.133013904094696,3,R,W,WIL_PLA,A,4,4,ARG,ARG,True
79,ThermoMPNN,WIL_PLA,0.1005053520202636,3,R,Y,WIL_PLA,A,4,4,ARG,ARG,True
80,ThermoMPNN,WIL_PLA,0.0037495493888854,4,R,A,WIL_PLA,A,5,5,ARG,ARG,True
81,ThermoMPNN,WIL_PLA,-0.2782583832740783,4,R,C,WIL_PLA,A,5,5,ARG,ARG,True
82,ThermoMPNN,WIL_PLA,0.2803519070148468,4,R,D,WIL_PLA,A,5,5,ARG,ARG,True
83,ThermoMPNN,WIL_PLA,0.2012996673583984,4,R,E,WIL_PLA,A,5,5,ARG,ARG,True
84,ThermoMPNN,WIL_PLA,-0.1366226077079773,4,R,F,WIL_PLA,A,5,5,ARG,ARG,True
85,ThermoMPNN,WIL_PLA,0.3485884070396423,4,R,G,WIL_PLA,A,5,5,ARG,ARG,True
86,ThermoMPNN,WIL_PLA,0.0387890934944152,4,R,H,WIL_PLA,A,5,5,ARG,ARG,True
87,ThermoMPNN,WIL_PLA,-0.3726897835731506,4,R,I,WIL_PLA,A,5,5,ARG,ARG,True
88,ThermoMPNN,WIL_PLA,-0.0024671554565429,4,R,K,WIL_PLA,A,5,5,ARG,ARG,True
89,ThermoMPNN,WIL_PLA,-0.2182472944259643,4,R,L,WIL_PLA,A,5,5,ARG,ARG,True
90,ThermoMPNN,WIL_PLA,-0.0956962704658508,4,R,M,WIL_PLA,A,5,5,ARG,ARG,True
91,ThermoMPNN,WIL_PLA,0.2044084072113037,4,R,N,WIL_PLA,A,5,5,ARG,ARG,True
92,ThermoMPNN,WIL_PLA,0.1822052001953125,4,R,P,WIL_PLA,A,5,5,ARG,ARG,True
93,ThermoMPNN,WIL_PLA,0.1548448204994201,4,R,Q,WIL_PLA,A,5,5,ARG,ARG,True
94,ThermoMPNN,WIL_PLA,0.0,4,R,R,WIL_PLA,A,5,5,ARG,ARG,True
95,ThermoMPNN,WIL_PLA,0.0951589941978454,4,R,S,WIL_PLA,A,5,5,ARG,ARG,True
96,ThermoMPNN,WIL_PLA,-0.0353118777275085,4,R,T,WIL_PLA,A,5,5,ARG,ARG,True
97,ThermoMPNN,WIL_PLA,-0.2900256514549255,4,R,V,WIL_PLA,A,5,5,ARG,ARG,True
98,ThermoMPNN,WIL_PLA,-0.073058545589447,4,R,W,WIL_PLA,A,5,5,ARG,ARG,True
99,ThermoMPNN,WIL_PLA,-0.0874258279800415,4,R,Y,WIL_PLA,A,5,5,ARG,ARG,True
100,ThermoMPNN,WIL_PLA,0.1337102055549621,5,E,A,WIL_PLA,A,6,6,GLU,GLU,True
101,ThermoMPNN,WIL_PLA,-0.0993878245353698,5,E,C,WIL_PLA,A,6,6,GLU,GLU,True
102,ThermoMPNN,WIL_PLA,0.1804930567741394,5,E,D,WIL_PLA,A,6,6,GLU,GLU,True
103,ThermoMPNN,WIL_PLA,0.0,5,E,E,WIL_PLA,A,6,6,GLU,GLU,True
104,ThermoMPNN,WIL_PLA,0.0792653560638427,5,E,F,WIL_PLA,A,6,6,GLU,GLU,True
105,ThermoMPNN,WIL_PLA,0.4556536376476288,5,E,G,WIL_PLA,A,6,6,GLU,GLU,True
106,ThermoMPNN,WIL_PLA,0.1911195516586303,5,E,H,WIL_PLA,A,6,6,GLU,GLU,True
107,ThermoMPNN,WIL_PLA,0.0127403140068054,5,E,I,WIL_PLA,A,6,6,GLU,GLU,True
108,ThermoMPNN,WIL_PLA,0.2256826162338256,5,E,K,WIL_PLA,A,6,6,GLU,GLU,True
109,ThermoMPNN,WIL_PLA,0.1040055155754089,5,E,L,WIL_PLA,A,6,6,GLU,GLU,True
110,ThermoMPNN,WIL_PLA,0.147792637348175,5,E,M,WIL_PLA,A,6,6,GLU,GLU,True
111,ThermoMPNN,WIL_PLA,0.30283123254776,5,E,N,WIL_PLA,A,6,6,GLU,GLU,True
112,ThermoMPNN,WIL_PLA,0.5766737461090088,5,E,P,WIL_PLA,A,6,6,GLU,GLU,True
113,ThermoMPNN,WIL_PLA,0.1898220777511596,5,E,Q,WIL_PLA,A,6,6,GLU,GLU,True
114,ThermoMPNN,WIL_PLA,0.2039471864700317,5,E,R,WIL_PLA,A,6,6,GLU,GLU,True
115,ThermoMPNN,WIL_PLA,0.1386845707893371,5,E,S,WIL_PLA,A,6,6,GLU,GLU,True
116,ThermoMPNN,WIL_PLA,0.0846055746078491,5,E,T,WIL_PLA,A,6,6,GLU,GLU,True
117,ThermoMPNN,WIL_PLA,0.0425161719322204,5,E,V,WIL_PLA,A,6,6,GLU,GLU,True
118,ThermoMPNN,WIL_PLA,0.07243013381958,5,E,W,WIL_PLA,A,6,6,GLU,GLU,True
119,ThermoMPNN,WIL_PLA,0.1688833832740783,5,E,Y,WIL_PLA,A,6,6,GLU,GLU,True
120,ThermoMPNN,WIL_PLA,0.3710308670997619,6,F,A,WIL_PLA,A,7,7,PHE,PHE,True
121,ThermoMPNN,WIL_PLA,0.0183777809143066,6,F,C,WIL_PLA,A,7,7,PHE,PHE,True
122,ThermoMPNN,WIL_PLA,0.3504159450531006,6,F,D,WIL_PLA,A,7,7,PHE,PHE,True
123,ThermoMPNN,WIL_PLA,0.2254579663276672,6,F,E,WIL_PLA,A,7,7,PHE,PHE,True
124,ThermoMPNN,WIL_PLA,0.0,6,F,F,WIL_PLA,A,7,7,PHE,PHE,True
125,ThermoMPNN,WIL_PLA,0.5518192052841187,6,F,G,WIL_PLA,A,7,7,PHE,PHE,True
126,ThermoMPNN,WIL_PLA,0.2981631159782409,6,F,H,WIL_PLA,A,7,7,PHE,PHE,True
127,ThermoMPNN,WIL_PLA,0.290069580078125,6,F,I,WIL_PLA,A,7,7,PHE,PHE,True
128,ThermoMPNN,WIL_PLA,0.466017484664917,6,F,K,WIL_PLA,A,7,7,PHE,PHE,True
129,ThermoMPNN,WIL_PLA,0.2922510504722595,6,F,L,WIL_PLA,A,7,7,PHE,PHE,True
130,ThermoMPNN,WIL_PLA,0.2931209206581116,6,F,M,WIL_PLA,A,7,7,PHE,PHE,True
131,ThermoMPNN,WIL_PLA,0.3863704800605774,6,F,N,WIL_PLA,A,7,7,PHE,PHE,True
132,ThermoMPNN,WIL_PLA,0.5586792826652527,6,F,P,WIL_PLA,A,7,7,PHE,PHE,True
133,ThermoMPNN,WIL_PLA,0.4588081836700439,6,F,Q,WIL_PLA,A,7,7,PHE,PHE,True
134,ThermoMPNN,WIL_PLA,0.3722239732742309,6,F,R,WIL_PLA,A,7,7,PHE,PHE,True
135,ThermoMPNN,WIL_PLA,0.354259192943573,6,F,S,WIL_PLA,A,7,7,PHE,PHE,True
136,ThermoMPNN,WIL_PLA,0.2656798958778381,6,F,T,WIL_PLA,A,7,7,PHE,PHE,True
137,ThermoMPNN,WIL_PLA,0.3151635527610779,6,F,V,WIL_PLA,A,7,7,PHE,PHE,True
138,ThermoMPNN,WIL_PLA,-0.0263755321502685,6,F,W,WIL_PLA,A,7,7,PHE,PHE,True
139,ThermoMPNN,WIL_PLA,0.1613876223564148,6,F,Y,WIL_PLA,A,7,7,PHE,PHE,True
140,ThermoMPNN,WIL_PLA,-0.2398027777671814,7,G,A,WIL_PLA,A,8,8,GLY,GLY,True
141,ThermoMPNN,WIL_PLA,-0.4266276955604553,7,G,C,WIL_PLA,A,8,8,GLY,GLY,True
142,ThermoMPNN,WIL_PLA,0.05713552236557,7,G,D,WIL_PLA,A,8,8,GLY,GLY,True
143,ThermoMPNN,WIL_PLA,-0.0937474966049194,7,G,E,WIL_PLA,A,8,8,GLY,GLY,True
144,ThermoMPNN,WIL_PLA,-0.363141119480133,7,G,F,WIL_PLA,A,8,8,GLY,GLY,True
145,ThermoMPNN,WIL_PLA,0.0,7,G,G,WIL_PLA,A,8,8,GLY,GLY,True
146,ThermoMPNN,WIL_PLA,-0.2287966609001159,7,G,H,WIL_PLA,A,8,8,GLY,GLY,True
147,ThermoMPNN,WIL_PLA,-0.6284671425819397,7,G,I,WIL_PLA,A,8,8,GLY,GLY,True
148,ThermoMPNN,WIL_PLA,-0.2337994575500488,7,G,K,WIL_PLA,A,8,8,GLY,GLY,True
149,ThermoMPNN,WIL_PLA,-0.3390589952468872,7,G,L,WIL_PLA,A,8,8,GLY,GLY,True
150,ThermoMPNN,WIL_PLA,-0.265005886554718,7,G,M,WIL_PLA,A,8,8,GLY,GLY,True
151,ThermoMPNN,WIL_PLA,-0.0711662173271179,7,G,N,WIL_PLA,A,8,8,GLY,GLY,True
152,ThermoMPNN,WIL_PLA,-0.0462751984596252,7,G,P,WIL_PLA,A,8,8,GLY,GLY,True
153,ThermoMPNN,WIL_PLA,-0.1366097927093505,7,G,Q,WIL_PLA,A,8,8,GLY,GLY,True
154,ThermoMPNN,WIL_PLA,-0.2605023384094238,7,G,R,WIL_PLA,A,8,8,GLY,GLY,True
155,ThermoMPNN,WIL_PLA,-0.2143343091011047,7,G,S,WIL_PLA,A,8,8,GLY,GLY,True
156,ThermoMPNN,WIL_PLA,-0.4001857042312622,7,G,T,WIL_PLA,A,8,8,GLY,GLY,True
157,ThermoMPNN,WIL_PLA,-0.5915421843528748,7,G,V,WIL_PLA,A,8,8,GLY,GLY,True
158,ThermoMPNN,WIL_PLA,-0.2697900533676147,7,G,W,WIL_PLA,A,8,8,GLY,GLY,True
159,ThermoMPNN,WIL_PLA,-0.2909784317016601,7,G,Y,WIL_PLA,A,8,8,GLY,GLY,True
160,ThermoMPNN,WIL_PLA,0.0,8,A,A,WIL_PLA,A,9,9,ALA,ALA,True
161,ThermoMPNN,WIL_PLA,-0.1363917589187622,8,A,C,WIL_PLA,A,9,9,ALA,ALA,True
162,ThermoMPNN,WIL_PLA,0.2343688607215881,8,A,D,WIL_PLA,A,9,9,ALA,ALA,True
163,ThermoMPNN,WIL_PLA,0.1238613724708557,8,A,E,WIL_PLA,A,9,9,ALA,ALA,True
164,ThermoMPNN,WIL_PLA,0.0751134157180786,8,A,F,WIL_PLA,A,9,9,ALA,ALA,True
165,ThermoMPNN,WIL_PLA,0.252821147441864,8,A,G,WIL_PLA,A,9,9,ALA,ALA,True
166,ThermoMPNN,WIL_PLA,0.1765561699867248,8,A,H,WIL_PLA,A,9,9,ALA,ALA,True
167,ThermoMPNN,WIL_PLA,0.0181538462638854,8,A,I,WIL_PLA,A,9,9,ALA,ALA,True
168,ThermoMPNN,WIL_PLA,0.112366497516632,8,A,K,WIL_PLA,A,9,9,ALA,ALA,True
169,ThermoMPNN,WIL_PLA,0.0434091687202453,8,A,L,WIL_PLA,A,9,9,ALA,ALA,True
170,ThermoMPNN,WIL_PLA,0.0358697175979614,8,A,M,WIL_PLA,A,9,9,ALA,ALA,True
171,ThermoMPNN,WIL_PLA,0.202141523361206,8,A,N,WIL_PLA,A,9,9,ALA,ALA,True
172,ThermoMPNN,WIL_PLA,0.2573210000991821,8,A,P,WIL_PLA,A,9,9,ALA,ALA,True
173,ThermoMPNN,WIL_PLA,0.1527435183525085,8,A,Q,WIL_PLA,A,9,9,ALA,ALA,True
174,ThermoMPNN,WIL_PLA,0.088616669178009,8,A,R,WIL_PLA,A,9,9,ALA,ALA,True
175,ThermoMPNN,WIL_PLA,0.1286141872406005,8,A,S,WIL_PLA,A,9,9,ALA,ALA,True
176,ThermoMPNN,WIL_PLA,0.1053381562232971,8,A,T,WIL_PLA,A,9,9,ALA,ALA,True
177,ThermoMPNN,WIL_PLA,-0.0343214869499206,8,A,V,WIL_PLA,A,9,9,ALA,ALA,True
178,ThermoMPNN,WIL_PLA,0.1758580207824707,8,A,W,WIL_PLA,A,9,9,ALA,ALA,True
179,ThermoMPNN,WIL_PLA,0.2490409612655639,8,A,Y,WIL_PLA,A,9,9,ALA,ALA,True
180,ThermoMPNN,WIL_PLA,0.0657077431678772,9,V,A,WIL_PLA,A,10,10,VAL,VAL,True
181,ThermoMPNN,WIL_PLA,-0.1109541654586792,9,V,C,WIL_PLA,A,10,10,VAL,VAL,True
182,ThermoMPNN,WIL_PLA,0.1948601603507995,9,V,D,WIL_PLA,A,10,10,VAL,VAL,True
183,ThermoMPNN,WIL_PLA,0.1327588558197021,9,V,E,WIL_PLA,A,10,10,VAL,VAL,True
184,ThermoMPNN,WIL_PLA,-0.002372920513153,9,V,F,WIL_PLA,A,10,10,VAL,VAL,True
185,ThermoMPNN,WIL_PLA,0.2725551128387451,9,V,G,WIL_PLA,A,10,10,VAL,VAL,True
186,ThermoMPNN,WIL_PLA,0.1582180261611938,9,V,H,WIL_PLA,A,10,10,VAL,VAL,True
187,ThermoMPNN,WIL_PLA,-0.0304139852523803,9,V,I,WIL_PLA,A,10,10,VAL,VAL,True
188,ThermoMPNN,WIL_PLA,0.0991309285163879,9,V,K,WIL_PLA,A,10,10,VAL,VAL,True
189,ThermoMPNN,WIL_PLA,-0.0345054864883422,9,V,L,WIL_PLA,A,10,10,VAL,VAL,True
190,ThermoMPNN,WIL_PLA,0.0126315951347351,9,V,M,WIL_PLA,A,10,10,VAL,VAL,True
191,ThermoMPNN,WIL_PLA,0.2203500270843505,9,V,N,WIL_PLA,A,10,10,VAL,VAL,True
192,ThermoMPNN,WIL_PLA,0.285857617855072,9,V,P,WIL_PLA,A,10,10,VAL,VAL,True
193,ThermoMPNN,WIL_PLA,0.1708143949508667,9,V,Q,WIL_PLA,A,10,10,VAL,VAL,True
194,ThermoMPNN,WIL_PLA,0.0711755156517028,9,V,R,WIL_PLA,A,10,10,VAL,VAL,True
195,ThermoMPNN,WIL_PLA,0.1787477731704712,9,V,S,WIL_PLA,A,10,10,VAL,VAL,True
196,ThermoMPNN,WIL_PLA,0.113526165485382,9,V,T,WIL_PLA,A,10,10,VAL,VAL,True
197,ThermoMPNN,WIL_PLA,0.0,9,V,V,WIL_PLA,A,10,10,VAL,VAL,True
198,ThermoMPNN,WIL_PLA,0.0361157655715942,9,V,W,WIL_PLA,A,10,10,VAL,VAL,True
199,ThermoMPNN,WIL_PLA,0.0953968167304992,9,V,Y,WIL_PLA,A,10,10,VAL,VAL,True
200,ThermoMPNN,WIL_PLA,0.0,10,A,A,WIL_PLA,A,11,11,ALA,ALA,True
201,ThermoMPNN,WIL_PLA,-0.1489167809486389,10,A,C,WIL_PLA,A,11,11,ALA,ALA,True
202,ThermoMPNN,WIL_PLA,0.3296178579330444,10,A,D,WIL_PLA,A,11,11,ALA,ALA,True
203,ThermoMPNN,WIL_PLA,0.2214817404747009,10,A,E,WIL_PLA,A,11,11,ALA,ALA,True
204,ThermoMPNN,WIL_PLA,0.0078508853912353,10,A,F,WIL_PLA,A,11,11,ALA,ALA,True
205,ThermoMPNN,WIL_PLA,0.3409560620784759,10,A,G,WIL_PLA,A,11,11,ALA,ALA,True
206,ThermoMPNN,WIL_PLA,0.1957340836524963,10,A,H,WIL_PLA,A,11,11,ALA,ALA,True
207,ThermoMPNN,WIL_PLA,-0.0846775770187377,10,A,I,WIL_PLA,A,11,11,ALA,ALA,True
208,ThermoMPNN,WIL_PLA,0.0275438427925109,10,A,K,WIL_PLA,A,11,11,ALA,ALA,True
209,ThermoMPNN,WIL_PLA,-0.0251228809356689,10,A,L,WIL_PLA,A,11,11,ALA,ALA,True
210,ThermoMPNN,WIL_PLA,0.0169231295585632,10,A,M,WIL_PLA,A,11,11,ALA,ALA,True
211,ThermoMPNN,WIL_PLA,0.218798816204071,10,A,N,WIL_PLA,A,11,11,ALA,ALA,True
212,ThermoMPNN,WIL_PLA,0.1648669242858886,10,A,P,WIL_PLA,A,11,11,ALA,ALA,True
213,ThermoMPNN,WIL_PLA,0.2000706195831298,10,A,Q,WIL_PLA,A,11,11,ALA,ALA,True
214,ThermoMPNN,WIL_PLA,0.0121655464172363,10,A,R,WIL_PLA,A,11,11,ALA,ALA,True
215,ThermoMPNN,WIL_PLA,0.1325743794441223,10,A,S,WIL_PLA,A,11,11,ALA,ALA,True
216,ThermoMPNN,WIL_PLA,0.0839192271232605,10,A,T,WIL_PLA,A,11,11,ALA,ALA,True
217,ThermoMPNN,WIL_PLA,-0.1302940845489502,10,A,V,WIL_PLA,A,11,11,ALA,ALA,True
218,ThermoMPNN,WIL_PLA,0.070565640926361,10,A,W,WIL_PLA,A,11,11,ALA,ALA,True
219,ThermoMPNN,WIL_PLA,0.1212174892425537,10,A,Y,WIL_PLA,A,11,11,ALA,ALA,True
220,ThermoMPNN,WIL_PLA,0.0,11,A,A,WIL_PLA,A,12,12,ALA,ALA,True
221,ThermoMPNN,WIL_PLA,-0.1749917268753051,11,A,C,WIL_PLA,A,12,12,ALA,ALA,True
222,ThermoMPNN,WIL_PLA,0.2809733152389526,11,A,D,WIL_PLA,A,12,12,ALA,ALA,True
223,ThermoMPNN,WIL_PLA,0.1347660422325134,11,A,E,WIL_PLA,A,12,12,ALA,ALA,True
224,ThermoMPNN,WIL_PLA,-0.0059227347373962,11,A,F,WIL_PLA,A,12,12,ALA,ALA,True
225,ThermoMPNN,WIL_PLA,0.2755801081657409,11,A,G,WIL_PLA,A,12,12,ALA,ALA,True
226,ThermoMPNN,WIL_PLA,0.0858530402183532,11,A,H,WIL_PLA,A,12,12,ALA,ALA,True
227,ThermoMPNN,WIL_PLA,-0.0213137865066528,11,A,I,WIL_PLA,A,12,12,ALA,ALA,True
228,ThermoMPNN,WIL_PLA,-0.1036052107810974,11,A,K,WIL_PLA,A,12,12,ALA,ALA,True
229,ThermoMPNN,WIL_PLA,-0.0367542505264282,11,A,L,WIL_PLA,A,12,12,ALA,ALA,True
230,ThermoMPNN,WIL_PLA,0.0151216983795166,11,A,M,WIL_PLA,A,12,12,ALA,ALA,True
231,ThermoMPNN,WIL_PLA,0.1174262762069702,11,A,N,WIL_PLA,A,12,12,ALA,ALA,True
232,ThermoMPNN,WIL_PLA,0.1811625957489013,11,A,P,WIL_PLA,A,12,12,ALA,ALA,True
233,ThermoMPNN,WIL_PLA,0.0922391414642334,11,A,Q,WIL_PLA,A,12,12,ALA,ALA,True
234,ThermoMPNN,WIL_PLA,-0.0929957032203674,11,A,R,WIL_PLA,A,12,12,ALA,ALA,True
235,ThermoMPNN,WIL_PLA,0.0583995580673217,11,A,S,WIL_PLA,A,12,12,ALA,ALA,True
236,ThermoMPNN,WIL_PLA,0.0057370662689208,11,A,T,WIL_PLA,A,12,12,ALA,ALA,True
237,ThermoMPNN,WIL_PLA,-0.0633734464645385,11,A,V,WIL_PLA,A,12,12,ALA,ALA,True
238,ThermoMPNN,WIL_PLA,0.0817046761512756,11,A,W,WIL_PLA,A,12,12,ALA,ALA,True
239,ThermoMPNN,WIL_PLA,0.096459150314331,11,A,Y,WIL_PLA,A,12,12,ALA,ALA,True
240,ThermoMPNN,WIL_PLA,0.2370351552963256,12,L,A,WIL_PLA,A,13,13,LEU,LEU,True
241,ThermoMPNN,WIL_PLA,-0.0939452052116394,12,L,C,WIL_PLA,A,13,13,LEU,LEU,True
242,ThermoMPNN,WIL_PLA,0.3444856405258178,12,L,D,WIL_PLA,A,13,13,LEU,LEU,True
243,ThermoMPNN,WIL_PLA,0.2651789784431457,12,L,E,WIL_PLA,A,13,13,LEU,LEU,True
244,ThermoMPNN,WIL_PLA,-0.1607115268707275,12,L,F,WIL_PLA,A,13,13,LEU,LEU,True
245,ThermoMPNN,WIL_PLA,0.5018060803413391,12,L,G,WIL_PLA,A,13,13,LEU,LEU,True
246,ThermoMPNN,WIL_PLA,0.1428694725036621,12,L,H,WIL_PLA,A,13,13,LEU,LEU,True
247,ThermoMPNN,WIL_PLA,-0.1379872560501098,12,L,I,WIL_PLA,A,13,13,LEU,LEU,True
248,ThermoMPNN,WIL_PLA,0.2609870433807373,12,L,K,WIL_PLA,A,13,13,LEU,LEU,True
249,ThermoMPNN,WIL_PLA,0.0,12,L,L,WIL_PLA,A,13,13,LEU,LEU,True
250,ThermoMPNN,WIL_PLA,0.1061718463897705,12,L,M,WIL_PLA,A,13,13,LEU,LEU,True
251,ThermoMPNN,WIL_PLA,0.3106576800346374,12,L,N,WIL_PLA,A,13,13,LEU,LEU,True
252,ThermoMPNN,WIL_PLA,0.5199523568153381,12,L,P,WIL_PLA,A,13,13,LEU,LEU,True
253,ThermoMPNN,WIL_PLA,0.3053534030914306,12,L,Q,WIL_PLA,A,13,13,LEU,LEU,True
254,ThermoMPNN,WIL_PLA,0.230031669139862,12,L,R,WIL_PLA,A,13,13,LEU,LEU,True
255,ThermoMPNN,WIL_PLA,0.2965697646141052,12,L,S,WIL_PLA,A,13,13,LEU,LEU,True
256,ThermoMPNN,WIL_PLA,0.1712878942489624,12,L,T,WIL_PLA,A,13,13,LEU,LEU,True
257,ThermoMPNN,WIL_PLA,-0.0373573899269104,12,L,V,WIL_PLA,A,13,13,LEU,LEU,True
258,ThermoMPNN,WIL_PLA,-0.1094430685043335,12,L,W,WIL_PLA,A,13,13,LEU,LEU,True
259,ThermoMPNN,WIL_PLA,-0.0734033584594726,12,L,Y,WIL_PLA,A,13,13,LEU,LEU,True
260,ThermoMPNN,WIL_PLA,0.0417937636375427,13,S,A,WIL_PLA,A,14,14,SER,SER,True
261,ThermoMPNN,WIL_PLA,-0.1729262471199035,13,S,C,WIL_PLA,A,14,14,SER,SER,True
262,ThermoMPNN,WIL_PLA,0.2837492823600769,13,S,D,WIL_PLA,A,14,14,SER,SER,True
263,ThermoMPNN,WIL_PLA,0.14314866065979,13,S,E,WIL_PLA,A,14,14,SER,SER,True
264,ThermoMPNN,WIL_PLA,-0.0549343228340148,13,S,F,WIL_PLA,A,14,14,SER,SER,True
265,ThermoMPNN,WIL_PLA,0.2030760049819946,13,S,G,WIL_PLA,A,14,14,SER,SER,True
266,ThermoMPNN,WIL_PLA,-9.435415267944336e-05,13,S,H,WIL_PLA,A,14,14,SER,SER,True
267,ThermoMPNN,WIL_PLA,-0.1343035697937011,13,S,I,WIL_PLA,A,14,14,SER,SER,True
268,ThermoMPNN,WIL_PLA,-0.1038202047348022,13,S,K,WIL_PLA,A,14,14,SER,SER,True
269,ThermoMPNN,WIL_PLA,-0.023741066455841,13,S,L,WIL_PLA,A,14,14,SER,SER,True
270,ThermoMPNN,WIL_PLA,0.0079429745674133,13,S,M,WIL_PLA,A,14,14,SER,SER,True
271,ThermoMPNN,WIL_PLA,0.0804981589317321,13,S,N,WIL_PLA,A,14,14,SER,SER,True
272,ThermoMPNN,WIL_PLA,0.1339353322982788,13,S,P,WIL_PLA,A,14,14,SER,SER,True
273,ThermoMPNN,WIL_PLA,0.0922158360481262,13,S,Q,WIL_PLA,A,14,14,SER,SER,True
274,ThermoMPNN,WIL_PLA,-0.1060971021652221,13,S,R,WIL_PLA,A,14,14,SER,SER,True
275,ThermoMPNN,WIL_PLA,0.0,13,S,S,WIL_PLA,A,14,14,SER,SER,True
276,ThermoMPNN,WIL_PLA,-0.0931432247161865,13,S,T,WIL_PLA,A,14,14,SER,SER,True
277,ThermoMPNN,WIL_PLA,-0.0792413353919982,13,S,V,WIL_PLA,A,14,14,SER,SER,True
278,ThermoMPNN,WIL_PLA,0.0822291374206543,13,S,W,WIL_PLA,A,14,14,SER,SER,True
279,ThermoMPNN,WIL_PLA,0.0287321209907531,13,S,Y,WIL_PLA,A,14,14,SER,SER,True
280,ThermoMPNN,WIL_PLA,0.1337549686431884,14,V,A,WIL_PLA,A,15,15,VAL,VAL,True
281,ThermoMPNN,WIL_PLA,-0.1378482580184936,14,V,C,WIL_PLA,A,15,15,VAL,VAL,True
282,ThermoMPNN,WIL_PLA,0.2514081001281738,14,V,D,WIL_PLA,A,15,15,VAL,VAL,True
283,ThermoMPNN,WIL_PLA,0.2769900560379028,14,V,E,WIL_PLA,A,15,15,VAL,VAL,True
284,ThermoMPNN,WIL_PLA,-0.0455146431922912,14,V,F,WIL_PLA,A,15,15,VAL,VAL,True
285,ThermoMPNN,WIL_PLA,0.2756757140159607,14,V,G,WIL_PLA,A,15,15,VAL,VAL,True
286,ThermoMPNN,WIL_PLA,0.1503127217292785,14,V,H,WIL_PLA,A,15,15,VAL,VAL,True
287,ThermoMPNN,WIL_PLA,0.0002172589302062,14,V,I,WIL_PLA,A,15,15,VAL,VAL,True
288,ThermoMPNN,WIL_PLA,0.2254066467285156,14,V,K,WIL_PLA,A,15,15,VAL,VAL,True
289,ThermoMPNN,WIL_PLA,-0.0204165577888488,14,V,L,WIL_PLA,A,15,15,VAL,VAL,True
290,ThermoMPNN,WIL_PLA,0.0746919512748718,14,V,M,WIL_PLA,A,15,15,VAL,VAL,True
291,ThermoMPNN,WIL_PLA,0.254941463470459,14,V,N,WIL_PLA,A,15,15,VAL,VAL,True
292,ThermoMPNN,WIL_PLA,0.167726993560791,14,V,P,WIL_PLA,A,15,15,VAL,VAL,True
293,ThermoMPNN,WIL_PLA,0.2881256937980652,14,V,Q,WIL_PLA,A,15,15,VAL,VAL,True
294,ThermoMPNN,WIL_PLA,0.1737163066864013,14,V,R,WIL_PLA,A,15,15,VAL,VAL,True
295,ThermoMPNN,WIL_PLA,0.2759708762168884,14,V,S,WIL_PLA,A,15,15,VAL,VAL,True
296,ThermoMPNN,WIL_PLA,0.188667893409729,14,V,T,WIL_PLA,A,15,15,VAL,VAL,True
297,ThermoMPNN,WIL_PLA,0.0,14,V,V,WIL_PLA,A,15,15,VAL,VAL,True
298,ThermoMPNN,WIL_PLA,0.0078180432319641,14,V,W,WIL_PLA,A,15,15,VAL,VAL,True
299,ThermoMPNN,WIL_PLA,0.0762160420417785,14,V,Y,WIL_PLA,A,15,15,VAL,VAL,True
300,ThermoMPNN,WIL_PLA,0.007740318775177,15,L,A,WIL_PLA,A,16,16,LEU,LEU,True
301,ThermoMPNN,WIL_PLA,-0.169586181640625,15,L,C,WIL_PLA,A,16,16,LEU,LEU,True
302,ThermoMPNN,WIL_PLA,0.0845422744750976,15,L,D,WIL_PLA,A,16,16,LEU,LEU,True
303,ThermoMPNN,WIL_PLA,0.1257017254829406,15,L,E,WIL_PLA,A,16,16,LEU,LEU,True
304,ThermoMPNN,WIL_PLA,-0.0699020624160766,15,L,F,WIL_PLA,A,16,16,LEU,LEU,True
305,ThermoMPNN,WIL_PLA,0.1131711602210998,15,L,G,WIL_PLA,A,16,16,LEU,LEU,True
306,ThermoMPNN,WIL_PLA,-0.0007261633872985,15,L,H,WIL_PLA,A,16,16,LEU,LEU,True
307,ThermoMPNN,WIL_PLA,0.0136049389839172,15,L,I,WIL_PLA,A,16,16,LEU,LEU,True
308,ThermoMPNN,WIL_PLA,0.0799313783645629,15,L,K,WIL_PLA,A,16,16,LEU,LEU,True
309,ThermoMPNN,WIL_PLA,0.0,15,L,L,WIL_PLA,A,16,16,LEU,LEU,True
310,ThermoMPNN,WIL_PLA,0.0815951228141784,15,L,M,WIL_PLA,A,16,16,LEU,LEU,True
311,ThermoMPNN,WIL_PLA,0.0724067091941833,15,L,N,WIL_PLA,A,16,16,LEU,LEU,True
312,ThermoMPNN,WIL_PLA,0.0439545512199401,15,L,P,WIL_PLA,A,16,16,LEU,LEU,True
313,ThermoMPNN,WIL_PLA,0.1415472030639648,15,L,Q,WIL_PLA,A,16,16,LEU,LEU,True
314,ThermoMPNN,WIL_PLA,0.0555664896965026,15,L,R,WIL_PLA,A,16,16,LEU,LEU,True
315,ThermoMPNN,WIL_PLA,0.0604780316352844,15,L,S,WIL_PLA,A,16,16,LEU,LEU,True
316,ThermoMPNN,WIL_PLA,0.0395532846450805,15,L,T,WIL_PLA,A,16,16,LEU,LEU,True
317,ThermoMPNN,WIL_PLA,0.0299248099327087,15,L,V,WIL_PLA,A,16,16,LEU,LEU,True
318,ThermoMPNN,WIL_PLA,0.0020616054534912,15,L,W,WIL_PLA,A,16,16,LEU,LEU,True
319,ThermoMPNN,WIL_PLA,0.0270731449127197,15,L,Y,WIL_PLA,A,16,16,LEU,LEU,True
320,ThermoMPNN,WIL_PLA,0.0,16,A,A,WIL_PLA,A,17,17,ALA,ALA,True
321,ThermoMPNN,WIL_PLA,-0.0545277595520019,16,A,C,WIL_PLA,A,17,17,ALA,ALA,True
322,ThermoMPNN,WIL_PLA,0.3913418054580688,16,A,D,WIL_PLA,A,17,17,ALA,ALA,True
323,ThermoMPNN,WIL_PLA,0.4217240214347839,16,A,E,WIL_PLA,A,17,17,ALA,ALA,True
324,ThermoMPNN,WIL_PLA,0.3357610702514648,16,A,F,WIL_PLA,A,17,17,ALA,ALA,True
325,ThermoMPNN,WIL_PLA,0.2301233410835266,16,A,G,WIL_PLA,A,17,17,ALA,ALA,True
326,ThermoMPNN,WIL_PLA,0.2668779492378235,16,A,H,WIL_PLA,A,17,17,ALA,ALA,True
327,ThermoMPNN,WIL_PLA,0.2423709034919738,16,A,I,WIL_PLA,A,17,17,ALA,ALA,True
328,ThermoMPNN,WIL_PLA,0.2916985154151916,16,A,K,WIL_PLA,A,17,17,ALA,ALA,True
329,ThermoMPNN,WIL_PLA,0.1740709543228149,16,A,L,WIL_PLA,A,17,17,ALA,ALA,True
330,ThermoMPNN,WIL_PLA,0.2436853647232055,16,A,M,WIL_PLA,A,17,17,ALA,ALA,True
331,ThermoMPNN,WIL_PLA,0.3006734848022461,16,A,N,WIL_PLA,A,17,17,ALA,ALA,True
332,ThermoMPNN,WIL_PLA,0.2484917640686035,16,A,P,WIL_PLA,A,17,17,ALA,ALA,True
333,ThermoMPNN,WIL_PLA,0.3106545805931091,16,A,Q,WIL_PLA,A,17,17,ALA,ALA,True
334,ThermoMPNN,WIL_PLA,0.2874689698219299,16,A,R,WIL_PLA,A,17,17,ALA,ALA,True
335,ThermoMPNN,WIL_PLA,0.2253455519676208,16,A,S,WIL_PLA,A,17,17,ALA,ALA,True
336,ThermoMPNN,WIL_PLA,0.297969102859497,16,A,T,WIL_PLA,A,17,17,ALA,ALA,True
337,ThermoMPNN,WIL_PLA,0.0492509603500366,16,A,V,WIL_PLA,A,17,17,ALA,ALA,True
338,ThermoMPNN,WIL_PLA,0.371753454208374,16,A,W,WIL_PLA,A,17,17,ALA,ALA,True
339,ThermoMPNN,WIL_PLA,0.3882596492767334,16,A,Y,WIL_PLA,A,17,17,ALA,ALA,True
340,ThermoMPNN,WIL_PLA,0.0040096044540405,17,H,A,WIL_PLA,A,18,18,HIS,HIS,True
341,ThermoMPNN,WIL_PLA,-0.1582897901535034,17,H,C,WIL_PLA,A,18,18,HIS,HIS,True
342,ThermoMPNN,WIL_PLA,0.3232436776161194,17,H,D,WIL_PLA,A,18,18,HIS,HIS,True
343,ThermoMPNN,WIL_PLA,0.2155866622924804,17,H,E,WIL_PLA,A,18,18,HIS,HIS,True
344,ThermoMPNN,WIL_PLA,-0.0623375177383422,17,H,F,WIL_PLA,A,18,18,HIS,HIS,True
345,ThermoMPNN,WIL_PLA,0.1765896081924438,17,H,G,WIL_PLA,A,18,18,HIS,HIS,True
346,ThermoMPNN,WIL_PLA,0.0,17,H,H,WIL_PLA,A,18,18,HIS,HIS,True
347,ThermoMPNN,WIL_PLA,-0.0334388017654418,17,H,I,WIL_PLA,A,18,18,HIS,HIS,True
348,ThermoMPNN,WIL_PLA,-0.0103344321250915,17,H,K,WIL_PLA,A,18,18,HIS,HIS,True
349,ThermoMPNN,WIL_PLA,0.0011147856712341,17,H,L,WIL_PLA,A,18,18,HIS,HIS,True
350,ThermoMPNN,WIL_PLA,0.0580558776855468,17,H,M,WIL_PLA,A,18,18,HIS,HIS,True
351,ThermoMPNN,WIL_PLA,0.1576842069625854,17,H,N,WIL_PLA,A,18,18,HIS,HIS,True
352,ThermoMPNN,WIL_PLA,-0.005305528640747,17,H,P,WIL_PLA,A,18,18,HIS,HIS,True
353,ThermoMPNN,WIL_PLA,0.1133541464805603,17,H,Q,WIL_PLA,A,18,18,HIS,HIS,True
354,ThermoMPNN,WIL_PLA,-0.0141682624816894,17,H,R,WIL_PLA,A,18,18,HIS,HIS,True
355,ThermoMPNN,WIL_PLA,0.1042647957801818,17,H,S,WIL_PLA,A,18,18,HIS,HIS,True
356,ThermoMPNN,WIL_PLA,0.0508754849433898,17,H,T,WIL_PLA,A,18,18,HIS,HIS,True
357,ThermoMPNN,WIL_PLA,-0.0220844745635986,17,H,V,WIL_PLA,A,18,18,HIS,HIS,True
358,ThermoMPNN,WIL_PLA,0.0199049115180969,17,H,W,WIL_PLA,A,18,18,HIS,HIS,True
359,ThermoMPNN,WIL_PLA,-0.0007485151290893,17,H,Y,WIL_PLA,A,18,18,HIS,HIS,True
360,ThermoMPNN,WIL_PLA,0.0,18,A,A,WIL_PLA,A,19,19,ALA,ALA,True
361,ThermoMPNN,WIL_PLA,-0.1861866116523742,18,A,C,WIL_PLA,A,19,19,ALA,ALA,True
362,ThermoMPNN,WIL_PLA,0.0668998956680297,18,A,D,WIL_PLA,A,19,19,ALA,ALA,True
363,ThermoMPNN,WIL_PLA,0.124282419681549,18,A,E,WIL_PLA,A,19,19,ALA,ALA,True
364,ThermoMPNN,WIL_PLA,0.0712873339653015,18,A,F,WIL_PLA,A,19,19,ALA,ALA,True
365,ThermoMPNN,WIL_PLA,0.1207343935966491,18,A,G,WIL_PLA,A,19,19,ALA,ALA,True
366,ThermoMPNN,WIL_PLA,0.0905011296272277,18,A,H,WIL_PLA,A,19,19,ALA,ALA,True
367,ThermoMPNN,WIL_PLA,0.0060049891471862,18,A,I,WIL_PLA,A,19,19,ALA,ALA,True
368,ThermoMPNN,WIL_PLA,0.160274863243103,18,A,K,WIL_PLA,A,19,19,ALA,ALA,True
369,ThermoMPNN,WIL_PLA,-0.0367425084114074,18,A,L,WIL_PLA,A,19,19,ALA,ALA,True
370,ThermoMPNN,WIL_PLA,0.0731123685836792,18,A,M,WIL_PLA,A,19,19,ALA,ALA,True
371,ThermoMPNN,WIL_PLA,0.1165460348129272,18,A,N,WIL_PLA,A,19,19,ALA,ALA,True
372,ThermoMPNN,WIL_PLA,0.1022862792015075,18,A,P,WIL_PLA,A,19,19,ALA,ALA,True
373,ThermoMPNN,WIL_PLA,0.1308913230895996,18,A,Q,WIL_PLA,A,19,19,ALA,ALA,True
374,ThermoMPNN,WIL_PLA,0.1660292148590088,18,A,R,WIL_PLA,A,19,19,ALA,ALA,True
375,ThermoMPNN,WIL_PLA,0.1453568339347839,18,A,S,WIL_PLA,A,19,19,ALA,ALA,True
376,ThermoMPNN,WIL_PLA,0.1325947642326355,18,A,T,WIL_PLA,A,19,19,ALA,ALA,True
377,ThermoMPNN,WIL_PLA,-0.0395153760910034,18,A,V,WIL_PLA,A,19,19,ALA,ALA,True
378,ThermoMPNN,WIL_PLA,0.1198951005935669,18,A,W,WIL_PLA,A,19,19,ALA,ALA,True
379,ThermoMPNN,WIL_PLA,0.1682400703430175,18,A,Y,WIL_PLA,A,19,19,ALA,ALA,True
380,ThermoMPNN,WIL_PLA,0.0,19,A,A,WIL_PLA,A,20,20,ALA,ALA,True
381,ThermoMPNN,WIL_PLA,-0.0950777530670166,19,A,C,WIL_PLA,A,20,20,ALA,ALA,True
382,ThermoMPNN,WIL_PLA,0.1864920854568481,19,A,D,WIL_PLA,A,20,20,ALA,ALA,True
383,ThermoMPNN,WIL_PLA,0.1685656905174255,19,A,E,WIL_PLA,A,20,20,ALA,ALA,True
384,ThermoMPNN,WIL_PLA,0.0844804048538208,19,A,F,WIL_PLA,A,20,20,ALA,ALA,True
385,ThermoMPNN,WIL_PLA,0.2176945209503173,19,A,G,WIL_PLA,A,20,20,ALA,ALA,True
386,ThermoMPNN,WIL_PLA,0.0816711783409118,19,A,H,WIL_PLA,A,20,20,ALA,ALA,True
387,ThermoMPNN,WIL_PLA,0.0568693280220031,19,A,I,WIL_PLA,A,20,20,ALA,ALA,True
388,ThermoMPNN,WIL_PLA,0.0294095277786254,19,A,K,WIL_PLA,A,20,20,ALA,ALA,True
389,ThermoMPNN,WIL_PLA,0.0442124605178833,19,A,L,WIL_PLA,A,20,20,ALA,ALA,True
390,ThermoMPNN,WIL_PLA,0.1528070569038391,19,A,M,WIL_PLA,A,20,20,ALA,ALA,True
391,ThermoMPNN,WIL_PLA,0.1519140005111694,19,A,N,WIL_PLA,A,20,20,ALA,ALA,True
392,ThermoMPNN,WIL_PLA,0.1399981379508972,19,A,P,WIL_PLA,A,20,20,ALA,ALA,True
393,ThermoMPNN,WIL_PLA,0.1381714940071106,19,A,Q,WIL_PLA,A,20,20,ALA,ALA,True
394,ThermoMPNN,WIL_PLA,0.0561199784278869,19,A,R,WIL_PLA,A,20,20,ALA,ALA,True
395,ThermoMPNN,WIL_PLA,0.1402373313903808,19,A,S,WIL_PLA,A,20,20,ALA,ALA,True
396,ThermoMPNN,WIL_PLA,0.1849632859230041,19,A,T,WIL_PLA,A,20,20,ALA,ALA,True
397,ThermoMPNN,WIL_PLA,0.0207249522209167,19,A,V,WIL_PLA,A,20,20,ALA,ALA,True
398,ThermoMPNN,WIL_PLA,0.1414086818695068,19,A,W,WIL_PLA,A,20,20,ALA,ALA,True
399,ThermoMPNN,WIL_PLA,0.1324023008346557,19,A,Y,WIL_PLA,A,20,20,ALA,ALA,True
400,ThermoMPNN,WIL_PLA,0.2001318931579589,20,P,A,WIL_PLA,A,21,21,PRO,PRO,True
401,ThermoMPNN,WIL_PLA,0.1393913030624389,20,P,C,WIL_PLA,A,21,21,PRO,PRO,True
402,ThermoMPNN,WIL_PLA,0.3725045919418335,20,P,D,WIL_PLA,A,21,21,PRO,PRO,True
403,ThermoMPNN,WIL_PLA,0.400905430316925,20,P,E,WIL_PLA,A,21,21,PRO,PRO,True
404,ThermoMPNN,WIL_PLA,0.3163877725601196,20,P,F,WIL_PLA,A,21,21,PRO,PRO,True
405,ThermoMPNN,WIL_PLA,0.4597929120063782,20,P,G,WIL_PLA,A,21,21,PRO,PRO,True
406,ThermoMPNN,WIL_PLA,0.3429404497146606,20,P,H,WIL_PLA,A,21,21,PRO,PRO,True
407,ThermoMPNN,WIL_PLA,0.3177139163017273,20,P,I,WIL_PLA,A,21,21,PRO,PRO,True
408,ThermoMPNN,WIL_PLA,0.3000639081001282,20,P,K,WIL_PLA,A,21,21,PRO,PRO,True
409,ThermoMPNN,WIL_PLA,0.2311829924583435,20,P,L,WIL_PLA,A,21,21,PRO,PRO,True
410,ThermoMPNN,WIL_PLA,0.2890626788139343,20,P,M,WIL_PLA,A,21,21,PRO,PRO,True
411,ThermoMPNN,WIL_PLA,0.3825005888938904,20,P,N,WIL_PLA,A,21,21,PRO,PRO,True
412,ThermoMPNN,WIL_PLA,0.0,20,P,P,WIL_PLA,A,21,21,PRO,PRO,True
413,ThermoMPNN,WIL_PLA,0.3506394028663635,20,P,Q,WIL_PLA,A,21,21,PRO,PRO,True
414,ThermoMPNN,WIL_PLA,0.3233222961425781,20,P,R,WIL_PLA,A,21,21,PRO,PRO,True
415,ThermoMPNN,WIL_PLA,0.3591454029083252,20,P,S,WIL_PLA,A,21,21,PRO,PRO,True
416,ThermoMPNN,WIL_PLA,0.4000690579414367,20,P,T,WIL_PLA,A,21,21,PRO,PRO,True
417,ThermoMPNN,WIL_PLA,0.3270083665847778,20,P,V,WIL_PLA,A,21,21,PRO,PRO,True
418,ThermoMPNN,WIL_PLA,0.3178709745407104,20,P,W,WIL_PLA,A,21,21,PRO,PRO,True
419,ThermoMPNN,WIL_PLA,0.3207655549049377,20,P,Y,WIL_PLA,A,21,21,PRO,PRO,True
420,ThermoMPNN,WIL_PLA,0.0,21,A,A,WIL_PLA,A,22,22,ALA,ALA,True
421,ThermoMPNN,WIL_PLA,-0.0347785949707031,21,A,C,WIL_PLA,A,22,22,ALA,ALA,True
422,ThermoMPNN,WIL_PLA,0.1808694005012512,21,A,D,WIL_PLA,A,22,22,ALA,ALA,True
423,ThermoMPNN,WIL_PLA,0.2454282641410827,21,A,E,WIL_PLA,A,22,22,ALA,ALA,True
424,ThermoMPNN,WIL_PLA,0.168436050415039,21,A,F,WIL_PLA,A,22,22,ALA,ALA,True
425,ThermoMPNN,WIL_PLA,0.3005977272987366,21,A,G,WIL_PLA,A,22,22,ALA,ALA,True
426,ThermoMPNN,WIL_PLA,0.158277690410614,21,A,H,WIL_PLA,A,22,22,ALA,ALA,True
427,ThermoMPNN,WIL_PLA,0.1679463386535644,21,A,I,WIL_PLA,A,22,22,ALA,ALA,True
428,ThermoMPNN,WIL_PLA,0.0468411445617675,21,A,K,WIL_PLA,A,22,22,ALA,ALA,True
429,ThermoMPNN,WIL_PLA,0.1079986095428466,21,A,L,WIL_PLA,A,22,22,ALA,ALA,True
430,ThermoMPNN,WIL_PLA,0.2420642375946045,21,A,M,WIL_PLA,A,22,22,ALA,ALA,True
431,ThermoMPNN,WIL_PLA,0.2051011323928833,21,A,N,WIL_PLA,A,22,22,ALA,ALA,True
432,ThermoMPNN,WIL_PLA,-0.0085114240646362,21,A,P,WIL_PLA,A,22,22,ALA,ALA,True
433,ThermoMPNN,WIL_PLA,0.2021542191505432,21,A,Q,WIL_PLA,A,22,22,ALA,ALA,True
434,ThermoMPNN,WIL_PLA,0.0975854396820068,21,A,R,WIL_PLA,A,22,22,ALA,ALA,True
435,ThermoMPNN,WIL_PLA,0.1356866955757141,21,A,S,WIL_PLA,A,22,22,ALA,ALA,True
436,ThermoMPNN,WIL_PLA,0.2411925792694091,21,A,T,WIL_PLA,A,22,22,ALA,ALA,True
437,ThermoMPNN,WIL_PLA,0.143264353275299,21,A,V,WIL_PLA,A,22,22,ALA,ALA,True
438,ThermoMPNN,WIL_PLA,0.1855406761169433,21,A,W,WIL_PLA,A,22,22,ALA,ALA,True
439,ThermoMPNN,WIL_PLA,0.2025356888771057,21,A,Y,WIL_PLA,A,22,22,ALA,ALA,True
440,ThermoMPNN,WIL_PLA,0.2002933025360107,22,P,A,WIL_PLA,A,23,23,PRO,PRO,True
441,ThermoMPNN,WIL_PLA,0.1386435627937317,22,P,C,WIL_PLA,A,23,23,PRO,PRO,True
442,ThermoMPNN,WIL_PLA,0.3834927082061767,22,P,D,WIL_PLA,A,23,23,PRO,PRO,True
443,ThermoMPNN,WIL_PLA,0.4744598865509033,22,P,E,WIL_PLA,A,23,23,PRO,PRO,True
444,ThermoMPNN,WIL_PLA,0.3736816048622131,22,P,F,WIL_PLA,A,23,23,PRO,PRO,True
445,ThermoMPNN,WIL_PLA,0.4763158559799194,22,P,G,WIL_PLA,A,23,23,PRO,PRO,True
446,ThermoMPNN,WIL_PLA,0.3922567963600158,22,P,H,WIL_PLA,A,23,23,PRO,PRO,True
447,ThermoMPNN,WIL_PLA,0.3671922087669372,22,P,I,WIL_PLA,A,23,23,PRO,PRO,True
448,ThermoMPNN,WIL_PLA,0.3412044644355774,22,P,K,WIL_PLA,A,23,23,PRO,PRO,True
449,ThermoMPNN,WIL_PLA,0.2569250464439392,22,P,L,WIL_PLA,A,23,23,PRO,PRO,True
450,ThermoMPNN,WIL_PLA,0.3431141972541809,22,P,M,WIL_PLA,A,23,23,PRO,PRO,True
451,ThermoMPNN,WIL_PLA,0.404657244682312,22,P,N,WIL_PLA,A,23,23,PRO,PRO,True
452,ThermoMPNN,WIL_PLA,0.0,22,P,P,WIL_PLA,A,23,23,PRO,PRO,True
453,ThermoMPNN,WIL_PLA,0.3969448804855346,22,P,Q,WIL_PLA,A,23,23,PRO,PRO,True
454,ThermoMPNN,WIL_PLA,0.3814752101898193,22,P,R,WIL_PLA,A,23,23,PRO,PRO,True
455,ThermoMPNN,WIL_PLA,0.3683188557624817,22,P,S,WIL_PLA,A,23,23,PRO,PRO,True
456,ThermoMPNN,WIL_PLA,0.428169846534729,22,P,T,WIL_PLA,A,23,23,PRO,PRO,True
457,ThermoMPNN,WIL_PLA,0.3497830033302307,22,P,V,WIL_PLA,A,23,23,PRO,PRO,True
458,ThermoMPNN,WIL_PLA,0.3862850069999695,22,P,W,WIL_PLA,A,23,23,PRO,PRO,True
459,ThermoMPNN,WIL_PLA,0.3997656106948852,22,P,Y,WIL_PLA,A,23,23,PRO,PRO,True
460,ThermoMPNN,WIL_PLA,0.0,23,A,A,WIL_PLA,A,24,24,ALA,ALA,True
461,ThermoMPNN,WIL_PLA,-0.0494019985198974,23,A,C,WIL_PLA,A,24,24,ALA,ALA,True
462,ThermoMPNN,WIL_PLA,0.1415380835533142,23,A,D,WIL_PLA,A,24,24,ALA,ALA,True
463,ThermoMPNN,WIL_PLA,0.221071183681488,23,A,E,WIL_PLA,A,24,24,ALA,ALA,True
464,ThermoMPNN,WIL_PLA,0.1673926711082458,23,A,F,WIL_PLA,A,24,24,ALA,ALA,True
465,ThermoMPNN,WIL_PLA,0.288597047328949,23,A,G,WIL_PLA,A,24,24,ALA,ALA,True
466,ThermoMPNN,WIL_PLA,0.1333812475204467,23,A,H,WIL_PLA,A,24,24,ALA,ALA,True
467,ThermoMPNN,WIL_PLA,0.2000336050987243,23,A,I,WIL_PLA,A,24,24,ALA,ALA,True
468,ThermoMPNN,WIL_PLA,0.0486834049224853,23,A,K,WIL_PLA,A,24,24,ALA,ALA,True
469,ThermoMPNN,WIL_PLA,0.1098514795303344,23,A,L,WIL_PLA,A,24,24,ALA,ALA,True
470,ThermoMPNN,WIL_PLA,0.2509798407554626,23,A,M,WIL_PLA,A,24,24,ALA,ALA,True
471,ThermoMPNN,WIL_PLA,0.1765192151069641,23,A,N,WIL_PLA,A,24,24,ALA,ALA,True
472,ThermoMPNN,WIL_PLA,-0.101491093635559,23,A,P,WIL_PLA,A,24,24,ALA,ALA,True
473,ThermoMPNN,WIL_PLA,0.1663379669189453,23,A,Q,WIL_PLA,A,24,24,ALA,ALA,True
474,ThermoMPNN,WIL_PLA,0.1244244575500488,23,A,R,WIL_PLA,A,24,24,ALA,ALA,True
475,ThermoMPNN,WIL_PLA,0.1220775842666626,23,A,S,WIL_PLA,A,24,24,ALA,ALA,True
476,ThermoMPNN,WIL_PLA,0.2108926773071289,23,A,T,WIL_PLA,A,24,24,ALA,ALA,True
477,ThermoMPNN,WIL_PLA,0.1456924676895141,23,A,V,WIL_PLA,A,24,24,ALA,ALA,True
478,ThermoMPNN,WIL_PLA,0.2110995054244995,23,A,W,WIL_PLA,A,24,24,ALA,ALA,True
479,ThermoMPNN,WIL_PLA,0.2059541344642639,23,A,Y,WIL_PLA,A,24,24,ALA,ALA,True
480,ThermoMPNN,WIL_PLA,0.1551504731178283,24,P,A,WIL_PLA,A,25,25,PRO,PRO,True
481,ThermoMPNN,WIL_PLA,0.1425433158874511,24,P,C,WIL_PLA,A,25,25,PRO,PRO,True
482,ThermoMPNN,WIL_PLA,0.4236826300621032,24,P,D,WIL_PLA,A,25,25,PRO,PRO,True
483,ThermoMPNN,WIL_PLA,0.4544048905372619,24,P,E,WIL_PLA,A,25,25,PRO,PRO,True
484,ThermoMPNN,WIL_PLA,0.3146355152130127,24,P,F,WIL_PLA,A,25,25,PRO,PRO,True
485,ThermoMPNN,WIL_PLA,0.4537373781204223,24,P,G,WIL_PLA,A,25,25,PRO,PRO,True
486,ThermoMPNN,WIL_PLA,0.2931628227233886,24,P,H,WIL_PLA,A,25,25,PRO,PRO,True
487,ThermoMPNN,WIL_PLA,0.3195897936820984,24,P,I,WIL_PLA,A,25,25,PRO,PRO,True
488,ThermoMPNN,WIL_PLA,0.207084059715271,24,P,K,WIL_PLA,A,25,25,PRO,PRO,True
489,ThermoMPNN,WIL_PLA,0.2762638330459595,24,P,L,WIL_PLA,A,25,25,PRO,PRO,True
490,ThermoMPNN,WIL_PLA,0.3492834568023681,24,P,M,WIL_PLA,A,25,25,PRO,PRO,True
491,ThermoMPNN,WIL_PLA,0.3757947087287903,24,P,N,WIL_PLA,A,25,25,PRO,PRO,True
492,ThermoMPNN,WIL_PLA,0.0,24,P,P,WIL_PLA,A,25,25,PRO,PRO,True
493,ThermoMPNN,WIL_PLA,0.3207924365997314,24,P,Q,WIL_PLA,A,25,25,PRO,PRO,True
494,ThermoMPNN,WIL_PLA,0.2608895897865295,24,P,R,WIL_PLA,A,25,25,PRO,PRO,True
495,ThermoMPNN,WIL_PLA,0.3128677606582641,24,P,S,WIL_PLA,A,25,25,PRO,PRO,True
496,ThermoMPNN,WIL_PLA,0.3753919005393982,24,P,T,WIL_PLA,A,25,25,PRO,PRO,True
497,ThermoMPNN,WIL_PLA,0.2902524471282959,24,P,V,WIL_PLA,A,25,25,PRO,PRO,True
498,ThermoMPNN,WIL_PLA,0.3729698061943054,24,P,W,WIL_PLA,A,25,25,PRO,PRO,True
499,ThermoMPNN,WIL_PLA,0.3133746385574341,24,P,Y,WIL_PLA,A,25,25,PRO,PRO,True
500,ThermoMPNN,WIL_PLA,-0.0885392427444458,25,M,A,WIL_PLA,A,26,26,MET,MET,True
501,ThermoMPNN,WIL_PLA,-0.167714238166809,25,M,C,WIL_PLA,A,26,26,MET,MET,True
502,ThermoMPNN,WIL_PLA,0.1411620378494262,25,M,D,WIL_PLA,A,26,26,MET,MET,True
503,ThermoMPNN,WIL_PLA,0.1005871295928955,25,M,E,WIL_PLA,A,26,26,MET,MET,True
504,ThermoMPNN,WIL_PLA,-0.0634406805038452,25,M,F,WIL_PLA,A,26,26,MET,MET,True
505,ThermoMPNN,WIL_PLA,0.0818474888801574,25,M,G,WIL_PLA,A,26,26,MET,MET,True
506,ThermoMPNN,WIL_PLA,-0.0241246223449707,25,M,H,WIL_PLA,A,26,26,MET,MET,True
507,ThermoMPNN,WIL_PLA,-0.0904377698898315,25,M,I,WIL_PLA,A,26,26,MET,MET,True
508,ThermoMPNN,WIL_PLA,-0.1509673595428466,25,M,K,WIL_PLA,A,26,26,MET,MET,True
509,ThermoMPNN,WIL_PLA,-0.0589674115180969,25,M,L,WIL_PLA,A,26,26,MET,MET,True
510,ThermoMPNN,WIL_PLA,0.0,25,M,M,WIL_PLA,A,26,26,MET,MET,True
511,ThermoMPNN,WIL_PLA,0.0555387139320373,25,M,N,WIL_PLA,A,26,26,MET,MET,True
512,ThermoMPNN,WIL_PLA,-0.0508919954299926,25,M,P,WIL_PLA,A,26,26,MET,MET,True
513,ThermoMPNN,WIL_PLA,0.001038908958435,25,M,Q,WIL_PLA,A,26,26,MET,MET,True
514,ThermoMPNN,WIL_PLA,-0.1114222407341003,25,M,R,WIL_PLA,A,26,26,MET,MET,True
515,ThermoMPNN,WIL_PLA,-0.0089315176010131,25,M,S,WIL_PLA,A,26,26,MET,MET,True
516,ThermoMPNN,WIL_PLA,-0.0357742309570312,25,M,T,WIL_PLA,A,26,26,MET,MET,True
517,ThermoMPNN,WIL_PLA,-0.0129258632659912,25,M,V,WIL_PLA,A,26,26,MET,MET,True
518,ThermoMPNN,WIL_PLA,0.0025552511215209,25,M,W,WIL_PLA,A,26,26,MET,MET,True
519,ThermoMPNN,WIL_PLA,-0.0227977037429809,25,M,Y,WIL_PLA,A,26,26,MET,MET,True
520,ThermoMPNN,WIL_PLA,-0.0632165074348449,26,Q,A,WIL_PLA,A,27,27,GLN,GLN,True
521,ThermoMPNN,WIL_PLA,-0.1545988321304321,26,Q,C,WIL_PLA,A,27,27,GLN,GLN,True
522,ThermoMPNN,WIL_PLA,-0.0301175713539123,26,Q,D,WIL_PLA,A,27,27,GLN,GLN,True
523,ThermoMPNN,WIL_PLA,-0.0064162015914916,26,Q,E,WIL_PLA,A,27,27,GLN,GLN,True
524,ThermoMPNN,WIL_PLA,0.0951502919197082,26,Q,F,WIL_PLA,A,27,27,GLN,GLN,True
525,ThermoMPNN,WIL_PLA,0.1175575256347656,26,Q,G,WIL_PLA,A,27,27,GLN,GLN,True
526,ThermoMPNN,WIL_PLA,0.0252690911293029,26,Q,H,WIL_PLA,A,27,27,GLN,GLN,True
527,ThermoMPNN,WIL_PLA,0.0463959574699401,26,Q,I,WIL_PLA,A,27,27,GLN,GLN,True
528,ThermoMPNN,WIL_PLA,0.0607028603553772,26,Q,K,WIL_PLA,A,27,27,GLN,GLN,True
529,ThermoMPNN,WIL_PLA,0.0030192136764526,26,Q,L,WIL_PLA,A,27,27,GLN,GLN,True
530,ThermoMPNN,WIL_PLA,0.1276077032089233,26,Q,M,WIL_PLA,A,27,27,GLN,GLN,True
531,ThermoMPNN,WIL_PLA,0.0791816115379333,26,Q,N,WIL_PLA,A,27,27,GLN,GLN,True
532,ThermoMPNN,WIL_PLA,-0.0618258118629455,26,Q,P,WIL_PLA,A,27,27,GLN,GLN,True
533,ThermoMPNN,WIL_PLA,0.0,26,Q,Q,WIL_PLA,A,27,27,GLN,GLN,True
534,ThermoMPNN,WIL_PLA,0.1358463764190673,26,Q,R,WIL_PLA,A,27,27,GLN,GLN,True
535,ThermoMPNN,WIL_PLA,0.0399292707443237,26,Q,S,WIL_PLA,A,27,27,GLN,GLN,True
536,ThermoMPNN,WIL_PLA,0.0889386534690857,26,Q,T,WIL_PLA,A,27,27,GLN,GLN,True
537,ThermoMPNN,WIL_PLA,0.0232322216033935,26,Q,V,WIL_PLA,A,27,27,GLN,GLN,True
538,ThermoMPNN,WIL_PLA,0.1027960181236267,26,Q,W,WIL_PLA,A,27,27,GLN,GLN,True
539,ThermoMPNN,WIL_PLA,0.1678592562675476,26,Q,Y,WIL_PLA,A,27,27,GLN,GLN,True
540,ThermoMPNN,WIL_PLA,0.5276839733123779,27,R,A,WIL_PLA,A,28,28,ARG,ARG,True
541,ThermoMPNN,WIL_PLA,0.4539234638214111,27,R,C,WIL_PLA,A,28,28,ARG,ARG,True
542,ThermoMPNN,WIL_PLA,1.1016981601715088,27,R,D,WIL_PLA,A,28,28,ARG,ARG,True
543,ThermoMPNN,WIL_PLA,0.9981175661087036,27,R,E,WIL_PLA,A,28,28,ARG,ARG,True
544,ThermoMPNN,WIL_PLA,0.6590541005134583,27,R,F,WIL_PLA,A,28,28,ARG,ARG,True
545,ThermoMPNN,WIL_PLA,0.7752676010131836,27,R,G,WIL_PLA,A,28,28,ARG,ARG,True
546,ThermoMPNN,WIL_PLA,0.503840982913971,27,R,H,WIL_PLA,A,28,28,ARG,ARG,True
547,ThermoMPNN,WIL_PLA,0.4699124693870544,27,R,I,WIL_PLA,A,28,28,ARG,ARG,True
548,ThermoMPNN,WIL_PLA,0.0320944786071777,27,R,K,WIL_PLA,A,28,28,ARG,ARG,True
549,ThermoMPNN,WIL_PLA,0.5348559617996216,27,R,L,WIL_PLA,A,28,28,ARG,ARG,True
550,ThermoMPNN,WIL_PLA,0.6233783960342407,27,R,M,WIL_PLA,A,28,28,ARG,ARG,True
551,ThermoMPNN,WIL_PLA,0.6420573592185974,27,R,N,WIL_PLA,A,28,28,ARG,ARG,True
552,ThermoMPNN,WIL_PLA,0.6340993642807007,27,R,P,WIL_PLA,A,28,28,ARG,ARG,True
553,ThermoMPNN,WIL_PLA,0.6296848654747009,27,R,Q,WIL_PLA,A,28,28,ARG,ARG,True
554,ThermoMPNN,WIL_PLA,0.0,27,R,R,WIL_PLA,A,28,28,ARG,ARG,True
555,ThermoMPNN,WIL_PLA,0.6186416149139404,27,R,S,WIL_PLA,A,28,28,ARG,ARG,True
556,ThermoMPNN,WIL_PLA,0.6075016856193542,27,R,T,WIL_PLA,A,28,28,ARG,ARG,True
557,ThermoMPNN,WIL_PLA,0.6352205872535706,27,R,V,WIL_PLA,A,28,28,ARG,ARG,True
558,ThermoMPNN,WIL_PLA,0.7796879410743713,27,R,W,WIL_PLA,A,28,28,ARG,ARG,True
559,ThermoMPNN,WIL_PLA,0.5781211853027344,27,R,Y,WIL_PLA,A,28,28,ARG,ARG,True
560,ThermoMPNN,WIL_PLA,0.0354183316230773,28,R,A,WIL_PLA,A,29,29,ARG,ARG,True
561,ThermoMPNN,WIL_PLA,-0.1063048243522644,28,R,C,WIL_PLA,A,29,29,ARG,ARG,True
562,ThermoMPNN,WIL_PLA,0.2959043979644775,28,R,D,WIL_PLA,A,29,29,ARG,ARG,True
563,ThermoMPNN,WIL_PLA,0.1971903443336486,28,R,E,WIL_PLA,A,29,29,ARG,ARG,True
564,ThermoMPNN,WIL_PLA,0.1181510090827941,28,R,F,WIL_PLA,A,29,29,ARG,ARG,True
565,ThermoMPNN,WIL_PLA,0.3040435910224914,28,R,G,WIL_PLA,A,29,29,ARG,ARG,True
566,ThermoMPNN,WIL_PLA,0.0159425735473632,28,R,H,WIL_PLA,A,29,29,ARG,ARG,True
567,ThermoMPNN,WIL_PLA,-0.0619162917137146,28,R,I,WIL_PLA,A,29,29,ARG,ARG,True
568,ThermoMPNN,WIL_PLA,-0.0076864361763,28,R,K,WIL_PLA,A,29,29,ARG,ARG,True
569,ThermoMPNN,WIL_PLA,0.0146914720535278,28,R,L,WIL_PLA,A,29,29,ARG,ARG,True
570,ThermoMPNN,WIL_PLA,0.0921329259872436,28,R,M,WIL_PLA,A,29,29,ARG,ARG,True
571,ThermoMPNN,WIL_PLA,0.1735482215881347,28,R,N,WIL_PLA,A,29,29,ARG,ARG,True
572,ThermoMPNN,WIL_PLA,0.265001893043518,28,R,P,WIL_PLA,A,29,29,ARG,ARG,True
573,ThermoMPNN,WIL_PLA,0.081430435180664,28,R,Q,WIL_PLA,A,29,29,ARG,ARG,True
574,ThermoMPNN,WIL_PLA,0.0,28,R,R,WIL_PLA,A,29,29,ARG,ARG,True
575,ThermoMPNN,WIL_PLA,0.0256707668304443,28,R,S,WIL_PLA,A,29,29,ARG,ARG,True
576,ThermoMPNN,WIL_PLA,-0.0748944878578186,28,R,T,WIL_PLA,A,29,29,ARG,ARG,True
577,ThermoMPNN,WIL_PLA,-0.1642366051673889,28,R,V,WIL_PLA,A,29,29,ARG,ARG,True
578,ThermoMPNN,WIL_PLA,0.1867408752441406,28,R,W,WIL_PLA,A,29,29,ARG,ARG,True
579,ThermoMPNN,WIL_PLA,0.1045677661895752,28,R,Y,WIL_PLA,A,29,29,ARG,ARG,True
580,ThermoMPNN,WIL_PLA,0.177431583404541,29,D,A,WIL_PLA,A,30,30,ASP,ASP,True
581,ThermoMPNN,WIL_PLA,0.0840269327163696,29,D,C,WIL_PLA,A,30,30,ASP,ASP,True
582,ThermoMPNN,WIL_PLA,0.0,29,D,D,WIL_PLA,A,30,30,ASP,ASP,True
583,ThermoMPNN,WIL_PLA,0.0341808199882507,29,D,E,WIL_PLA,A,30,30,ASP,ASP,True
584,ThermoMPNN,WIL_PLA,0.4930176734924316,29,D,F,WIL_PLA,A,30,30,ASP,ASP,True
585,ThermoMPNN,WIL_PLA,0.5633797645568848,29,D,G,WIL_PLA,A,30,30,ASP,ASP,True
586,ThermoMPNN,WIL_PLA,0.2324760556221008,29,D,H,WIL_PLA,A,30,30,ASP,ASP,True
587,ThermoMPNN,WIL_PLA,0.3700536489486694,29,D,I,WIL_PLA,A,30,30,ASP,ASP,True
588,ThermoMPNN,WIL_PLA,0.5292116403579712,29,D,K,WIL_PLA,A,30,30,ASP,ASP,True
589,ThermoMPNN,WIL_PLA,0.4088029265403747,29,D,L,WIL_PLA,A,30,30,ASP,ASP,True
590,ThermoMPNN,WIL_PLA,0.4517038464546203,29,D,M,WIL_PLA,A,30,30,ASP,ASP,True
591,ThermoMPNN,WIL_PLA,0.2443978786468505,29,D,N,WIL_PLA,A,30,30,ASP,ASP,True
592,ThermoMPNN,WIL_PLA,0.0698634386062622,29,D,P,WIL_PLA,A,30,30,ASP,ASP,True
593,ThermoMPNN,WIL_PLA,0.3334428668022156,29,D,Q,WIL_PLA,A,30,30,ASP,ASP,True
594,ThermoMPNN,WIL_PLA,0.5503592491149902,29,D,R,WIL_PLA,A,30,30,ASP,ASP,True
595,ThermoMPNN,WIL_PLA,0.1329885721206665,29,D,S,WIL_PLA,A,30,30,ASP,ASP,True
596,ThermoMPNN,WIL_PLA,0.3889395594596863,29,D,T,WIL_PLA,A,30,30,ASP,ASP,True
597,ThermoMPNN,WIL_PLA,0.4325154423713684,29,D,V,WIL_PLA,A,30,30,ASP,ASP,True
598,ThermoMPNN,WIL_PLA,0.5115456581115723,29,D,W,WIL_PLA,A,30,30,ASP,ASP,True
599,ThermoMPNN,WIL_PLA,0.4212437272071838,29,D,Y,WIL_PLA,A,30,30,ASP,ASP,True
600,ThermoMPNN,WIL_PLA,2.095787286758423,30,I,A,WIL_PLA,A,31,31,ILE,ILE,True
601,ThermoMPNN,WIL_PLA,1.5134103298187256,30,I,C,WIL_PLA,A,31,31,ILE,ILE,True
602,ThermoMPNN,WIL_PLA,2.7478156089782715,30,I,D,WIL_PLA,A,31,31,ILE,ILE,True
603,ThermoMPNN,WIL_PLA,2.833811521530152,30,I,E,WIL_PLA,A,31,31,ILE,ILE,True
604,ThermoMPNN,WIL_PLA,2.1844263076782227,30,I,F,WIL_PLA,A,31,31,ILE,ILE,True
605,ThermoMPNN,WIL_PLA,2.9720845222473145,30,I,G,WIL_PLA,A,31,31,ILE,ILE,True
606,ThermoMPNN,WIL_PLA,2.987138509750366,30,I,H,WIL_PLA,A,31,31,ILE,ILE,True
607,ThermoMPNN,WIL_PLA,0.0,30,I,I,WIL_PLA,A,31,31,ILE,ILE,True
608,ThermoMPNN,WIL_PLA,3.123385190963745,30,I,K,WIL_PLA,A,31,31,ILE,ILE,True
609,ThermoMPNN,WIL_PLA,1.068698167800903,30,I,L,WIL_PLA,A,31,31,ILE,ILE,True
610,ThermoMPNN,WIL_PLA,1.7594976425170898,30,I,M,WIL_PLA,A,31,31,ILE,ILE,True
611,ThermoMPNN,WIL_PLA,2.958450555801392,30,I,N,WIL_PLA,A,31,31,ILE,ILE,True
612,ThermoMPNN,WIL_PLA,2.8184409141540527,30,I,P,WIL_PLA,A,31,31,ILE,ILE,True
613,ThermoMPNN,WIL_PLA,2.9836292266845703,30,I,Q,WIL_PLA,A,31,31,ILE,ILE,True
614,ThermoMPNN,WIL_PLA,3.15211033821106,30,I,R,WIL_PLA,A,31,31,ILE,ILE,True
615,ThermoMPNN,WIL_PLA,2.7636494636535645,30,I,S,WIL_PLA,A,31,31,ILE,ILE,True
616,ThermoMPNN,WIL_PLA,2.247068405151367,30,I,T,WIL_PLA,A,31,31,ILE,ILE,True
617,ThermoMPNN,WIL_PLA,0.3092398643493652,30,I,V,WIL_PLA,A,31,31,ILE,ILE,True
618,ThermoMPNN,WIL_PLA,2.388596773147583,30,I,W,WIL_PLA,A,31,31,ILE,ILE,True
619,ThermoMPNN,WIL_PLA,2.509723901748657,30,I,Y,WIL_PLA,A,31,31,ILE,ILE,True
620,ThermoMPNN,WIL_PLA,0.4958256483078003,31,S,A,WIL_PLA,A,32,32,SER,SER,True
621,ThermoMPNN,WIL_PLA,0.5987954139709473,31,S,C,WIL_PLA,A,32,32,SER,SER,True
622,ThermoMPNN,WIL_PLA,0.8747405409812927,31,S,D,WIL_PLA,A,32,32,SER,SER,True
623,ThermoMPNN,WIL_PLA,0.7147853374481201,31,S,E,WIL_PLA,A,32,32,SER,SER,True
624,ThermoMPNN,WIL_PLA,1.5100555419921875,31,S,F,WIL_PLA,A,32,32,SER,SER,True
625,ThermoMPNN,WIL_PLA,0.9452223777770996,31,S,G,WIL_PLA,A,32,32,SER,SER,True
626,ThermoMPNN,WIL_PLA,1.162814021110535,31,S,H,WIL_PLA,A,32,32,SER,SER,True
627,ThermoMPNN,WIL_PLA,1.4636324644088743,31,S,I,WIL_PLA,A,32,32,SER,SER,True
628,ThermoMPNN,WIL_PLA,1.0377540588378906,31,S,K,WIL_PLA,A,32,32,SER,SER,True
629,ThermoMPNN,WIL_PLA,1.306629657745361,31,S,L,WIL_PLA,A,32,32,SER,SER,True
630,ThermoMPNN,WIL_PLA,1.2182505130767822,31,S,M,WIL_PLA,A,32,32,SER,SER,True
631,ThermoMPNN,WIL_PLA,1.0136489868164062,31,S,N,WIL_PLA,A,32,32,SER,SER,True
632,ThermoMPNN,WIL_PLA,0.3425555229187011,31,S,P,WIL_PLA,A,32,32,SER,SER,True
633,ThermoMPNN,WIL_PLA,0.9218356013298036,31,S,Q,WIL_PLA,A,32,32,SER,SER,True
634,ThermoMPNN,WIL_PLA,1.2672191858291626,31,S,R,WIL_PLA,A,32,32,SER,SER,True
635,ThermoMPNN,WIL_PLA,0.0,31,S,S,WIL_PLA,A,32,32,SER,SER,True
636,ThermoMPNN,WIL_PLA,0.4628582000732422,31,S,T,WIL_PLA,A,32,32,SER,SER,True
637,ThermoMPNN,WIL_PLA,1.3073053359985352,31,S,V,WIL_PLA,A,32,32,SER,SER,True
638,ThermoMPNN,WIL_PLA,1.4777276515960691,31,S,W,WIL_PLA,A,32,32,SER,SER,True
639,ThermoMPNN,WIL_PLA,1.5883643627166748,31,S,Y,WIL_PLA,A,32,32,SER,SER,True
640,ThermoMPNN,WIL_PLA,-0.0703427195549011,32,S,A,WIL_PLA,A,33,33,SER,SER,True
641,ThermoMPNN,WIL_PLA,-0.0216752886772155,32,S,C,WIL_PLA,A,33,33,SER,SER,True
642,ThermoMPNN,WIL_PLA,0.3459713757038116,32,S,D,WIL_PLA,A,33,33,SER,SER,True
643,ThermoMPNN,WIL_PLA,0.1319038271903991,32,S,E,WIL_PLA,A,33,33,SER,SER,True
644,ThermoMPNN,WIL_PLA,0.3234567046165466,32,S,F,WIL_PLA,A,33,33,SER,SER,True
645,ThermoMPNN,WIL_PLA,0.5167467594146729,32,S,G,WIL_PLA,A,33,33,SER,SER,True
646,ThermoMPNN,WIL_PLA,0.0729727149009704,32,S,H,WIL_PLA,A,33,33,SER,SER,True
647,ThermoMPNN,WIL_PLA,0.0492231249809265,32,S,I,WIL_PLA,A,33,33,SER,SER,True
648,ThermoMPNN,WIL_PLA,-0.2068281769752502,32,S,K,WIL_PLA,A,33,33,SER,SER,True
649,ThermoMPNN,WIL_PLA,0.1541035175323486,32,S,L,WIL_PLA,A,33,33,SER,SER,True
650,ThermoMPNN,WIL_PLA,0.1564677357673645,32,S,M,WIL_PLA,A,33,33,SER,SER,True
651,ThermoMPNN,WIL_PLA,0.2963127493858337,32,S,N,WIL_PLA,A,33,33,SER,SER,True
652,ThermoMPNN,WIL_PLA,0.1457938551902771,32,S,P,WIL_PLA,A,33,33,SER,SER,True
653,ThermoMPNN,WIL_PLA,-0.1799179911613464,32,S,Q,WIL_PLA,A,33,33,SER,SER,True
654,ThermoMPNN,WIL_PLA,-0.0885107517242431,32,S,R,WIL_PLA,A,33,33,SER,SER,True
655,ThermoMPNN,WIL_PLA,0.0,32,S,S,WIL_PLA,A,33,33,SER,SER,True
656,ThermoMPNN,WIL_PLA,0.1308872699737548,32,S,T,WIL_PLA,A,33,33,SER,SER,True
657,ThermoMPNN,WIL_PLA,-0.0251901149749755,32,S,V,WIL_PLA,A,33,33,SER,SER,True
658,ThermoMPNN,WIL_PLA,0.1549168825149536,32,S,W,WIL_PLA,A,33,33,SER,SER,True
659,ThermoMPNN,WIL_PLA,0.2375656366348266,32,S,Y,WIL_PLA,A,33,33,SER,SER,True
660,ThermoMPNN,WIL_PLA,-0.1102753281593322,33,T,A,WIL_PLA,A,34,34,THR,THR,True
661,ThermoMPNN,WIL_PLA,-0.0629470348358154,33,T,C,WIL_PLA,A,34,34,THR,THR,True
662,ThermoMPNN,WIL_PLA,0.2407469153404235,33,T,D,WIL_PLA,A,34,34,THR,THR,True
663,ThermoMPNN,WIL_PLA,0.0559144020080566,33,T,E,WIL_PLA,A,34,34,THR,THR,True
664,ThermoMPNN,WIL_PLA,0.14698326587677,33,T,F,WIL_PLA,A,34,34,THR,THR,True
665,ThermoMPNN,WIL_PLA,0.4484543204307556,33,T,G,WIL_PLA,A,34,34,THR,THR,True
666,ThermoMPNN,WIL_PLA,-0.0060673952102661,33,T,H,WIL_PLA,A,34,34,THR,THR,True
667,ThermoMPNN,WIL_PLA,-0.0610907673835754,33,T,I,WIL_PLA,A,34,34,THR,THR,True
668,ThermoMPNN,WIL_PLA,0.0176386833190917,33,T,K,WIL_PLA,A,34,34,THR,THR,True
669,ThermoMPNN,WIL_PLA,0.0782274007797241,33,T,L,WIL_PLA,A,34,34,THR,THR,True
670,ThermoMPNN,WIL_PLA,0.1422638893127441,33,T,M,WIL_PLA,A,34,34,THR,THR,True
671,ThermoMPNN,WIL_PLA,0.2556970119476318,33,T,N,WIL_PLA,A,34,34,THR,THR,True
672,ThermoMPNN,WIL_PLA,1.0877082347869873,33,T,P,WIL_PLA,A,34,34,THR,THR,True
673,ThermoMPNN,WIL_PLA,0.0428586602210998,33,T,Q,WIL_PLA,A,34,34,THR,THR,True
674,ThermoMPNN,WIL_PLA,-0.0543806552886962,33,T,R,WIL_PLA,A,34,34,THR,THR,True
675,ThermoMPNN,WIL_PLA,0.0112383961677551,33,T,S,WIL_PLA,A,34,34,THR,THR,True
676,ThermoMPNN,WIL_PLA,0.0,33,T,T,WIL_PLA,A,34,34,THR,THR,True
677,ThermoMPNN,WIL_PLA,-0.0623409748077392,33,T,V,WIL_PLA,A,34,34,THR,THR,True
678,ThermoMPNN,WIL_PLA,-0.0198982954025268,33,T,W,WIL_PLA,A,34,34,THR,THR,True
679,ThermoMPNN,WIL_PLA,-0.0506774187088012,33,T,Y,WIL_PLA,A,34,34,THR,THR,True
680,ThermoMPNN,WIL_PLA,0.9121289849281312,34,V,A,WIL_PLA,A,35,35,VAL,VAL,True
681,ThermoMPNN,WIL_PLA,0.7302875518798828,34,V,C,WIL_PLA,A,35,35,VAL,VAL,True
682,ThermoMPNN,WIL_PLA,1.5168328285217283,34,V,D,WIL_PLA,A,35,35,VAL,VAL,True
683,ThermoMPNN,WIL_PLA,1.1157023906707764,34,V,E,WIL_PLA,A,35,35,VAL,VAL,True
684,ThermoMPNN,WIL_PLA,1.410536289215088,34,V,F,WIL_PLA,A,35,35,VAL,VAL,True
685,ThermoMPNN,WIL_PLA,2.499899387359619,34,V,G,WIL_PLA,A,35,35,VAL,VAL,True
686,ThermoMPNN,WIL_PLA,1.571621656417847,34,V,H,WIL_PLA,A,35,35,VAL,VAL,True
687,ThermoMPNN,WIL_PLA,-0.0875967741012573,34,V,I,WIL_PLA,A,35,35,VAL,VAL,True
688,ThermoMPNN,WIL_PLA,0.8247201442718506,34,V,K,WIL_PLA,A,35,35,VAL,VAL,True
689,ThermoMPNN,WIL_PLA,-0.0073589086532592,34,V,L,WIL_PLA,A,35,35,VAL,VAL,True
690,ThermoMPNN,WIL_PLA,0.2170174121856689,34,V,M,WIL_PLA,A,35,35,VAL,VAL,True
691,ThermoMPNN,WIL_PLA,1.7806551456451416,34,V,N,WIL_PLA,A,35,35,VAL,VAL,True
692,ThermoMPNN,WIL_PLA,2.6673736572265625,34,V,P,WIL_PLA,A,35,35,VAL,VAL,True
693,ThermoMPNN,WIL_PLA,0.3744950294494629,34,V,Q,WIL_PLA,A,35,35,VAL,VAL,True
694,ThermoMPNN,WIL_PLA,1.1856374740600586,34,V,R,WIL_PLA,A,35,35,VAL,VAL,True
695,ThermoMPNN,WIL_PLA,1.428808331489563,34,V,S,WIL_PLA,A,35,35,VAL,VAL,True
696,ThermoMPNN,WIL_PLA,0.6376775503158569,34,V,T,WIL_PLA,A,35,35,VAL,VAL,True
697,ThermoMPNN,WIL_PLA,0.0,34,V,V,WIL_PLA,A,35,35,VAL,VAL,True
698,ThermoMPNN,WIL_PLA,1.5277457237243652,34,V,W,WIL_PLA,A,35,35,VAL,VAL,True
699,ThermoMPNN,WIL_PLA,1.7629592418670654,34,V,Y,WIL_PLA,A,35,35,VAL,VAL,True
700,ThermoMPNN,WIL_PLA,2.2310705184936523,35,L,A,WIL_PLA,A,36,36,LEU,LEU,True
701,ThermoMPNN,WIL_PLA,1.533950686454773,35,L,C,WIL_PLA,A,36,36,LEU,LEU,True
702,ThermoMPNN,WIL_PLA,3.416459321975708,35,L,D,WIL_PLA,A,36,36,LEU,LEU,True
703,ThermoMPNN,WIL_PLA,3.1100099086761475,35,L,E,WIL_PLA,A,36,36,LEU,LEU,True
704,ThermoMPNN,WIL_PLA,1.570420265197754,35,L,F,WIL_PLA,A,36,36,LEU,LEU,True
705,ThermoMPNN,WIL_PLA,2.9712798595428467,35,L,G,WIL_PLA,A,36,36,LEU,LEU,True
706,ThermoMPNN,WIL_PLA,2.67652440071106,35,L,H,WIL_PLA,A,36,36,LEU,LEU,True
707,ThermoMPNN,WIL_PLA,0.8084235191345215,35,L,I,WIL_PLA,A,36,36,LEU,LEU,True
708,ThermoMPNN,WIL_PLA,2.218900680541992,35,L,K,WIL_PLA,A,36,36,LEU,LEU,True
709,ThermoMPNN,WIL_PLA,0.0,35,L,L,WIL_PLA,A,36,36,LEU,LEU,True
710,ThermoMPNN,WIL_PLA,1.1115148067474363,35,L,M,WIL_PLA,A,36,36,LEU,LEU,True
711,ThermoMPNN,WIL_PLA,3.045982837677002,35,L,N,WIL_PLA,A,36,36,LEU,LEU,True
712,ThermoMPNN,WIL_PLA,3.3533051013946533,35,L,P,WIL_PLA,A,36,36,LEU,LEU,True
713,ThermoMPNN,WIL_PLA,2.665781259536743,35,L,Q,WIL_PLA,A,36,36,LEU,LEU,True
714,ThermoMPNN,WIL_PLA,1.992412567138672,35,L,R,WIL_PLA,A,36,36,LEU,LEU,True
715,ThermoMPNN,WIL_PLA,2.6827399730682373,35,L,S,WIL_PLA,A,36,36,LEU,LEU,True
716,ThermoMPNN,WIL_PLA,2.476766586303711,35,L,T,WIL_PLA,A,36,36,LEU,LEU,True
717,ThermoMPNN,WIL_PLA,1.2640172243118286,35,L,V,WIL_PLA,A,36,36,LEU,LEU,True
718,ThermoMPNN,WIL_PLA,1.783273458480835,35,L,W,WIL_PLA,A,36,36,LEU,LEU,True
719,ThermoMPNN,WIL_PLA,1.8235175609588623,35,L,Y,WIL_PLA,A,36,36,LEU,LEU,True
720,ThermoMPNN,WIL_PLA,-0.6464032530784607,36,D,A,WIL_PLA,A,37,37,ASP,ASP,True
721,ThermoMPNN,WIL_PLA,-0.8457366228103638,36,D,C,WIL_PLA,A,37,37,ASP,ASP,True
722,ThermoMPNN,WIL_PLA,0.0,36,D,D,WIL_PLA,A,37,37,ASP,ASP,True
723,ThermoMPNN,WIL_PLA,-0.1980797052383422,36,D,E,WIL_PLA,A,37,37,ASP,ASP,True
724,ThermoMPNN,WIL_PLA,-0.689979076385498,36,D,F,WIL_PLA,A,37,37,ASP,ASP,True
725,ThermoMPNN,WIL_PLA,0.1265940517187118,36,D,G,WIL_PLA,A,37,37,ASP,ASP,True
726,ThermoMPNN,WIL_PLA,-0.603232741355896,36,D,H,WIL_PLA,A,37,37,ASP,ASP,True
727,ThermoMPNN,WIL_PLA,-0.4688776135444641,36,D,I,WIL_PLA,A,37,37,ASP,ASP,True
728,ThermoMPNN,WIL_PLA,-0.5471550822257996,36,D,K,WIL_PLA,A,37,37,ASP,ASP,True
729,ThermoMPNN,WIL_PLA,-0.4010540843009949,36,D,L,WIL_PLA,A,37,37,ASP,ASP,True
730,ThermoMPNN,WIL_PLA,-0.5695033669471741,36,D,M,WIL_PLA,A,37,37,ASP,ASP,True
731,ThermoMPNN,WIL_PLA,-0.3698439598083496,36,D,N,WIL_PLA,A,37,37,ASP,ASP,True
732,ThermoMPNN,WIL_PLA,1.9414658546447756,36,D,P,WIL_PLA,A,37,37,ASP,ASP,True
733,ThermoMPNN,WIL_PLA,-0.5733652710914612,36,D,Q,WIL_PLA,A,37,37,ASP,ASP,True
734,ThermoMPNN,WIL_PLA,-0.7408679723739624,36,D,R,WIL_PLA,A,37,37,ASP,ASP,True
735,ThermoMPNN,WIL_PLA,-0.5157565474510193,36,D,S,WIL_PLA,A,37,37,ASP,ASP,True
736,ThermoMPNN,WIL_PLA,-0.4050852060317993,36,D,T,WIL_PLA,A,37,37,ASP,ASP,True
737,ThermoMPNN,WIL_PLA,-0.507578432559967,36,D,V,WIL_PLA,A,37,37,ASP,ASP,True
738,ThermoMPNN,WIL_PLA,-0.9375079870224,36,D,W,WIL_PLA,A,37,37,ASP,ASP,True
739,ThermoMPNN,WIL_PLA,-0.9129821062088012,36,D,Y,WIL_PLA,A,37,37,ASP,ASP,True
740,ThermoMPNN,WIL_PLA,0.4154512882232666,37,N,A,WIL_PLA,A,38,38,ASN,ASN,True
741,ThermoMPNN,WIL_PLA,-0.0589059591293334,37,N,C,WIL_PLA,A,38,38,ASN,ASN,True
742,ThermoMPNN,WIL_PLA,1.5333669185638428,37,N,D,WIL_PLA,A,38,38,ASN,ASN,True
743,ThermoMPNN,WIL_PLA,1.348737359046936,37,N,E,WIL_PLA,A,38,38,ASN,ASN,True
744,ThermoMPNN,WIL_PLA,0.3705515265464782,37,N,F,WIL_PLA,A,38,38,ASN,ASN,True
745,ThermoMPNN,WIL_PLA,1.366648554801941,37,N,G,WIL_PLA,A,38,38,ASN,ASN,True
746,ThermoMPNN,WIL_PLA,0.1286436319351196,37,N,H,WIL_PLA,A,38,38,ASN,ASN,True
747,ThermoMPNN,WIL_PLA,0.5342824459075928,37,N,I,WIL_PLA,A,38,38,ASN,ASN,True
748,ThermoMPNN,WIL_PLA,-0.5970824956893921,37,N,K,WIL_PLA,A,38,38,ASN,ASN,True
749,ThermoMPNN,WIL_PLA,0.0616703033447265,37,N,L,WIL_PLA,A,38,38,ASN,ASN,True
750,ThermoMPNN,WIL_PLA,-0.0745826959609985,37,N,M,WIL_PLA,A,38,38,ASN,ASN,True
751,ThermoMPNN,WIL_PLA,0.0,37,N,N,WIL_PLA,A,38,38,ASN,ASN,True
752,ThermoMPNN,WIL_PLA,2.775198459625244,37,N,P,WIL_PLA,A,38,38,ASN,ASN,True
753,ThermoMPNN,WIL_PLA,0.2124737501144409,37,N,Q,WIL_PLA,A,38,38,ASN,ASN,True
754,ThermoMPNN,WIL_PLA,-1.0882099866867063,37,N,R,WIL_PLA,A,38,38,ASN,ASN,True
755,ThermoMPNN,WIL_PLA,0.4030892252922058,37,N,S,WIL_PLA,A,38,38,ASN,ASN,True
756,ThermoMPNN,WIL_PLA,0.5063133239746094,37,N,T,WIL_PLA,A,38,38,ASN,ASN,True
757,ThermoMPNN,WIL_PLA,0.6236792802810669,37,N,V,WIL_PLA,A,38,38,ASN,ASN,True
758,ThermoMPNN,WIL_PLA,0.1351787447929382,37,N,W,WIL_PLA,A,38,38,ASN,ASN,True
759,ThermoMPNN,WIL_PLA,0.1922229528427124,37,N,Y,WIL_PLA,A,38,38,ASN,ASN,True
760,ThermoMPNN,WIL_PLA,2.2941486835479736,38,I,A,WIL_PLA,A,39,39,ILE,ILE,True
761,ThermoMPNN,WIL_PLA,1.7150354385375977,38,I,C,WIL_PLA,A,39,39,ILE,ILE,True
762,ThermoMPNN,WIL_PLA,3.2644460201263428,38,I,D,WIL_PLA,A,39,39,ILE,ILE,True
763,ThermoMPNN,WIL_PLA,3.0971686840057373,38,I,E,WIL_PLA,A,39,39,ILE,ILE,True
764,ThermoMPNN,WIL_PLA,1.3016645908355713,38,I,F,WIL_PLA,A,39,39,ILE,ILE,True
765,ThermoMPNN,WIL_PLA,3.063806533813477,38,I,G,WIL_PLA,A,39,39,ILE,ILE,True
766,ThermoMPNN,WIL_PLA,2.798517227172852,38,I,H,WIL_PLA,A,39,39,ILE,ILE,True
767,ThermoMPNN,WIL_PLA,0.0,38,I,I,WIL_PLA,A,39,39,ILE,ILE,True
768,ThermoMPNN,WIL_PLA,2.8443543910980225,38,I,K,WIL_PLA,A,39,39,ILE,ILE,True
769,ThermoMPNN,WIL_PLA,0.2116239070892334,38,I,L,WIL_PLA,A,39,39,ILE,ILE,True
770,ThermoMPNN,WIL_PLA,0.9988878965377808,38,I,M,WIL_PLA,A,39,39,ILE,ILE,True
771,ThermoMPNN,WIL_PLA,2.9463796615600586,38,I,N,WIL_PLA,A,39,39,ILE,ILE,True
772,ThermoMPNN,WIL_PLA,3.201821804046631,38,I,P,WIL_PLA,A,39,39,ILE,ILE,True
773,ThermoMPNN,WIL_PLA,2.953372001647949,38,I,Q,WIL_PLA,A,39,39,ILE,ILE,True
774,ThermoMPNN,WIL_PLA,2.834900379180908,38,I,R,WIL_PLA,A,39,39,ILE,ILE,True
775,ThermoMPNN,WIL_PLA,3.080372810363769,38,I,S,WIL_PLA,A,39,39,ILE,ILE,True
776,ThermoMPNN,WIL_PLA,2.626574754714966,38,I,T,WIL_PLA,A,39,39,ILE,ILE,True
777,ThermoMPNN,WIL_PLA,1.2116581201553345,38,I,V,WIL_PLA,A,39,39,ILE,ILE,True
778,ThermoMPNN,WIL_PLA,2.047111988067627,38,I,W,WIL_PLA,A,39,39,ILE,ILE,True
779,ThermoMPNN,WIL_PLA,1.9021804332733157,38,I,Y,WIL_PLA,A,39,39,ILE,ILE,True
780,ThermoMPNN,WIL_PLA,-1.2437264919281006,39,D,A,WIL_PLA,A,40,40,ASP,ASP,True
781,ThermoMPNN,WIL_PLA,-1.609739065170288,39,D,C,WIL_PLA,A,40,40,ASP,ASP,True
782,ThermoMPNN,WIL_PLA,0.0,39,D,D,WIL_PLA,A,40,40,ASP,ASP,True
783,ThermoMPNN,WIL_PLA,-0.853618323802948,39,D,E,WIL_PLA,A,40,40,ASP,ASP,True
784,ThermoMPNN,WIL_PLA,-1.438206672668457,39,D,F,WIL_PLA,A,40,40,ASP,ASP,True
785,ThermoMPNN,WIL_PLA,-0.0075992941856384,39,D,G,WIL_PLA,A,40,40,ASP,ASP,True
786,ThermoMPNN,WIL_PLA,-1.1996889114379885,39,D,H,WIL_PLA,A,40,40,ASP,ASP,True
787,ThermoMPNN,WIL_PLA,-1.9765872955322263,39,D,I,WIL_PLA,A,40,40,ASP,ASP,True
788,ThermoMPNN,WIL_PLA,-1.3525094985961914,39,D,K,WIL_PLA,A,40,40,ASP,ASP,True
789,ThermoMPNN,WIL_PLA,-1.6322104930877686,39,D,L,WIL_PLA,A,40,40,ASP,ASP,True
790,ThermoMPNN,WIL_PLA,-1.6302404403686523,39,D,M,WIL_PLA,A,40,40,ASP,ASP,True
791,ThermoMPNN,WIL_PLA,-0.7546337246894836,39,D,N,WIL_PLA,A,40,40,ASP,ASP,True
792,ThermoMPNN,WIL_PLA,1.56428861618042,39,D,P,WIL_PLA,A,40,40,ASP,ASP,True
793,ThermoMPNN,WIL_PLA,-1.239438533782959,39,D,Q,WIL_PLA,A,40,40,ASP,ASP,True
794,ThermoMPNN,WIL_PLA,-1.7281489372253418,39,D,R,WIL_PLA,A,40,40,ASP,ASP,True
795,ThermoMPNN,WIL_PLA,-1.0896563529968262,39,D,S,WIL_PLA,A,40,40,ASP,ASP,True
796,ThermoMPNN,WIL_PLA,-1.7115166187286377,39,D,T,WIL_PLA,A,40,40,ASP,ASP,True
797,ThermoMPNN,WIL_PLA,-2.0260260105133057,39,D,V,WIL_PLA,A,40,40,ASP,ASP,True
798,ThermoMPNN,WIL_PLA,-1.44289231300354,39,D,W,WIL_PLA,A,40,40,ASP,ASP,True
799,ThermoMPNN,WIL_PLA,-1.6044197082519531,39,D,Y,WIL_PLA,A,40,40,ASP,ASP,True
800,ThermoMPNN,WIL_PLA,1.743975043296814,40,L,A,WIL_PLA,A,41,41,LEU,LEU,True
801,ThermoMPNN,WIL_PLA,0.9466750621795654,40,L,C,WIL_PLA,A,41,41,LEU,LEU,True
802,ThermoMPNN,WIL_PLA,2.539534568786621,40,L,D,WIL_PLA,A,41,41,LEU,LEU,True
803,ThermoMPNN,WIL_PLA,2.047498941421509,40,L,E,WIL_PLA,A,41,41,LEU,LEU,True
804,ThermoMPNN,WIL_PLA,0.2562184333801269,40,L,F,WIL_PLA,A,41,41,LEU,LEU,True
805,ThermoMPNN,WIL_PLA,2.528759002685547,40,L,G,WIL_PLA,A,41,41,LEU,LEU,True
806,ThermoMPNN,WIL_PLA,1.310427188873291,40,L,H,WIL_PLA,A,41,41,LEU,LEU,True
807,ThermoMPNN,WIL_PLA,0.6469939947128296,40,L,I,WIL_PLA,A,41,41,LEU,LEU,True
808,ThermoMPNN,WIL_PLA,1.2531307935714722,40,L,K,WIL_PLA,A,41,41,LEU,LEU,True
809,ThermoMPNN,WIL_PLA,0.0,40,L,L,WIL_PLA,A,41,41,LEU,LEU,True
810,ThermoMPNN,WIL_PLA,0.6741354465484619,40,L,M,WIL_PLA,A,41,41,LEU,LEU,True
811,ThermoMPNN,WIL_PLA,1.8994781970977783,40,L,N,WIL_PLA,A,41,41,LEU,LEU,True
812,ThermoMPNN,WIL_PLA,2.243462562561035,40,L,P,WIL_PLA,A,41,41,LEU,LEU,True
813,ThermoMPNN,WIL_PLA,1.6874032020568848,40,L,Q,WIL_PLA,A,41,41,LEU,LEU,True
814,ThermoMPNN,WIL_PLA,0.8046795129776001,40,L,R,WIL_PLA,A,41,41,LEU,LEU,True
815,ThermoMPNN,WIL_PLA,1.9315948486328125,40,L,S,WIL_PLA,A,41,41,LEU,LEU,True
816,ThermoMPNN,WIL_PLA,1.2264645099639893,40,L,T,WIL_PLA,A,41,41,LEU,LEU,True
817,ThermoMPNN,WIL_PLA,0.8876070380210876,40,L,V,WIL_PLA,A,41,41,LEU,LEU,True
818,ThermoMPNN,WIL_PLA,0.1179907321929931,40,L,W,WIL_PLA,A,41,41,LEU,LEU,True
819,ThermoMPNN,WIL_PLA,-0.0005152225494384,40,L,Y,WIL_PLA,A,41,41,LEU,LEU,True
820,ThermoMPNN,WIL_PLA,0.9651830196380616,41,F,A,WIL_PLA,A,42,42,PHE,PHE,True
821,ThermoMPNN,WIL_PLA,0.3290749788284302,41,F,C,WIL_PLA,A,42,42,PHE,PHE,True
822,ThermoMPNN,WIL_PLA,2.790360450744629,41,F,D,WIL_PLA,A,42,42,PHE,PHE,True
823,ThermoMPNN,WIL_PLA,2.2163922786712646,41,F,E,WIL_PLA,A,42,42,PHE,PHE,True
824,ThermoMPNN,WIL_PLA,0.0,41,F,F,WIL_PLA,A,42,42,PHE,PHE,True
825,ThermoMPNN,WIL_PLA,1.8477312326431277,41,F,G,WIL_PLA,A,42,42,PHE,PHE,True
826,ThermoMPNN,WIL_PLA,1.2801746129989624,41,F,H,WIL_PLA,A,42,42,PHE,PHE,True
827,ThermoMPNN,WIL_PLA,1.0656945705413818,41,F,I,WIL_PLA,A,42,42,PHE,PHE,True
828,ThermoMPNN,WIL_PLA,1.6970499753952026,41,F,K,WIL_PLA,A,42,42,PHE,PHE,True
829,ThermoMPNN,WIL_PLA,0.1708588600158691,41,F,L,WIL_PLA,A,42,42,PHE,PHE,True
830,ThermoMPNN,WIL_PLA,0.4416204690933227,41,F,M,WIL_PLA,A,42,42,PHE,PHE,True
831,ThermoMPNN,WIL_PLA,1.6053545475006104,41,F,N,WIL_PLA,A,42,42,PHE,PHE,True
832,ThermoMPNN,WIL_PLA,2.7099196910858154,41,F,P,WIL_PLA,A,42,42,PHE,PHE,True
833,ThermoMPNN,WIL_PLA,1.6829285621643066,41,F,Q,WIL_PLA,A,42,42,PHE,PHE,True
834,ThermoMPNN,WIL_PLA,1.752127766609192,41,F,R,WIL_PLA,A,42,42,PHE,PHE,True
835,ThermoMPNN,WIL_PLA,1.6004480123519895,41,F,S,WIL_PLA,A,42,42,PHE,PHE,True
836,ThermoMPNN,WIL_PLA,1.308102011680603,41,F,T,WIL_PLA,A,42,42,PHE,PHE,True
837,ThermoMPNN,WIL_PLA,1.0001099109649658,41,F,V,WIL_PLA,A,42,42,PHE,PHE,True
838,ThermoMPNN,WIL_PLA,0.6641930341720581,41,F,W,WIL_PLA,A,42,42,PHE,PHE,True
839,ThermoMPNN,WIL_PLA,0.3067535161972046,41,F,Y,WIL_PLA,A,42,42,PHE,PHE,True
840,ThermoMPNN,WIL_PLA,0.0,42,A,A,WIL_PLA,A,43,43,ALA,ALA,True
841,ThermoMPNN,WIL_PLA,0.8693258762359619,42,A,C,WIL_PLA,A,43,43,ALA,ALA,True
842,ThermoMPNN,WIL_PLA,2.20115327835083,42,A,D,WIL_PLA,A,43,43,ALA,ALA,True
843,ThermoMPNN,WIL_PLA,1.940201997756958,42,A,E,WIL_PLA,A,43,43,ALA,ALA,True
844,ThermoMPNN,WIL_PLA,1.658939003944397,42,A,F,WIL_PLA,A,43,43,ALA,ALA,True
845,ThermoMPNN,WIL_PLA,1.7569376230239868,42,A,G,WIL_PLA,A,43,43,ALA,ALA,True
846,ThermoMPNN,WIL_PLA,2.20461654663086,42,A,H,WIL_PLA,A,43,43,ALA,ALA,True
847,ThermoMPNN,WIL_PLA,1.3069806098937988,42,A,I,WIL_PLA,A,43,43,ALA,ALA,True
848,ThermoMPNN,WIL_PLA,2.3167195320129395,42,A,K,WIL_PLA,A,43,43,ALA,ALA,True
849,ThermoMPNN,WIL_PLA,1.5098633766174316,42,A,L,WIL_PLA,A,43,43,ALA,ALA,True
850,ThermoMPNN,WIL_PLA,1.2230122089385986,42,A,M,WIL_PLA,A,43,43,ALA,ALA,True
851,ThermoMPNN,WIL_PLA,2.3802530765533447,42,A,N,WIL_PLA,A,43,43,ALA,ALA,True
852,ThermoMPNN,WIL_PLA,3.378143548965454,42,A,P,WIL_PLA,A,43,43,ALA,ALA,True
853,ThermoMPNN,WIL_PLA,1.9405121803283687,42,A,Q,WIL_PLA,A,43,43,ALA,ALA,True
854,ThermoMPNN,WIL_PLA,2.089855432510376,42,A,R,WIL_PLA,A,43,43,ALA,ALA,True
855,ThermoMPNN,WIL_PLA,0.9130425453186036,42,A,S,WIL_PLA,A,43,43,ALA,ALA,True
856,ThermoMPNN,WIL_PLA,1.1240302324295044,42,A,T,WIL_PLA,A,43,43,ALA,ALA,True
857,ThermoMPNN,WIL_PLA,1.067461013793945,42,A,V,WIL_PLA,A,43,43,ALA,ALA,True
858,ThermoMPNN,WIL_PLA,1.6918052434921265,42,A,W,WIL_PLA,A,43,43,ALA,ALA,True
859,ThermoMPNN,WIL_PLA,1.6974080801010132,42,A,Y,WIL_PLA,A,43,43,ALA,ALA,True
860,ThermoMPNN,WIL_PLA,0.78582763671875,43,Q,A,WIL_PLA,A,44,44,GLN,GLN,True
861,ThermoMPNN,WIL_PLA,1.23477303981781,43,Q,C,WIL_PLA,A,44,44,GLN,GLN,True
862,ThermoMPNN,WIL_PLA,2.6888420581817627,43,Q,D,WIL_PLA,A,44,44,GLN,GLN,True
863,ThermoMPNN,WIL_PLA,1.2865476608276367,43,Q,E,WIL_PLA,A,44,44,GLN,GLN,True
864,ThermoMPNN,WIL_PLA,1.7534171342849731,43,Q,F,WIL_PLA,A,44,44,GLN,GLN,True
865,ThermoMPNN,WIL_PLA,1.8527649641036987,43,Q,G,WIL_PLA,A,44,44,GLN,GLN,True
866,ThermoMPNN,WIL_PLA,1.5007528066635132,43,Q,H,WIL_PLA,A,44,44,GLN,GLN,True
867,ThermoMPNN,WIL_PLA,1.8718948364257808,43,Q,I,WIL_PLA,A,44,44,GLN,GLN,True
868,ThermoMPNN,WIL_PLA,1.8345423936843872,43,Q,K,WIL_PLA,A,44,44,GLN,GLN,True
869,ThermoMPNN,WIL_PLA,2.2646324634552,43,Q,L,WIL_PLA,A,44,44,GLN,GLN,True
870,ThermoMPNN,WIL_PLA,0.8646252155303955,43,Q,M,WIL_PLA,A,44,44,GLN,GLN,True
871,ThermoMPNN,WIL_PLA,2.41846776008606,43,Q,N,WIL_PLA,A,44,44,GLN,GLN,True
872,ThermoMPNN,WIL_PLA,4.065978527069092,43,Q,P,WIL_PLA,A,44,44,GLN,GLN,True
873,ThermoMPNN,WIL_PLA,0.0,43,Q,Q,WIL_PLA,A,44,44,GLN,GLN,True
874,ThermoMPNN,WIL_PLA,1.739973783493042,43,Q,R,WIL_PLA,A,44,44,GLN,GLN,True
875,ThermoMPNN,WIL_PLA,1.1821582317352295,43,Q,S,WIL_PLA,A,44,44,GLN,GLN,True
876,ThermoMPNN,WIL_PLA,1.382508635520935,43,Q,T,WIL_PLA,A,44,44,GLN,GLN,True
877,ThermoMPNN,WIL_PLA,1.626347899436951,43,Q,V,WIL_PLA,A,44,44,GLN,GLN,True
878,ThermoMPNN,WIL_PLA,2.325227975845337,43,Q,W,WIL_PLA,A,44,44,GLN,GLN,True
879,ThermoMPNN,WIL_PLA,2.0141079425811768,43,Q,Y,WIL_PLA,A,44,44,GLN,GLN,True
880,ThermoMPNN,WIL_PLA,2.0119638442993164,44,Y,A,WIL_PLA,A,45,45,TYR,TYR,True
881,ThermoMPNN,WIL_PLA,1.5643270015716553,44,Y,C,WIL_PLA,A,45,45,TYR,TYR,True
882,ThermoMPNN,WIL_PLA,3.47086238861084,44,Y,D,WIL_PLA,A,45,45,TYR,TYR,True
883,ThermoMPNN,WIL_PLA,3.126347064971924,44,Y,E,WIL_PLA,A,45,45,TYR,TYR,True
884,ThermoMPNN,WIL_PLA,0.5949118137359619,44,Y,F,WIL_PLA,A,45,45,TYR,TYR,True
885,ThermoMPNN,WIL_PLA,2.87935209274292,44,Y,G,WIL_PLA,A,45,45,TYR,TYR,True
886,ThermoMPNN,WIL_PLA,2.038527488708496,44,Y,H,WIL_PLA,A,45,45,TYR,TYR,True
887,ThermoMPNN,WIL_PLA,1.803030014038086,44,Y,I,WIL_PLA,A,45,45,TYR,TYR,True
888,ThermoMPNN,WIL_PLA,2.7460505962371826,44,Y,K,WIL_PLA,A,45,45,TYR,TYR,True
889,ThermoMPNN,WIL_PLA,1.298460602760315,44,Y,L,WIL_PLA,A,45,45,TYR,TYR,True
890,ThermoMPNN,WIL_PLA,1.5761784315109253,44,Y,M,WIL_PLA,A,45,45,TYR,TYR,True
891,ThermoMPNN,WIL_PLA,2.7494893074035645,44,Y,N,WIL_PLA,A,45,45,TYR,TYR,True
892,ThermoMPNN,WIL_PLA,3.6020712852478027,44,Y,P,WIL_PLA,A,45,45,TYR,TYR,True
893,ThermoMPNN,WIL_PLA,2.7488858699798584,44,Y,Q,WIL_PLA,A,45,45,TYR,TYR,True
894,ThermoMPNN,WIL_PLA,2.3944852352142334,44,Y,R,WIL_PLA,A,45,45,TYR,TYR,True
895,ThermoMPNN,WIL_PLA,2.5597143173217773,44,Y,S,WIL_PLA,A,45,45,TYR,TYR,True
896,ThermoMPNN,WIL_PLA,2.330359697341919,44,Y,T,WIL_PLA,A,45,45,TYR,TYR,True
897,ThermoMPNN,WIL_PLA,1.828399896621704,44,Y,V,WIL_PLA,A,45,45,TYR,TYR,True
898,ThermoMPNN,WIL_PLA,0.5409399271011353,44,Y,W,WIL_PLA,A,45,45,TYR,TYR,True
899,ThermoMPNN,WIL_PLA,0.0,44,Y,Y,WIL_PLA,A,45,45,TYR,TYR,True
900,ThermoMPNN,WIL_PLA,-0.4815289974212646,45,S,A,WIL_PLA,A,46,46,SER,SER,True
901,ThermoMPNN,WIL_PLA,0.2915776968002319,45,S,C,WIL_PLA,A,46,46,SER,SER,True
902,ThermoMPNN,WIL_PLA,2.137349367141724,45,S,D,WIL_PLA,A,46,46,SER,SER,True
903,ThermoMPNN,WIL_PLA,1.5807499885559082,45,S,E,WIL_PLA,A,46,46,SER,SER,True
904,ThermoMPNN,WIL_PLA,1.0123741626739502,45,S,F,WIL_PLA,A,46,46,SER,SER,True
905,ThermoMPNN,WIL_PLA,0.894451916217804,45,S,G,WIL_PLA,A,46,46,SER,SER,True
906,ThermoMPNN,WIL_PLA,1.6340240240097046,45,S,H,WIL_PLA,A,46,46,SER,SER,True
907,ThermoMPNN,WIL_PLA,0.9551351070404052,45,S,I,WIL_PLA,A,46,46,SER,SER,True
908,ThermoMPNN,WIL_PLA,1.5511775016784668,45,S,K,WIL_PLA,A,46,46,SER,SER,True
909,ThermoMPNN,WIL_PLA,1.4613361358642578,45,S,L,WIL_PLA,A,46,46,SER,SER,True
910,ThermoMPNN,WIL_PLA,0.9123713970184326,45,S,M,WIL_PLA,A,46,46,SER,SER,True
911,ThermoMPNN,WIL_PLA,2.0014593601226807,45,S,N,WIL_PLA,A,46,46,SER,SER,True
912,ThermoMPNN,WIL_PLA,2.131889820098877,45,S,P,WIL_PLA,A,46,46,SER,SER,True
913,ThermoMPNN,WIL_PLA,1.3929885625839231,45,S,Q,WIL_PLA,A,46,46,SER,SER,True
914,ThermoMPNN,WIL_PLA,1.434999704360962,45,S,R,WIL_PLA,A,46,46,SER,SER,True
915,ThermoMPNN,WIL_PLA,0.0,45,S,S,WIL_PLA,A,46,46,SER,SER,True
916,ThermoMPNN,WIL_PLA,0.8012482523918152,45,S,T,WIL_PLA,A,46,46,SER,SER,True
917,ThermoMPNN,WIL_PLA,0.7525972127914429,45,S,V,WIL_PLA,A,46,46,SER,SER,True
918,ThermoMPNN,WIL_PLA,1.0284477472305298,45,S,W,WIL_PLA,A,46,46,SER,SER,True
919,ThermoMPNN,WIL_PLA,1.254318118095398,45,S,Y,WIL_PLA,A,46,46,SER,SER,True
920,ThermoMPNN,WIL_PLA,0.0,46,A,A,WIL_PLA,A,47,47,ALA,ALA,True
921,ThermoMPNN,WIL_PLA,0.6832972764968872,46,A,C,WIL_PLA,A,47,47,ALA,ALA,True
922,ThermoMPNN,WIL_PLA,1.9777235984802248,46,A,D,WIL_PLA,A,47,47,ALA,ALA,True
923,ThermoMPNN,WIL_PLA,1.8222110271453855,46,A,E,WIL_PLA,A,47,47,ALA,ALA,True
924,ThermoMPNN,WIL_PLA,1.3659906387329102,46,A,F,WIL_PLA,A,47,47,ALA,ALA,True
925,ThermoMPNN,WIL_PLA,0.907726228237152,46,A,G,WIL_PLA,A,47,47,ALA,ALA,True
926,ThermoMPNN,WIL_PLA,1.443908929824829,46,A,H,WIL_PLA,A,47,47,ALA,ALA,True
927,ThermoMPNN,WIL_PLA,1.3419501781463623,46,A,I,WIL_PLA,A,47,47,ALA,ALA,True
928,ThermoMPNN,WIL_PLA,1.1895170211791992,46,A,K,WIL_PLA,A,47,47,ALA,ALA,True
929,ThermoMPNN,WIL_PLA,1.411006212234497,46,A,L,WIL_PLA,A,47,47,ALA,ALA,True
930,ThermoMPNN,WIL_PLA,1.0062716007232666,46,A,M,WIL_PLA,A,47,47,ALA,ALA,True
931,ThermoMPNN,WIL_PLA,1.571436047554016,46,A,N,WIL_PLA,A,47,47,ALA,ALA,True
932,ThermoMPNN,WIL_PLA,2.135106325149536,46,A,P,WIL_PLA,A,47,47,ALA,ALA,True
933,ThermoMPNN,WIL_PLA,1.2183294296264648,46,A,Q,WIL_PLA,A,47,47,ALA,ALA,True
934,ThermoMPNN,WIL_PLA,1.0323827266693115,46,A,R,WIL_PLA,A,47,47,ALA,ALA,True
935,ThermoMPNN,WIL_PLA,0.2359068393707275,46,A,S,WIL_PLA,A,47,47,ALA,ALA,True
936,ThermoMPNN,WIL_PLA,0.6173202991485596,46,A,T,WIL_PLA,A,47,47,ALA,ALA,True
937,ThermoMPNN,WIL_PLA,1.1616947650909424,46,A,V,WIL_PLA,A,47,47,ALA,ALA,True
938,ThermoMPNN,WIL_PLA,1.5531972646713257,46,A,W,WIL_PLA,A,47,47,ALA,ALA,True
939,ThermoMPNN,WIL_PLA,1.483586311340332,46,A,Y,WIL_PLA,A,47,47,ALA,ALA,True
940,ThermoMPNN,WIL_PLA,0.0,47,A,A,WIL_PLA,A,48,48,ALA,ALA,True
941,ThermoMPNN,WIL_PLA,0.0393168926239013,47,A,C,WIL_PLA,A,48,48,ALA,ALA,True
942,ThermoMPNN,WIL_PLA,2.378204822540283,47,A,D,WIL_PLA,A,48,48,ALA,ALA,True
943,ThermoMPNN,WIL_PLA,2.0057175159454346,47,A,E,WIL_PLA,A,48,48,ALA,ALA,True
944,ThermoMPNN,WIL_PLA,0.8404743671417236,47,A,F,WIL_PLA,A,48,48,ALA,ALA,True
945,ThermoMPNN,WIL_PLA,1.4938385486602783,47,A,G,WIL_PLA,A,48,48,ALA,ALA,True
946,ThermoMPNN,WIL_PLA,1.616137981414795,47,A,H,WIL_PLA,A,48,48,ALA,ALA,True
947,ThermoMPNN,WIL_PLA,0.0580472946166992,47,A,I,WIL_PLA,A,48,48,ALA,ALA,True
948,ThermoMPNN,WIL_PLA,1.7583030462265017,47,A,K,WIL_PLA,A,48,48,ALA,ALA,True
949,ThermoMPNN,WIL_PLA,0.027026891708374,47,A,L,WIL_PLA,A,48,48,ALA,ALA,True
950,ThermoMPNN,WIL_PLA,0.2974443435668945,47,A,M,WIL_PLA,A,48,48,ALA,ALA,True
951,ThermoMPNN,WIL_PLA,1.7711870670318604,47,A,N,WIL_PLA,A,48,48,ALA,ALA,True
952,ThermoMPNN,WIL_PLA,2.5208189487457275,47,A,P,WIL_PLA,A,48,48,ALA,ALA,True
953,ThermoMPNN,WIL_PLA,1.7173051834106443,47,A,Q,WIL_PLA,A,48,48,ALA,ALA,True
954,ThermoMPNN,WIL_PLA,1.7529354095458984,47,A,R,WIL_PLA,A,48,48,ALA,ALA,True
955,ThermoMPNN,WIL_PLA,0.9063601493835448,47,A,S,WIL_PLA,A,48,48,ALA,ALA,True
956,ThermoMPNN,WIL_PLA,0.7235468029975891,47,A,T,WIL_PLA,A,48,48,ALA,ALA,True
957,ThermoMPNN,WIL_PLA,0.1398754119873047,47,A,V,WIL_PLA,A,48,48,ALA,ALA,True
958,ThermoMPNN,WIL_PLA,1.025221347808838,47,A,W,WIL_PLA,A,48,48,ALA,ALA,True
959,ThermoMPNN,WIL_PLA,0.967732310295105,47,A,Y,WIL_PLA,A,48,48,ALA,ALA,True
960,ThermoMPNN,WIL_PLA,0.0,48,A,A,WIL_PLA,A,49,49,ALA,ALA,True
961,ThermoMPNN,WIL_PLA,0.5633865594863892,48,A,C,WIL_PLA,A,49,49,ALA,ALA,True
962,ThermoMPNN,WIL_PLA,2.3666906356811523,48,A,D,WIL_PLA,A,49,49,ALA,ALA,True
963,ThermoMPNN,WIL_PLA,2.007568359375,48,A,E,WIL_PLA,A,49,49,ALA,ALA,True
964,ThermoMPNN,WIL_PLA,1.3498485088348389,48,A,F,WIL_PLA,A,49,49,ALA,ALA,True
965,ThermoMPNN,WIL_PLA,1.104060411453247,48,A,G,WIL_PLA,A,49,49,ALA,ALA,True
966,ThermoMPNN,WIL_PLA,1.977102518081665,48,A,H,WIL_PLA,A,49,49,ALA,ALA,True
967,ThermoMPNN,WIL_PLA,0.9857112765312196,48,A,I,WIL_PLA,A,49,49,ALA,ALA,True
968,ThermoMPNN,WIL_PLA,1.867908835411072,48,A,K,WIL_PLA,A,49,49,ALA,ALA,True
969,ThermoMPNN,WIL_PLA,1.3022412061691284,48,A,L,WIL_PLA,A,49,49,ALA,ALA,True
970,ThermoMPNN,WIL_PLA,1.241639494895935,48,A,M,WIL_PLA,A,49,49,ALA,ALA,True
971,ThermoMPNN,WIL_PLA,2.046061754226685,48,A,N,WIL_PLA,A,49,49,ALA,ALA,True
972,ThermoMPNN,WIL_PLA,1.9191511869430544,48,A,P,WIL_PLA,A,49,49,ALA,ALA,True
973,ThermoMPNN,WIL_PLA,1.868317723274231,48,A,Q,WIL_PLA,A,49,49,ALA,ALA,True
974,ThermoMPNN,WIL_PLA,1.7469693422317505,48,A,R,WIL_PLA,A,49,49,ALA,ALA,True
975,ThermoMPNN,WIL_PLA,0.5534013509750366,48,A,S,WIL_PLA,A,49,49,ALA,ALA,True
976,ThermoMPNN,WIL_PLA,0.5901384353637695,48,A,T,WIL_PLA,A,49,49,ALA,ALA,True
977,ThermoMPNN,WIL_PLA,0.6048744916915894,48,A,V,WIL_PLA,A,49,49,ALA,ALA,True
978,ThermoMPNN,WIL_PLA,1.3821022510528564,48,A,W,WIL_PLA,A,49,49,ALA,ALA,True
979,ThermoMPNN,WIL_PLA,1.4754323959350586,48,A,Y,WIL_PLA,A,49,49,ALA,ALA,True
980,ThermoMPNN,WIL_PLA,1.1633468866348269,49,Y,A,WIL_PLA,A,50,50,TYR,TYR,True
981,ThermoMPNN,WIL_PLA,0.2717350721359253,49,Y,C,WIL_PLA,A,50,50,TYR,TYR,True
982,ThermoMPNN,WIL_PLA,1.6403697729110718,49,Y,D,WIL_PLA,A,50,50,TYR,TYR,True
983,ThermoMPNN,WIL_PLA,1.418597936630249,49,Y,E,WIL_PLA,A,50,50,TYR,TYR,True
984,ThermoMPNN,WIL_PLA,0.2464370727539062,49,Y,F,WIL_PLA,A,50,50,TYR,TYR,True
985,ThermoMPNN,WIL_PLA,1.8386268615722656,49,Y,G,WIL_PLA,A,50,50,TYR,TYR,True
986,ThermoMPNN,WIL_PLA,0.0278143882751464,49,Y,H,WIL_PLA,A,50,50,TYR,TYR,True
987,ThermoMPNN,WIL_PLA,1.861375093460083,49,Y,I,WIL_PLA,A,50,50,TYR,TYR,True
988,ThermoMPNN,WIL_PLA,1.6940772533416748,49,Y,K,WIL_PLA,A,50,50,TYR,TYR,True
989,ThermoMPNN,WIL_PLA,1.3124622106552124,49,Y,L,WIL_PLA,A,50,50,TYR,TYR,True
990,ThermoMPNN,WIL_PLA,0.9718382954597472,49,Y,M,WIL_PLA,A,50,50,TYR,TYR,True
991,ThermoMPNN,WIL_PLA,0.8330592513084412,49,Y,N,WIL_PLA,A,50,50,TYR,TYR,True
992,ThermoMPNN,WIL_PLA,2.2297348976135254,49,Y,P,WIL_PLA,A,50,50,TYR,TYR,True
993,ThermoMPNN,WIL_PLA,1.3119341135025024,49,Y,Q,WIL_PLA,A,50,50,TYR,TYR,True
994,ThermoMPNN,WIL_PLA,1.3408241271972656,49,Y,R,WIL_PLA,A,50,50,TYR,TYR,True
995,ThermoMPNN,WIL_PLA,1.199329853057861,49,Y,S,WIL_PLA,A,50,50,TYR,TYR,True
996,ThermoMPNN,WIL_PLA,1.3434312343597412,49,Y,T,WIL_PLA,A,50,50,TYR,TYR,True
997,ThermoMPNN,WIL_PLA,1.3243277072906494,49,Y,V,WIL_PLA,A,50,50,TYR,TYR,True
998,ThermoMPNN,WIL_PLA,0.5232495069503784,49,Y,W,WIL_PLA,A,50,50,TYR,TYR,True
999,ThermoMPNN,WIL_PLA,0.0,49,Y,Y,WIL_PLA,A,50,50,TYR,TYR,True
1000,ThermoMPNN,WIL_PLA,1.1074559688568115,50,C,A,WIL_PLA,A,51,51,CYS,CYS,True
1001,ThermoMPNN,WIL_PLA,0.0,50,C,C,WIL_PLA,A,51,51,CYS,CYS,True
1002,ThermoMPNN,WIL_PLA,1.6616053581237793,50,C,D,WIL_PLA,A,51,51,CYS,CYS,True
1003,ThermoMPNN,WIL_PLA,1.31742525100708,50,C,E,WIL_PLA,A,51,51,CYS,CYS,True
1004,ThermoMPNN,WIL_PLA,0.0624940395355224,50,C,F,WIL_PLA,A,51,51,CYS,CYS,True
1005,ThermoMPNN,WIL_PLA,2.6433794498443604,50,C,G,WIL_PLA,A,51,51,CYS,CYS,True
1006,ThermoMPNN,WIL_PLA,0.8519377708435059,50,C,H,WIL_PLA,A,51,51,CYS,CYS,True
1007,ThermoMPNN,WIL_PLA,0.0813744068145752,50,C,I,WIL_PLA,A,51,51,CYS,CYS,True
1008,ThermoMPNN,WIL_PLA,1.0796458721160889,50,C,K,WIL_PLA,A,51,51,CYS,CYS,True
1009,ThermoMPNN,WIL_PLA,0.3180913925170898,50,C,L,WIL_PLA,A,51,51,CYS,CYS,True
1010,ThermoMPNN,WIL_PLA,0.7304052114486694,50,C,M,WIL_PLA,A,51,51,CYS,CYS,True
1011,ThermoMPNN,WIL_PLA,1.404229760169983,50,C,N,WIL_PLA,A,51,51,CYS,CYS,True
1012,ThermoMPNN,WIL_PLA,1.2124438285827637,50,C,P,WIL_PLA,A,51,51,CYS,CYS,True
1013,ThermoMPNN,WIL_PLA,1.2464665174484253,50,C,Q,WIL_PLA,A,51,51,CYS,CYS,True
1014,ThermoMPNN,WIL_PLA,1.1604535579681396,50,C,R,WIL_PLA,A,51,51,CYS,CYS,True
1015,ThermoMPNN,WIL_PLA,1.258618712425232,50,C,S,WIL_PLA,A,51,51,CYS,CYS,True
1016,ThermoMPNN,WIL_PLA,1.0693211555480957,50,C,T,WIL_PLA,A,51,51,CYS,CYS,True
1017,ThermoMPNN,WIL_PLA,-0.0464855432510376,50,C,V,WIL_PLA,A,51,51,CYS,CYS,True
1018,ThermoMPNN,WIL_PLA,0.3029853105545044,50,C,W,WIL_PLA,A,51,51,CYS,CYS,True
1019,ThermoMPNN,WIL_PLA,0.0926718711853027,50,C,Y,WIL_PLA,A,51,51,CYS,CYS,True
1020,ThermoMPNN,WIL_PLA,-0.0841947793960571,51,S,A,WIL_PLA,A,52,52,SER,SER,True
1021,ThermoMPNN,WIL_PLA,-0.4319154024124145,51,S,C,WIL_PLA,A,52,52,SER,SER,True
1022,ThermoMPNN,WIL_PLA,0.4020975828170776,51,S,D,WIL_PLA,A,52,52,SER,SER,True
1023,ThermoMPNN,WIL_PLA,0.250097781419754,51,S,E,WIL_PLA,A,52,52,SER,SER,True
1024,ThermoMPNN,WIL_PLA,-0.0824630856513977,51,S,F,WIL_PLA,A,52,52,SER,SER,True
1025,ThermoMPNN,WIL_PLA,0.4608239829540252,51,S,G,WIL_PLA,A,52,52,SER,SER,True
1026,ThermoMPNN,WIL_PLA,-0.2270514965057373,51,S,H,WIL_PLA,A,52,52,SER,SER,True
1027,ThermoMPNN,WIL_PLA,-0.7237801551818848,51,S,I,WIL_PLA,A,52,52,SER,SER,True
1028,ThermoMPNN,WIL_PLA,-0.4689280390739441,51,S,K,WIL_PLA,A,52,52,SER,SER,True
1029,ThermoMPNN,WIL_PLA,-0.4691059589385986,51,S,L,WIL_PLA,A,52,52,SER,SER,True
1030,ThermoMPNN,WIL_PLA,-0.2662209272384643,51,S,M,WIL_PLA,A,52,52,SER,SER,True
1031,ThermoMPNN,WIL_PLA,-0.023969829082489,51,S,N,WIL_PLA,A,52,52,SER,SER,True
1032,ThermoMPNN,WIL_PLA,-0.2103933095932006,51,S,P,WIL_PLA,A,52,52,SER,SER,True
1033,ThermoMPNN,WIL_PLA,-0.0779625177383422,51,S,Q,WIL_PLA,A,52,52,SER,SER,True
1034,ThermoMPNN,WIL_PLA,-0.4282806515693664,51,S,R,WIL_PLA,A,52,52,SER,SER,True
1035,ThermoMPNN,WIL_PLA,0.0,51,S,S,WIL_PLA,A,52,52,SER,SER,True
1036,ThermoMPNN,WIL_PLA,-0.2063333392143249,51,S,T,WIL_PLA,A,52,52,SER,SER,True
1037,ThermoMPNN,WIL_PLA,-0.6114712953567505,51,S,V,WIL_PLA,A,52,52,SER,SER,True
1038,ThermoMPNN,WIL_PLA,-0.0760429501533508,51,S,W,WIL_PLA,A,52,52,SER,SER,True
1039,ThermoMPNN,WIL_PLA,-0.1683822274208068,51,S,Y,WIL_PLA,A,52,52,SER,SER,True
1040,ThermoMPNN,WIL_PLA,-0.1828305125236511,52,S,A,WIL_PLA,A,53,53,SER,SER,True
1041,ThermoMPNN,WIL_PLA,-0.1168110370635986,52,S,C,WIL_PLA,A,53,53,SER,SER,True
1042,ThermoMPNN,WIL_PLA,0.8467321395874023,52,S,D,WIL_PLA,A,53,53,SER,SER,True
1043,ThermoMPNN,WIL_PLA,0.7455497980117798,52,S,E,WIL_PLA,A,53,53,SER,SER,True
1044,ThermoMPNN,WIL_PLA,0.1495531797409057,52,S,F,WIL_PLA,A,53,53,SER,SER,True
1045,ThermoMPNN,WIL_PLA,0.5617374181747437,52,S,G,WIL_PLA,A,53,53,SER,SER,True
1046,ThermoMPNN,WIL_PLA,-0.0637608766555786,52,S,H,WIL_PLA,A,53,53,SER,SER,True
1047,ThermoMPNN,WIL_PLA,-0.1028956174850463,52,S,I,WIL_PLA,A,53,53,SER,SER,True
1048,ThermoMPNN,WIL_PLA,-0.5725885033607483,52,S,K,WIL_PLA,A,53,53,SER,SER,True
1049,ThermoMPNN,WIL_PLA,-0.0850048065185546,52,S,L,WIL_PLA,A,53,53,SER,SER,True
1050,ThermoMPNN,WIL_PLA,0.009433090686798,52,S,M,WIL_PLA,A,53,53,SER,SER,True
1051,ThermoMPNN,WIL_PLA,-0.0473756194114685,52,S,N,WIL_PLA,A,53,53,SER,SER,True
1052,ThermoMPNN,WIL_PLA,1.469658136367798,52,S,P,WIL_PLA,A,53,53,SER,SER,True
1053,ThermoMPNN,WIL_PLA,0.1344309449195861,52,S,Q,WIL_PLA,A,53,53,SER,SER,True
1054,ThermoMPNN,WIL_PLA,-0.8210018277168274,52,S,R,WIL_PLA,A,53,53,SER,SER,True
1055,ThermoMPNN,WIL_PLA,0.0,52,S,S,WIL_PLA,A,53,53,SER,SER,True
1056,ThermoMPNN,WIL_PLA,0.0699624419212341,52,S,T,WIL_PLA,A,53,53,SER,SER,True
1057,ThermoMPNN,WIL_PLA,-0.0722184777259826,52,S,V,WIL_PLA,A,53,53,SER,SER,True
1058,ThermoMPNN,WIL_PLA,0.3449592292308807,52,S,W,WIL_PLA,A,53,53,SER,SER,True
1059,ThermoMPNN,WIL_PLA,0.0252832174301147,52,S,Y,WIL_PLA,A,53,53,SER,SER,True
1060,ThermoMPNN,WIL_PLA,1.6431336402893066,53,N,A,WIL_PLA,A,54,54,ASN,ASN,True
1061,ThermoMPNN,WIL_PLA,0.9898848533630372,53,N,C,WIL_PLA,A,54,54,ASN,ASN,True
1062,ThermoMPNN,WIL_PLA,1.4344675540924072,53,N,D,WIL_PLA,A,54,54,ASN,ASN,True
1063,ThermoMPNN,WIL_PLA,1.9169728755950928,53,N,E,WIL_PLA,A,54,54,ASN,ASN,True
1064,ThermoMPNN,WIL_PLA,1.77018141746521,53,N,F,WIL_PLA,A,54,54,ASN,ASN,True
1065,ThermoMPNN,WIL_PLA,1.7873073816299438,53,N,G,WIL_PLA,A,54,54,ASN,ASN,True
1066,ThermoMPNN,WIL_PLA,1.026353359222412,53,N,H,WIL_PLA,A,54,54,ASN,ASN,True
1067,ThermoMPNN,WIL_PLA,2.1425461769104004,53,N,I,WIL_PLA,A,54,54,ASN,ASN,True
1068,ThermoMPNN,WIL_PLA,1.6088978052139282,53,N,K,WIL_PLA,A,54,54,ASN,ASN,True
1069,ThermoMPNN,WIL_PLA,1.4510923624038696,53,N,L,WIL_PLA,A,54,54,ASN,ASN,True
1070,ThermoMPNN,WIL_PLA,1.6915719509124756,53,N,M,WIL_PLA,A,54,54,ASN,ASN,True
1071,ThermoMPNN,WIL_PLA,0.0,53,N,N,WIL_PLA,A,54,54,ASN,ASN,True
1072,ThermoMPNN,WIL_PLA,2.4995481967926025,53,N,P,WIL_PLA,A,54,54,ASN,ASN,True
1073,ThermoMPNN,WIL_PLA,1.797824740409851,53,N,Q,WIL_PLA,A,54,54,ASN,ASN,True
1074,ThermoMPNN,WIL_PLA,1.5159696340560913,53,N,R,WIL_PLA,A,54,54,ASN,ASN,True
1075,ThermoMPNN,WIL_PLA,1.2421858310699463,53,N,S,WIL_PLA,A,54,54,ASN,ASN,True
1076,ThermoMPNN,WIL_PLA,1.8815840482711792,53,N,T,WIL_PLA,A,54,54,ASN,ASN,True
1077,ThermoMPNN,WIL_PLA,1.8604679107666016,53,N,V,WIL_PLA,A,54,54,ASN,ASN,True
1078,ThermoMPNN,WIL_PLA,1.7856557369232178,53,N,W,WIL_PLA,A,54,54,ASN,ASN,True
1079,ThermoMPNN,WIL_PLA,1.719946026802063,53,N,Y,WIL_PLA,A,54,54,ASN,ASN,True
1080,ThermoMPNN,WIL_PLA,1.7037938833236694,54,I,A,WIL_PLA,A,55,55,ILE,ILE,True
1081,ThermoMPNN,WIL_PLA,1.1429975032806396,54,I,C,WIL_PLA,A,55,55,ILE,ILE,True
1082,ThermoMPNN,WIL_PLA,2.4218196868896484,54,I,D,WIL_PLA,A,55,55,ILE,ILE,True
1083,ThermoMPNN,WIL_PLA,2.189568519592285,54,I,E,WIL_PLA,A,55,55,ILE,ILE,True
1084,ThermoMPNN,WIL_PLA,1.5210671424865725,54,I,F,WIL_PLA,A,55,55,ILE,ILE,True
1085,ThermoMPNN,WIL_PLA,2.4642491340637207,54,I,G,WIL_PLA,A,55,55,ILE,ILE,True
1086,ThermoMPNN,WIL_PLA,2.0783562660217285,54,I,H,WIL_PLA,A,55,55,ILE,ILE,True
1087,ThermoMPNN,WIL_PLA,0.0,54,I,I,WIL_PLA,A,55,55,ILE,ILE,True
1088,ThermoMPNN,WIL_PLA,1.753182888031006,54,I,K,WIL_PLA,A,55,55,ILE,ILE,True
1089,ThermoMPNN,WIL_PLA,0.1948838233947754,54,I,L,WIL_PLA,A,55,55,ILE,ILE,True
1090,ThermoMPNN,WIL_PLA,0.8776800632476807,54,I,M,WIL_PLA,A,55,55,ILE,ILE,True
1091,ThermoMPNN,WIL_PLA,2.2383875846862797,54,I,N,WIL_PLA,A,55,55,ILE,ILE,True
1092,ThermoMPNN,WIL_PLA,2.6934330463409424,54,I,P,WIL_PLA,A,55,55,ILE,ILE,True
1093,ThermoMPNN,WIL_PLA,1.80986487865448,54,I,Q,WIL_PLA,A,55,55,ILE,ILE,True
1094,ThermoMPNN,WIL_PLA,1.8173704147338867,54,I,R,WIL_PLA,A,55,55,ILE,ILE,True
1095,ThermoMPNN,WIL_PLA,1.926280498504639,54,I,S,WIL_PLA,A,55,55,ILE,ILE,True
1096,ThermoMPNN,WIL_PLA,1.2274959087371826,54,I,T,WIL_PLA,A,55,55,ILE,ILE,True
1097,ThermoMPNN,WIL_PLA,0.3977376222610473,54,I,V,WIL_PLA,A,55,55,ILE,ILE,True
1098,ThermoMPNN,WIL_PLA,1.7329877614974976,54,I,W,WIL_PLA,A,55,55,ILE,ILE,True
1099,ThermoMPNN,WIL_PLA,1.7433923482894895,54,I,Y,WIL_PLA,A,55,55,ILE,ILE,True
1100,ThermoMPNN,WIL_PLA,-0.1943575739860534,55,E,A,WIL_PLA,A,56,56,GLU,GLU,True
1101,ThermoMPNN,WIL_PLA,-0.5228077173233032,55,E,C,WIL_PLA,A,56,56,GLU,GLU,True
1102,ThermoMPNN,WIL_PLA,0.0088225603103637,55,E,D,WIL_PLA,A,56,56,GLU,GLU,True
1103,ThermoMPNN,WIL_PLA,0.0,55,E,E,WIL_PLA,A,56,56,GLU,GLU,True
1104,ThermoMPNN,WIL_PLA,-0.1605322360992431,55,E,F,WIL_PLA,A,56,56,GLU,GLU,True
1105,ThermoMPNN,WIL_PLA,0.0973288118839263,55,E,G,WIL_PLA,A,56,56,GLU,GLU,True
1106,ThermoMPNN,WIL_PLA,-0.4575573205947876,55,E,H,WIL_PLA,A,56,56,GLU,GLU,True
1107,ThermoMPNN,WIL_PLA,-0.1286293268203735,55,E,I,WIL_PLA,A,56,56,GLU,GLU,True
1108,ThermoMPNN,WIL_PLA,-0.1650100946426391,55,E,K,WIL_PLA,A,56,56,GLU,GLU,True
1109,ThermoMPNN,WIL_PLA,-0.1824941635131836,55,E,L,WIL_PLA,A,56,56,GLU,GLU,True
1110,ThermoMPNN,WIL_PLA,-0.1886267662048339,55,E,M,WIL_PLA,A,56,56,GLU,GLU,True
1111,ThermoMPNN,WIL_PLA,-0.4716678857803345,55,E,N,WIL_PLA,A,56,56,GLU,GLU,True
1112,ThermoMPNN,WIL_PLA,1.3909989595413208,55,E,P,WIL_PLA,A,56,56,GLU,GLU,True
1113,ThermoMPNN,WIL_PLA,-0.2804745435714721,55,E,Q,WIL_PLA,A,56,56,GLU,GLU,True
1114,ThermoMPNN,WIL_PLA,-0.2711403369903564,55,E,R,WIL_PLA,A,56,56,GLU,GLU,True
1115,ThermoMPNN,WIL_PLA,-0.5496705770492554,55,E,S,WIL_PLA,A,56,56,GLU,GLU,True
1116,ThermoMPNN,WIL_PLA,-0.7510015964508057,55,E,T,WIL_PLA,A,56,56,GLU,GLU,True
1117,ThermoMPNN,WIL_PLA,-0.2836666107177734,55,E,V,WIL_PLA,A,56,56,GLU,GLU,True
1118,ThermoMPNN,WIL_PLA,-0.0789639353752136,55,E,W,WIL_PLA,A,56,56,GLU,GLU,True
1119,ThermoMPNN,WIL_PLA,-0.249727725982666,55,E,Y,WIL_PLA,A,56,56,GLU,GLU,True
1120,ThermoMPNN,WIL_PLA,0.097953200340271,56,S,A,WIL_PLA,A,57,57,SER,SER,True
1121,ThermoMPNN,WIL_PLA,0.0649071931838989,56,S,C,WIL_PLA,A,57,57,SER,SER,True
1122,ThermoMPNN,WIL_PLA,0.699998140335083,56,S,D,WIL_PLA,A,57,57,SER,SER,True
1123,ThermoMPNN,WIL_PLA,0.9101046323776244,56,S,E,WIL_PLA,A,57,57,SER,SER,True
1124,ThermoMPNN,WIL_PLA,0.4056686162948608,56,S,F,WIL_PLA,A,57,57,SER,SER,True
1125,ThermoMPNN,WIL_PLA,0.5119261741638184,56,S,G,WIL_PLA,A,57,57,SER,SER,True
1126,ThermoMPNN,WIL_PLA,0.1679340600967407,56,S,H,WIL_PLA,A,57,57,SER,SER,True
1127,ThermoMPNN,WIL_PLA,0.6188831925392151,56,S,I,WIL_PLA,A,57,57,SER,SER,True
1128,ThermoMPNN,WIL_PLA,0.2616676688194275,56,S,K,WIL_PLA,A,57,57,SER,SER,True
1129,ThermoMPNN,WIL_PLA,0.4267251491546631,56,S,L,WIL_PLA,A,57,57,SER,SER,True
1130,ThermoMPNN,WIL_PLA,0.30131995677948,56,S,M,WIL_PLA,A,57,57,SER,SER,True
1131,ThermoMPNN,WIL_PLA,-0.0712237358093261,56,S,N,WIL_PLA,A,57,57,SER,SER,True
1132,ThermoMPNN,WIL_PLA,1.971863865852356,56,S,P,WIL_PLA,A,57,57,SER,SER,True
1133,ThermoMPNN,WIL_PLA,0.3820732831954956,56,S,Q,WIL_PLA,A,57,57,SER,SER,True
1134,ThermoMPNN,WIL_PLA,0.1175446510314941,56,S,R,WIL_PLA,A,57,57,SER,SER,True
1135,ThermoMPNN,WIL_PLA,0.0,56,S,S,WIL_PLA,A,57,57,SER,SER,True
1136,ThermoMPNN,WIL_PLA,0.2742820978164673,56,S,T,WIL_PLA,A,57,57,SER,SER,True
1137,ThermoMPNN,WIL_PLA,0.4913895726203918,56,S,V,WIL_PLA,A,57,57,SER,SER,True
1138,ThermoMPNN,WIL_PLA,0.570171594619751,56,S,W,WIL_PLA,A,57,57,SER,SER,True
1139,ThermoMPNN,WIL_PLA,0.4101009368896484,56,S,Y,WIL_PLA,A,57,57,SER,SER,True
1140,ThermoMPNN,WIL_PLA,0.0440666079521179,57,T,A,WIL_PLA,A,58,58,THR,THR,True
1141,ThermoMPNN,WIL_PLA,-0.1363617777824401,57,T,C,WIL_PLA,A,58,58,THR,THR,True
1142,ThermoMPNN,WIL_PLA,1.0594706535339355,57,T,D,WIL_PLA,A,58,58,THR,THR,True
1143,ThermoMPNN,WIL_PLA,0.6021898984909058,57,T,E,WIL_PLA,A,58,58,THR,THR,True
1144,ThermoMPNN,WIL_PLA,0.4978806674480438,57,T,F,WIL_PLA,A,58,58,THR,THR,True
1145,ThermoMPNN,WIL_PLA,0.8097720742225647,57,T,G,WIL_PLA,A,58,58,THR,THR,True
1146,ThermoMPNN,WIL_PLA,0.3012247681617737,57,T,H,WIL_PLA,A,58,58,THR,THR,True
1147,ThermoMPNN,WIL_PLA,-0.3019524216651916,57,T,I,WIL_PLA,A,58,58,THR,THR,True
1148,ThermoMPNN,WIL_PLA,-0.1520231366157531,57,T,K,WIL_PLA,A,58,58,THR,THR,True
1149,ThermoMPNN,WIL_PLA,-0.0070248842239379,57,T,L,WIL_PLA,A,58,58,THR,THR,True
1150,ThermoMPNN,WIL_PLA,0.0883474349975586,57,T,M,WIL_PLA,A,58,58,THR,THR,True
1151,ThermoMPNN,WIL_PLA,0.5700386762619019,57,T,N,WIL_PLA,A,58,58,THR,THR,True
1152,ThermoMPNN,WIL_PLA,0.3076756596565246,57,T,P,WIL_PLA,A,58,58,THR,THR,True
1153,ThermoMPNN,WIL_PLA,0.2498821020126342,57,T,Q,WIL_PLA,A,58,58,THR,THR,True
1154,ThermoMPNN,WIL_PLA,-0.0895134806632995,57,T,R,WIL_PLA,A,58,58,THR,THR,True
1155,ThermoMPNN,WIL_PLA,0.1963535547256469,57,T,S,WIL_PLA,A,58,58,THR,THR,True
1156,ThermoMPNN,WIL_PLA,0.0,57,T,T,WIL_PLA,A,58,58,THR,THR,True
1157,ThermoMPNN,WIL_PLA,-0.2785579562187195,57,T,V,WIL_PLA,A,58,58,THR,THR,True
1158,ThermoMPNN,WIL_PLA,0.4237222373485565,57,T,W,WIL_PLA,A,58,58,THR,THR,True
1159,ThermoMPNN,WIL_PLA,0.3744601607322693,57,T,Y,WIL_PLA,A,58,58,THR,THR,True
1160,ThermoMPNN,WIL_PLA,1.3550583124160769,58,G,A,WIL_PLA,A,59,59,GLY,GLY,True
1161,ThermoMPNN,WIL_PLA,0.7460623979568481,58,G,C,WIL_PLA,A,59,59,GLY,GLY,True
1162,ThermoMPNN,WIL_PLA,1.6117591857910156,58,G,D,WIL_PLA,A,59,59,GLY,GLY,True
1163,ThermoMPNN,WIL_PLA,1.626616597175598,58,G,E,WIL_PLA,A,59,59,GLY,GLY,True
1164,ThermoMPNN,WIL_PLA,1.1222890615463257,58,G,F,WIL_PLA,A,59,59,GLY,GLY,True
1165,ThermoMPNN,WIL_PLA,0.0,58,G,G,WIL_PLA,A,59,59,GLY,GLY,True
1166,ThermoMPNN,WIL_PLA,1.1113290786743164,58,G,H,WIL_PLA,A,59,59,GLY,GLY,True
1167,ThermoMPNN,WIL_PLA,1.7138628959655762,58,G,I,WIL_PLA,A,59,59,GLY,GLY,True
1168,ThermoMPNN,WIL_PLA,1.407210111618042,58,G,K,WIL_PLA,A,59,59,GLY,GLY,True
1169,ThermoMPNN,WIL_PLA,1.269688367843628,58,G,L,WIL_PLA,A,59,59,GLY,GLY,True
1170,ThermoMPNN,WIL_PLA,1.243053913116455,58,G,M,WIL_PLA,A,59,59,GLY,GLY,True
1171,ThermoMPNN,WIL_PLA,1.235074520111084,58,G,N,WIL_PLA,A,59,59,GLY,GLY,True
1172,ThermoMPNN,WIL_PLA,2.122311353683472,58,G,P,WIL_PLA,A,59,59,GLY,GLY,True
1173,ThermoMPNN,WIL_PLA,1.3501980304718018,58,G,Q,WIL_PLA,A,59,59,GLY,GLY,True
1174,ThermoMPNN,WIL_PLA,1.4396159648895264,58,G,R,WIL_PLA,A,59,59,GLY,GLY,True
1175,ThermoMPNN,WIL_PLA,1.4765589237213137,58,G,S,WIL_PLA,A,59,59,GLY,GLY,True
1176,ThermoMPNN,WIL_PLA,1.736311435699463,58,G,T,WIL_PLA,A,59,59,GLY,GLY,True
1177,ThermoMPNN,WIL_PLA,1.7437785863876345,58,G,V,WIL_PLA,A,59,59,GLY,GLY,True
1178,ThermoMPNN,WIL_PLA,1.2002639770507812,58,G,W,WIL_PLA,A,59,59,GLY,GLY,True
1179,ThermoMPNN,WIL_PLA,1.1671538352966309,58,G,Y,WIL_PLA,A,59,59,GLY,GLY,True
1180,ThermoMPNN,WIL_PLA,0.296717882156372,59,T,A,WIL_PLA,A,60,60,THR,THR,True
1181,ThermoMPNN,WIL_PLA,0.1443163156509399,59,T,C,WIL_PLA,A,60,60,THR,THR,True
1182,ThermoMPNN,WIL_PLA,0.9722504019737244,59,T,D,WIL_PLA,A,60,60,THR,THR,True
1183,ThermoMPNN,WIL_PLA,0.5565136671066284,59,T,E,WIL_PLA,A,60,60,THR,THR,True
1184,ThermoMPNN,WIL_PLA,0.4701653122901916,59,T,F,WIL_PLA,A,60,60,THR,THR,True
1185,ThermoMPNN,WIL_PLA,0.8127637505531311,59,T,G,WIL_PLA,A,60,60,THR,THR,True
1186,ThermoMPNN,WIL_PLA,0.3093477487564087,59,T,H,WIL_PLA,A,60,60,THR,THR,True
1187,ThermoMPNN,WIL_PLA,0.41934734582901,59,T,I,WIL_PLA,A,60,60,THR,THR,True
1188,ThermoMPNN,WIL_PLA,0.150485873222351,59,T,K,WIL_PLA,A,60,60,THR,THR,True
1189,ThermoMPNN,WIL_PLA,0.3727036118507385,59,T,L,WIL_PLA,A,60,60,THR,THR,True
1190,ThermoMPNN,WIL_PLA,0.3224149942398071,59,T,M,WIL_PLA,A,60,60,THR,THR,True
1191,ThermoMPNN,WIL_PLA,0.4612638354301452,59,T,N,WIL_PLA,A,60,60,THR,THR,True
1192,ThermoMPNN,WIL_PLA,2.168048143386841,59,T,P,WIL_PLA,A,60,60,THR,THR,True
1193,ThermoMPNN,WIL_PLA,0.2906088232994079,59,T,Q,WIL_PLA,A,60,60,THR,THR,True
1194,ThermoMPNN,WIL_PLA,0.1181308031082153,59,T,R,WIL_PLA,A,60,60,THR,THR,True
1195,ThermoMPNN,WIL_PLA,0.2199125289916992,59,T,S,WIL_PLA,A,60,60,THR,THR,True
1196,ThermoMPNN,WIL_PLA,0.0,59,T,T,WIL_PLA,A,60,60,THR,THR,True
1197,ThermoMPNN,WIL_PLA,0.4064919352531433,59,T,V,WIL_PLA,A,60,60,THR,THR,True
1198,ThermoMPNN,WIL_PLA,0.4666313529014587,59,T,W,WIL_PLA,A,60,60,THR,THR,True
1199,ThermoMPNN,WIL_PLA,0.307363748550415,59,T,Y,WIL_PLA,A,60,60,THR,THR,True
1200,ThermoMPNN,WIL_PLA,0.3841115236282348,60,T,A,WIL_PLA,A,61,61,THR,THR,True
1201,ThermoMPNN,WIL_PLA,0.0173947215080261,60,T,C,WIL_PLA,A,61,61,THR,THR,True
1202,ThermoMPNN,WIL_PLA,1.186886429786682,60,T,D,WIL_PLA,A,61,61,THR,THR,True
1203,ThermoMPNN,WIL_PLA,0.8070206642150879,60,T,E,WIL_PLA,A,61,61,THR,THR,True
1204,ThermoMPNN,WIL_PLA,0.3628456592559814,60,T,F,WIL_PLA,A,61,61,THR,THR,True
1205,ThermoMPNN,WIL_PLA,1.008463740348816,60,T,G,WIL_PLA,A,61,61,THR,THR,True
1206,ThermoMPNN,WIL_PLA,0.4165099859237671,60,T,H,WIL_PLA,A,61,61,THR,THR,True
1207,ThermoMPNN,WIL_PLA,-0.4996402263641357,60,T,I,WIL_PLA,A,61,61,THR,THR,True
1208,ThermoMPNN,WIL_PLA,0.0235238671302795,60,T,K,WIL_PLA,A,61,61,THR,THR,True
1209,ThermoMPNN,WIL_PLA,0.0062628388404846,60,T,L,WIL_PLA,A,61,61,THR,THR,True
1210,ThermoMPNN,WIL_PLA,0.1513622999191284,60,T,M,WIL_PLA,A,61,61,THR,THR,True
1211,ThermoMPNN,WIL_PLA,0.7390496730804443,60,T,N,WIL_PLA,A,61,61,THR,THR,True
1212,ThermoMPNN,WIL_PLA,0.4450416564941406,60,T,P,WIL_PLA,A,61,61,THR,THR,True
1213,ThermoMPNN,WIL_PLA,0.4194207191467285,60,T,Q,WIL_PLA,A,61,61,THR,THR,True
1214,ThermoMPNN,WIL_PLA,0.069051444530487,60,T,R,WIL_PLA,A,61,61,THR,THR,True
1215,ThermoMPNN,WIL_PLA,0.4710063934326172,60,T,S,WIL_PLA,A,61,61,THR,THR,True
1216,ThermoMPNN,WIL_PLA,0.0,60,T,T,WIL_PLA,A,61,61,THR,THR,True
1217,ThermoMPNN,WIL_PLA,-0.3487081527709961,60,T,V,WIL_PLA,A,61,61,THR,THR,True
1218,ThermoMPNN,WIL_PLA,0.4410391449928283,60,T,W,WIL_PLA,A,61,61,THR,THR,True
1219,ThermoMPNN,WIL_PLA,0.3300994038581848,60,T,Y,WIL_PLA,A,61,61,THR,THR,True
1220,ThermoMPNN,WIL_PLA,2.32560396194458,61,L,A,WIL_PLA,A,62,62,LEU,LEU,True
1221,ThermoMPNN,WIL_PLA,1.4929109811782837,61,L,C,WIL_PLA,A,62,62,LEU,LEU,True
1222,ThermoMPNN,WIL_PLA,3.421103239059448,61,L,D,WIL_PLA,A,62,62,LEU,LEU,True
1223,ThermoMPNN,WIL_PLA,3.2825241088867188,61,L,E,WIL_PLA,A,62,62,LEU,LEU,True
1224,ThermoMPNN,WIL_PLA,1.8028843402862549,61,L,F,WIL_PLA,A,62,62,LEU,LEU,True
1225,ThermoMPNN,WIL_PLA,3.018974781036377,61,L,G,WIL_PLA,A,62,62,LEU,LEU,True
1226,ThermoMPNN,WIL_PLA,3.0536530017852783,61,L,H,WIL_PLA,A,62,62,LEU,LEU,True
1227,ThermoMPNN,WIL_PLA,0.3920323848724365,61,L,I,WIL_PLA,A,62,62,LEU,LEU,True
1228,ThermoMPNN,WIL_PLA,2.9335854053497314,61,L,K,WIL_PLA,A,62,62,LEU,LEU,True
1229,ThermoMPNN,WIL_PLA,0.0,61,L,L,WIL_PLA,A,62,62,LEU,LEU,True
1230,ThermoMPNN,WIL_PLA,1.0982356071472168,61,L,M,WIL_PLA,A,62,62,LEU,LEU,True
1231,ThermoMPNN,WIL_PLA,3.135009527206421,61,L,N,WIL_PLA,A,62,62,LEU,LEU,True
1232,ThermoMPNN,WIL_PLA,3.306140184402466,61,L,P,WIL_PLA,A,62,62,LEU,LEU,True
1233,ThermoMPNN,WIL_PLA,3.140139579772949,61,L,Q,WIL_PLA,A,62,62,LEU,LEU,True
1234,ThermoMPNN,WIL_PLA,2.918765068054199,61,L,R,WIL_PLA,A,62,62,LEU,LEU,True
1235,ThermoMPNN,WIL_PLA,3.1166179180145264,61,L,S,WIL_PLA,A,62,62,LEU,LEU,True
1236,ThermoMPNN,WIL_PLA,2.7361159324646,61,L,T,WIL_PLA,A,62,62,LEU,LEU,True
1237,ThermoMPNN,WIL_PLA,0.8803168535232544,61,L,V,WIL_PLA,A,62,62,LEU,LEU,True
1238,ThermoMPNN,WIL_PLA,2.325503349304199,61,L,W,WIL_PLA,A,62,62,LEU,LEU,True
1239,ThermoMPNN,WIL_PLA,2.327383041381836,61,L,Y,WIL_PLA,A,62,62,LEU,LEU,True
1240,ThermoMPNN,WIL_PLA,0.5734684467315674,62,T,A,WIL_PLA,A,63,63,THR,THR,True
1241,ThermoMPNN,WIL_PLA,0.0009386539459228,62,T,C,WIL_PLA,A,63,63,THR,THR,True
1242,ThermoMPNN,WIL_PLA,1.553800106048584,62,T,D,WIL_PLA,A,63,63,THR,THR,True
1243,ThermoMPNN,WIL_PLA,1.188048243522644,62,T,E,WIL_PLA,A,63,63,THR,THR,True
1244,ThermoMPNN,WIL_PLA,0.3258607387542724,62,T,F,WIL_PLA,A,63,63,THR,THR,True
1245,ThermoMPNN,WIL_PLA,1.2278811931610107,62,T,G,WIL_PLA,A,63,63,THR,THR,True
1246,ThermoMPNN,WIL_PLA,0.2056131362915039,62,T,H,WIL_PLA,A,63,63,THR,THR,True
1247,ThermoMPNN,WIL_PLA,-0.5640172958374023,62,T,I,WIL_PLA,A,63,63,THR,THR,True
1248,ThermoMPNN,WIL_PLA,0.2863009572029114,62,T,K,WIL_PLA,A,63,63,THR,THR,True
1249,ThermoMPNN,WIL_PLA,0.4359069466590881,62,T,L,WIL_PLA,A,63,63,THR,THR,True
1250,ThermoMPNN,WIL_PLA,0.4208055734634399,62,T,M,WIL_PLA,A,63,63,THR,THR,True
1251,ThermoMPNN,WIL_PLA,0.8796029686927795,62,T,N,WIL_PLA,A,63,63,THR,THR,True
1252,ThermoMPNN,WIL_PLA,1.283816695213318,62,T,P,WIL_PLA,A,63,63,THR,THR,True
1253,ThermoMPNN,WIL_PLA,0.6913098096847534,62,T,Q,WIL_PLA,A,63,63,THR,THR,True
1254,ThermoMPNN,WIL_PLA,-0.0038278102874755,62,T,R,WIL_PLA,A,63,63,THR,THR,True
1255,ThermoMPNN,WIL_PLA,0.4417078495025635,62,T,S,WIL_PLA,A,63,63,THR,THR,True
1256,ThermoMPNN,WIL_PLA,0.0,62,T,T,WIL_PLA,A,63,63,THR,THR,True
1257,ThermoMPNN,WIL_PLA,-0.5523512363433838,62,T,V,WIL_PLA,A,63,63,THR,THR,True
1258,ThermoMPNN,WIL_PLA,0.5093671083450317,62,T,W,WIL_PLA,A,63,63,THR,THR,True
1259,ThermoMPNN,WIL_PLA,0.1781708598136901,62,T,Y,WIL_PLA,A,63,63,THR,THR,True
1260,ThermoMPNN,WIL_PLA,0.7082106471061707,63,C,A,WIL_PLA,A,64,64,CYS,CYS,True
1261,ThermoMPNN,WIL_PLA,0.0,63,C,C,WIL_PLA,A,64,64,CYS,CYS,True
1262,ThermoMPNN,WIL_PLA,1.1897351741790771,63,C,D,WIL_PLA,A,64,64,CYS,CYS,True
1263,ThermoMPNN,WIL_PLA,2.219404697418213,63,C,E,WIL_PLA,A,64,64,CYS,CYS,True
1264,ThermoMPNN,WIL_PLA,0.6631695628166199,63,C,F,WIL_PLA,A,64,64,CYS,CYS,True
1265,ThermoMPNN,WIL_PLA,2.0203857421875,63,C,G,WIL_PLA,A,64,64,CYS,CYS,True
1266,ThermoMPNN,WIL_PLA,0.0690129995346069,63,C,H,WIL_PLA,A,64,64,CYS,CYS,True
1267,ThermoMPNN,WIL_PLA,0.7198691368103027,63,C,I,WIL_PLA,A,64,64,CYS,CYS,True
1268,ThermoMPNN,WIL_PLA,2.0002686977386475,63,C,K,WIL_PLA,A,64,64,CYS,CYS,True
1269,ThermoMPNN,WIL_PLA,0.7581656575202942,63,C,L,WIL_PLA,A,64,64,CYS,CYS,True
1270,ThermoMPNN,WIL_PLA,0.6212587952613831,63,C,M,WIL_PLA,A,64,64,CYS,CYS,True
1271,ThermoMPNN,WIL_PLA,0.2348635196685791,63,C,N,WIL_PLA,A,64,64,CYS,CYS,True
1272,ThermoMPNN,WIL_PLA,2.0627355575561523,63,C,P,WIL_PLA,A,64,64,CYS,CYS,True
1273,ThermoMPNN,WIL_PLA,1.5317341089248655,63,C,Q,WIL_PLA,A,64,64,CYS,CYS,True
1274,ThermoMPNN,WIL_PLA,1.652353286743164,63,C,R,WIL_PLA,A,64,64,CYS,CYS,True
1275,ThermoMPNN,WIL_PLA,0.6436038613319397,63,C,S,WIL_PLA,A,64,64,CYS,CYS,True
1276,ThermoMPNN,WIL_PLA,1.2915678024291992,63,C,T,WIL_PLA,A,64,64,CYS,CYS,True
1277,ThermoMPNN,WIL_PLA,0.3474178314208984,63,C,V,WIL_PLA,A,64,64,CYS,CYS,True
1278,ThermoMPNN,WIL_PLA,1.0999447107315063,63,C,W,WIL_PLA,A,64,64,CYS,CYS,True
1279,ThermoMPNN,WIL_PLA,0.7515883445739746,63,C,Y,WIL_PLA,A,64,64,CYS,CYS,True
1280,ThermoMPNN,WIL_PLA,-0.1258202195167541,64,D,A,WIL_PLA,A,65,65,ASP,ASP,True
1281,ThermoMPNN,WIL_PLA,-0.1139900684356689,64,D,C,WIL_PLA,A,65,65,ASP,ASP,True
1282,ThermoMPNN,WIL_PLA,0.0,64,D,D,WIL_PLA,A,65,65,ASP,ASP,True
1283,ThermoMPNN,WIL_PLA,0.1734516620635986,64,D,E,WIL_PLA,A,65,65,ASP,ASP,True
1284,ThermoMPNN,WIL_PLA,0.3606447577476501,64,D,F,WIL_PLA,A,65,65,ASP,ASP,True
1285,ThermoMPNN,WIL_PLA,0.2072836756706237,64,D,G,WIL_PLA,A,65,65,ASP,ASP,True
1286,ThermoMPNN,WIL_PLA,0.1385353207588195,64,D,H,WIL_PLA,A,65,65,ASP,ASP,True
1287,ThermoMPNN,WIL_PLA,0.3796305656433105,64,D,I,WIL_PLA,A,65,65,ASP,ASP,True
1288,ThermoMPNN,WIL_PLA,0.136681854724884,64,D,K,WIL_PLA,A,65,65,ASP,ASP,True
1289,ThermoMPNN,WIL_PLA,0.2414750456809997,64,D,L,WIL_PLA,A,65,65,ASP,ASP,True
1290,ThermoMPNN,WIL_PLA,0.345424473285675,64,D,M,WIL_PLA,A,65,65,ASP,ASP,True
1291,ThermoMPNN,WIL_PLA,0.0663614869117736,64,D,N,WIL_PLA,A,65,65,ASP,ASP,True
1292,ThermoMPNN,WIL_PLA,-0.107951819896698,64,D,P,WIL_PLA,A,65,65,ASP,ASP,True
1293,ThermoMPNN,WIL_PLA,0.1982222199440002,64,D,Q,WIL_PLA,A,65,65,ASP,ASP,True
1294,ThermoMPNN,WIL_PLA,0.2029086351394653,64,D,R,WIL_PLA,A,65,65,ASP,ASP,True
1295,ThermoMPNN,WIL_PLA,-0.1256610751152038,64,D,S,WIL_PLA,A,65,65,ASP,ASP,True
1296,ThermoMPNN,WIL_PLA,0.1554086208343505,64,D,T,WIL_PLA,A,65,65,ASP,ASP,True
1297,ThermoMPNN,WIL_PLA,0.318205714225769,64,D,V,WIL_PLA,A,65,65,ASP,ASP,True
1298,ThermoMPNN,WIL_PLA,0.3143186569213867,64,D,W,WIL_PLA,A,65,65,ASP,ASP,True
1299,ThermoMPNN,WIL_PLA,0.335206925868988,64,D,Y,WIL_PLA,A,65,65,ASP,ASP,True
1300,ThermoMPNN,WIL_PLA,-0.4102476239204407,65,V,A,WIL_PLA,A,66,66,VAL,VAL,True
1301,ThermoMPNN,WIL_PLA,-0.4219685196876526,65,V,C,WIL_PLA,A,66,66,VAL,VAL,True
1302,ThermoMPNN,WIL_PLA,0.629202663898468,65,V,D,WIL_PLA,A,66,66,VAL,VAL,True
1303,ThermoMPNN,WIL_PLA,0.3887182474136352,65,V,E,WIL_PLA,A,66,66,VAL,VAL,True
1304,ThermoMPNN,WIL_PLA,0.1659872531890869,65,V,F,WIL_PLA,A,66,66,VAL,VAL,True
1305,ThermoMPNN,WIL_PLA,0.2014839351177215,65,V,G,WIL_PLA,A,66,66,VAL,VAL,True
1306,ThermoMPNN,WIL_PLA,-0.1609179973602295,65,V,H,WIL_PLA,A,66,66,VAL,VAL,True
1307,ThermoMPNN,WIL_PLA,0.2850785851478576,65,V,I,WIL_PLA,A,66,66,VAL,VAL,True
1308,ThermoMPNN,WIL_PLA,-0.3382012248039245,65,V,K,WIL_PLA,A,66,66,VAL,VAL,True
1309,ThermoMPNN,WIL_PLA,-0.3401247859001159,65,V,L,WIL_PLA,A,66,66,VAL,VAL,True
1310,ThermoMPNN,WIL_PLA,-0.3849287629127502,65,V,M,WIL_PLA,A,66,66,VAL,VAL,True
1311,ThermoMPNN,WIL_PLA,-0.1451858282089233,65,V,N,WIL_PLA,A,66,66,VAL,VAL,True
1312,ThermoMPNN,WIL_PLA,1.0757839679718018,65,V,P,WIL_PLA,A,66,66,VAL,VAL,True
1313,ThermoMPNN,WIL_PLA,-0.1771118640899658,65,V,Q,WIL_PLA,A,66,66,VAL,VAL,True
1314,ThermoMPNN,WIL_PLA,-0.3058053851127624,65,V,R,WIL_PLA,A,66,66,VAL,VAL,True
1315,ThermoMPNN,WIL_PLA,-0.1875753402709961,65,V,S,WIL_PLA,A,66,66,VAL,VAL,True
1316,ThermoMPNN,WIL_PLA,-0.2024502754211425,65,V,T,WIL_PLA,A,66,66,VAL,VAL,True
1317,ThermoMPNN,WIL_PLA,0.0,65,V,V,WIL_PLA,A,66,66,VAL,VAL,True
1318,ThermoMPNN,WIL_PLA,0.4318436086177826,65,V,W,WIL_PLA,A,66,66,VAL,VAL,True
1319,ThermoMPNN,WIL_PLA,0.2761744260787964,65,V,Y,WIL_PLA,A,66,66,VAL,VAL,True
1320,ThermoMPNN,WIL_PLA,1.1283748149871826,66,G,A,WIL_PLA,A,67,67,GLY,GLY,True
1321,ThermoMPNN,WIL_PLA,0.6326690912246704,66,G,C,WIL_PLA,A,67,67,GLY,GLY,True
1322,ThermoMPNN,WIL_PLA,1.5720984935760498,66,G,D,WIL_PLA,A,67,67,GLY,GLY,True
1323,ThermoMPNN,WIL_PLA,1.4763555526733398,66,G,E,WIL_PLA,A,67,67,GLY,GLY,True
1324,ThermoMPNN,WIL_PLA,1.0755157470703125,66,G,F,WIL_PLA,A,67,67,GLY,GLY,True
1325,ThermoMPNN,WIL_PLA,0.0,66,G,G,WIL_PLA,A,67,67,GLY,GLY,True
1326,ThermoMPNN,WIL_PLA,0.8512506484985352,66,G,H,WIL_PLA,A,67,67,GLY,GLY,True
1327,ThermoMPNN,WIL_PLA,1.6846219301223757,66,G,I,WIL_PLA,A,67,67,GLY,GLY,True
1328,ThermoMPNN,WIL_PLA,1.036081314086914,66,G,K,WIL_PLA,A,67,67,GLY,GLY,True
1329,ThermoMPNN,WIL_PLA,1.2196327447891235,66,G,L,WIL_PLA,A,67,67,GLY,GLY,True
1330,ThermoMPNN,WIL_PLA,1.10805344581604,66,G,M,WIL_PLA,A,67,67,GLY,GLY,True
1331,ThermoMPNN,WIL_PLA,0.9980528950691224,66,G,N,WIL_PLA,A,67,67,GLY,GLY,True
1332,ThermoMPNN,WIL_PLA,2.074841022491455,66,G,P,WIL_PLA,A,67,67,GLY,GLY,True
1333,ThermoMPNN,WIL_PLA,1.0839505195617676,66,G,Q,WIL_PLA,A,67,67,GLY,GLY,True
1334,ThermoMPNN,WIL_PLA,1.0868775844573977,66,G,R,WIL_PLA,A,67,67,GLY,GLY,True
1335,ThermoMPNN,WIL_PLA,1.2906279563903809,66,G,S,WIL_PLA,A,67,67,GLY,GLY,True
1336,ThermoMPNN,WIL_PLA,1.581623077392578,66,G,T,WIL_PLA,A,67,67,GLY,GLY,True
1337,ThermoMPNN,WIL_PLA,1.685542345046997,66,G,V,WIL_PLA,A,67,67,GLY,GLY,True
1338,ThermoMPNN,WIL_PLA,1.3510262966156006,66,G,W,WIL_PLA,A,67,67,GLY,GLY,True
1339,ThermoMPNN,WIL_PLA,1.2005131244659424,66,G,Y,WIL_PLA,A,67,67,GLY,GLY,True
1340,ThermoMPNN,WIL_PLA,-0.12946617603302,67,N,A,WIL_PLA,A,68,68,ASN,ASN,True
1341,ThermoMPNN,WIL_PLA,0.0574142932891845,67,N,C,WIL_PLA,A,68,68,ASN,ASN,True
1342,ThermoMPNN,WIL_PLA,1.2941224575042725,67,N,D,WIL_PLA,A,68,68,ASN,ASN,True
1343,ThermoMPNN,WIL_PLA,1.4994392395019531,67,N,E,WIL_PLA,A,68,68,ASN,ASN,True
1344,ThermoMPNN,WIL_PLA,0.6938343644142151,67,N,F,WIL_PLA,A,68,68,ASN,ASN,True
1345,ThermoMPNN,WIL_PLA,0.3237781524658203,67,N,G,WIL_PLA,A,68,68,ASN,ASN,True
1346,ThermoMPNN,WIL_PLA,0.3095122575759887,67,N,H,WIL_PLA,A,68,68,ASN,ASN,True
1347,ThermoMPNN,WIL_PLA,0.8603585958480835,67,N,I,WIL_PLA,A,68,68,ASN,ASN,True
1348,ThermoMPNN,WIL_PLA,0.0167335271835327,67,N,K,WIL_PLA,A,68,68,ASN,ASN,True
1349,ThermoMPNN,WIL_PLA,0.552997350692749,67,N,L,WIL_PLA,A,68,68,ASN,ASN,True
1350,ThermoMPNN,WIL_PLA,0.4348560571670532,67,N,M,WIL_PLA,A,68,68,ASN,ASN,True
1351,ThermoMPNN,WIL_PLA,0.0,67,N,N,WIL_PLA,A,68,68,ASN,ASN,True
1352,ThermoMPNN,WIL_PLA,2.167506456375122,67,N,P,WIL_PLA,A,68,68,ASN,ASN,True
1353,ThermoMPNN,WIL_PLA,0.4358749985694885,67,N,Q,WIL_PLA,A,68,68,ASN,ASN,True
1354,ThermoMPNN,WIL_PLA,-0.1973079442977905,67,N,R,WIL_PLA,A,68,68,ASN,ASN,True
1355,ThermoMPNN,WIL_PLA,-0.2272809743881225,67,N,S,WIL_PLA,A,68,68,ASN,ASN,True
1356,ThermoMPNN,WIL_PLA,-0.2743488550186157,67,N,T,WIL_PLA,A,68,68,ASN,ASN,True
1357,ThermoMPNN,WIL_PLA,0.5002871751785278,67,N,V,WIL_PLA,A,68,68,ASN,ASN,True
1358,ThermoMPNN,WIL_PLA,0.9913667440414428,67,N,W,WIL_PLA,A,68,68,ASN,ASN,True
1359,ThermoMPNN,WIL_PLA,0.6158638000488281,67,N,Y,WIL_PLA,A,68,68,ASN,ASN,True
1360,ThermoMPNN,WIL_PLA,-0.4474793672561645,68,C,A,WIL_PLA,A,69,69,CYS,CYS,True
1361,ThermoMPNN,WIL_PLA,0.0,68,C,C,WIL_PLA,A,69,69,CYS,CYS,True
1362,ThermoMPNN,WIL_PLA,2.126243352890014,68,C,D,WIL_PLA,A,69,69,CYS,CYS,True
1363,ThermoMPNN,WIL_PLA,2.2080652713775635,68,C,E,WIL_PLA,A,69,69,CYS,CYS,True
1364,ThermoMPNN,WIL_PLA,0.3490306138992309,68,C,F,WIL_PLA,A,69,69,CYS,CYS,True
1365,ThermoMPNN,WIL_PLA,0.9556095004081726,68,C,G,WIL_PLA,A,69,69,CYS,CYS,True
1366,ThermoMPNN,WIL_PLA,1.4910091161727903,68,C,H,WIL_PLA,A,69,69,CYS,CYS,True
1367,ThermoMPNN,WIL_PLA,0.7322987914085388,68,C,I,WIL_PLA,A,69,69,CYS,CYS,True
1368,ThermoMPNN,WIL_PLA,1.710384964942932,68,C,K,WIL_PLA,A,69,69,CYS,CYS,True
1369,ThermoMPNN,WIL_PLA,1.3111203908920288,68,C,L,WIL_PLA,A,69,69,CYS,CYS,True
1370,ThermoMPNN,WIL_PLA,0.6249004602432251,68,C,M,WIL_PLA,A,69,69,CYS,CYS,True
1371,ThermoMPNN,WIL_PLA,2.021568775177002,68,C,N,WIL_PLA,A,69,69,CYS,CYS,True
1372,ThermoMPNN,WIL_PLA,1.6096415519714355,68,C,P,WIL_PLA,A,69,69,CYS,CYS,True
1373,ThermoMPNN,WIL_PLA,1.470555067062378,68,C,Q,WIL_PLA,A,69,69,CYS,CYS,True
1374,ThermoMPNN,WIL_PLA,1.6452664136886597,68,C,R,WIL_PLA,A,69,69,CYS,CYS,True
1375,ThermoMPNN,WIL_PLA,-0.0634273290634155,68,C,S,WIL_PLA,A,69,69,CYS,CYS,True
1376,ThermoMPNN,WIL_PLA,0.305453896522522,68,C,T,WIL_PLA,A,69,69,CYS,CYS,True
1377,ThermoMPNN,WIL_PLA,0.5893049240112305,68,C,V,WIL_PLA,A,69,69,CYS,CYS,True
1378,ThermoMPNN,WIL_PLA,1.2882832288742063,68,C,W,WIL_PLA,A,69,69,CYS,CYS,True
1379,ThermoMPNN,WIL_PLA,0.9425765872001648,68,C,Y,WIL_PLA,A,69,69,CYS,CYS,True
1380,ThermoMPNN,WIL_PLA,0.0840515494346618,69,P,A,WIL_PLA,A,70,70,PRO,PRO,True
1381,ThermoMPNN,WIL_PLA,-0.1244876980781555,69,P,C,WIL_PLA,A,70,70,PRO,PRO,True
1382,ThermoMPNN,WIL_PLA,0.8944065570831299,69,P,D,WIL_PLA,A,70,70,PRO,PRO,True
1383,ThermoMPNN,WIL_PLA,0.5337846279144287,69,P,E,WIL_PLA,A,70,70,PRO,PRO,True
1384,ThermoMPNN,WIL_PLA,0.0563862323760986,69,P,F,WIL_PLA,A,70,70,PRO,PRO,True
1385,ThermoMPNN,WIL_PLA,0.5166358947753906,69,P,G,WIL_PLA,A,70,70,PRO,PRO,True
1386,ThermoMPNN,WIL_PLA,0.2146201729774475,69,P,H,WIL_PLA,A,70,70,PRO,PRO,True
1387,ThermoMPNN,WIL_PLA,-0.2092365026473999,69,P,I,WIL_PLA,A,70,70,PRO,PRO,True
1388,ThermoMPNN,WIL_PLA,-0.3009932041168213,69,P,K,WIL_PLA,A,70,70,PRO,PRO,True
1389,ThermoMPNN,WIL_PLA,-0.114675760269165,69,P,L,WIL_PLA,A,70,70,PRO,PRO,True
1390,ThermoMPNN,WIL_PLA,-0.0183601379394531,69,P,M,WIL_PLA,A,70,70,PRO,PRO,True
1391,ThermoMPNN,WIL_PLA,0.4958105087280273,69,P,N,WIL_PLA,A,70,70,PRO,PRO,True
1392,ThermoMPNN,WIL_PLA,0.0,69,P,P,WIL_PLA,A,70,70,PRO,PRO,True
1393,ThermoMPNN,WIL_PLA,0.0886690020561218,69,P,Q,WIL_PLA,A,70,70,PRO,PRO,True
1394,ThermoMPNN,WIL_PLA,-0.1903657913208007,69,P,R,WIL_PLA,A,70,70,PRO,PRO,True
1395,ThermoMPNN,WIL_PLA,0.2495744824409485,69,P,S,WIL_PLA,A,70,70,PRO,PRO,True
1396,ThermoMPNN,WIL_PLA,0.0614951252937316,69,P,T,WIL_PLA,A,70,70,PRO,PRO,True
1397,ThermoMPNN,WIL_PLA,-0.1216463446617126,69,P,V,WIL_PLA,A,70,70,PRO,PRO,True
1398,ThermoMPNN,WIL_PLA,0.2782533168792724,69,P,W,WIL_PLA,A,70,70,PRO,PRO,True
1399,ThermoMPNN,WIL_PLA,0.161095917224884,69,P,Y,WIL_PLA,A,70,70,PRO,PRO,True
1400,ThermoMPNN,WIL_PLA,0.6785790920257568,70,L,A,WIL_PLA,A,71,71,LEU,LEU,True
1401,ThermoMPNN,WIL_PLA,0.5617090463638306,70,L,C,WIL_PLA,A,71,71,LEU,LEU,True
1402,ThermoMPNN,WIL_PLA,1.547744870185852,70,L,D,WIL_PLA,A,71,71,LEU,LEU,True
1403,ThermoMPNN,WIL_PLA,1.266415238380432,70,L,E,WIL_PLA,A,71,71,LEU,LEU,True
1404,ThermoMPNN,WIL_PLA,0.5462378263473511,70,L,F,WIL_PLA,A,71,71,LEU,LEU,True
1405,ThermoMPNN,WIL_PLA,1.3668357133865356,70,L,G,WIL_PLA,A,71,71,LEU,LEU,True
1406,ThermoMPNN,WIL_PLA,0.6385084390640259,70,L,H,WIL_PLA,A,71,71,LEU,LEU,True
1407,ThermoMPNN,WIL_PLA,0.4059300422668457,70,L,I,WIL_PLA,A,71,71,LEU,LEU,True
1408,ThermoMPNN,WIL_PLA,-0.1723710298538208,70,L,K,WIL_PLA,A,71,71,LEU,LEU,True
1409,ThermoMPNN,WIL_PLA,0.0,70,L,L,WIL_PLA,A,71,71,LEU,LEU,True
1410,ThermoMPNN,WIL_PLA,0.2063465118408203,70,L,M,WIL_PLA,A,71,71,LEU,LEU,True
1411,ThermoMPNN,WIL_PLA,0.7949721813201904,70,L,N,WIL_PLA,A,71,71,LEU,LEU,True
1412,ThermoMPNN,WIL_PLA,2.117082118988037,70,L,P,WIL_PLA,A,71,71,LEU,LEU,True
1413,ThermoMPNN,WIL_PLA,0.4337694644927978,70,L,Q,WIL_PLA,A,71,71,LEU,LEU,True
1414,ThermoMPNN,WIL_PLA,-0.4504811763763428,70,L,R,WIL_PLA,A,71,71,LEU,LEU,True
1415,ThermoMPNN,WIL_PLA,0.8334469199180603,70,L,S,WIL_PLA,A,71,71,LEU,LEU,True
1416,ThermoMPNN,WIL_PLA,0.5700696706771851,70,L,T,WIL_PLA,A,71,71,LEU,LEU,True
1417,ThermoMPNN,WIL_PLA,0.6539392471313477,70,L,V,WIL_PLA,A,71,71,LEU,LEU,True
1418,ThermoMPNN,WIL_PLA,0.6302223801612854,70,L,W,WIL_PLA,A,71,71,LEU,LEU,True
1419,ThermoMPNN,WIL_PLA,0.5734825730323792,70,L,Y,WIL_PLA,A,71,71,LEU,LEU,True
1420,ThermoMPNN,WIL_PLA,1.932746410369873,71,V,A,WIL_PLA,A,72,72,VAL,VAL,True
1421,ThermoMPNN,WIL_PLA,1.5603394508361816,71,V,C,WIL_PLA,A,72,72,VAL,VAL,True
1422,ThermoMPNN,WIL_PLA,2.7787182331085205,71,V,D,WIL_PLA,A,72,72,VAL,VAL,True
1423,ThermoMPNN,WIL_PLA,2.704521894454956,71,V,E,WIL_PLA,A,72,72,VAL,VAL,True
1424,ThermoMPNN,WIL_PLA,2.310074806213379,71,V,F,WIL_PLA,A,72,72,VAL,VAL,True
1425,ThermoMPNN,WIL_PLA,3.0353879928588867,71,V,G,WIL_PLA,A,72,72,VAL,VAL,True
1426,ThermoMPNN,WIL_PLA,2.968636274337769,71,V,H,WIL_PLA,A,72,72,VAL,VAL,True
1427,ThermoMPNN,WIL_PLA,0.4020287990570068,71,V,I,WIL_PLA,A,72,72,VAL,VAL,True
1428,ThermoMPNN,WIL_PLA,2.7965633869171143,71,V,K,WIL_PLA,A,72,72,VAL,VAL,True
1429,ThermoMPNN,WIL_PLA,0.8401702642440796,71,V,L,WIL_PLA,A,72,72,VAL,VAL,True
1430,ThermoMPNN,WIL_PLA,1.8717844486236568,71,V,M,WIL_PLA,A,72,72,VAL,VAL,True
1431,ThermoMPNN,WIL_PLA,3.047834873199463,71,V,N,WIL_PLA,A,72,72,VAL,VAL,True
1432,ThermoMPNN,WIL_PLA,2.725903987884521,71,V,P,WIL_PLA,A,72,72,VAL,VAL,True
1433,ThermoMPNN,WIL_PLA,2.769010066986084,71,V,Q,WIL_PLA,A,72,72,VAL,VAL,True
1434,ThermoMPNN,WIL_PLA,2.85474157333374,71,V,R,WIL_PLA,A,72,72,VAL,VAL,True
1435,ThermoMPNN,WIL_PLA,2.94115686416626,71,V,S,WIL_PLA,A,72,72,VAL,VAL,True
1436,ThermoMPNN,WIL_PLA,2.0696866512298584,71,V,T,WIL_PLA,A,72,72,VAL,VAL,True
1437,ThermoMPNN,WIL_PLA,0.0,71,V,V,WIL_PLA,A,72,72,VAL,VAL,True
1438,ThermoMPNN,WIL_PLA,2.6795687675476074,71,V,W,WIL_PLA,A,72,72,VAL,VAL,True
1439,ThermoMPNN,WIL_PLA,2.6835718154907227,71,V,Y,WIL_PLA,A,72,72,VAL,VAL,True
1440,ThermoMPNN,WIL_PLA,-0.0474894642829895,72,E,A,WIL_PLA,A,73,73,GLU,GLU,True
1441,ThermoMPNN,WIL_PLA,-0.3265610337257385,72,E,C,WIL_PLA,A,73,73,GLU,GLU,True
1442,ThermoMPNN,WIL_PLA,0.4357744753360748,72,E,D,WIL_PLA,A,73,73,GLU,GLU,True
1443,ThermoMPNN,WIL_PLA,0.0,72,E,E,WIL_PLA,A,73,73,GLU,GLU,True
1444,ThermoMPNN,WIL_PLA,-0.1162015199661254,72,E,F,WIL_PLA,A,73,73,GLU,GLU,True
1445,ThermoMPNN,WIL_PLA,0.7631676197052002,72,E,G,WIL_PLA,A,73,73,GLU,GLU,True
1446,ThermoMPNN,WIL_PLA,0.105114459991455,72,E,H,WIL_PLA,A,73,73,GLU,GLU,True
1447,ThermoMPNN,WIL_PLA,-0.8002977967262268,72,E,I,WIL_PLA,A,73,73,GLU,GLU,True
1448,ThermoMPNN,WIL_PLA,0.104110300540924,72,E,K,WIL_PLA,A,73,73,GLU,GLU,True
1449,ThermoMPNN,WIL_PLA,-0.2682326436042785,72,E,L,WIL_PLA,A,73,73,GLU,GLU,True
1450,ThermoMPNN,WIL_PLA,-0.2638377547264099,72,E,M,WIL_PLA,A,73,73,GLU,GLU,True
1451,ThermoMPNN,WIL_PLA,0.4912723898887634,72,E,N,WIL_PLA,A,73,73,GLU,GLU,True
1452,ThermoMPNN,WIL_PLA,1.7027673721313477,72,E,P,WIL_PLA,A,73,73,GLU,GLU,True
1453,ThermoMPNN,WIL_PLA,-0.181558072566986,72,E,Q,WIL_PLA,A,73,73,GLU,GLU,True
1454,ThermoMPNN,WIL_PLA,0.0806421637535095,72,E,R,WIL_PLA,A,73,73,GLU,GLU,True
1455,ThermoMPNN,WIL_PLA,0.243837833404541,72,E,S,WIL_PLA,A,73,73,GLU,GLU,True
1456,ThermoMPNN,WIL_PLA,-0.1836223006248474,72,E,T,WIL_PLA,A,73,73,GLU,GLU,True
1457,ThermoMPNN,WIL_PLA,-0.8508453965187073,72,E,V,WIL_PLA,A,73,73,GLU,GLU,True
1458,ThermoMPNN,WIL_PLA,0.0831179618835449,72,E,W,WIL_PLA,A,73,73,GLU,GLU,True
1459,ThermoMPNN,WIL_PLA,0.0023481845855712,72,E,Y,WIL_PLA,A,73,73,GLU,GLU,True
1460,ThermoMPNN,WIL_PLA,0.0,73,A,A,WIL_PLA,A,74,74,ALA,ALA,True
1461,ThermoMPNN,WIL_PLA,0.1369646787643432,73,A,C,WIL_PLA,A,74,74,ALA,ALA,True
1462,ThermoMPNN,WIL_PLA,0.875354528427124,73,A,D,WIL_PLA,A,74,74,ALA,ALA,True
1463,ThermoMPNN,WIL_PLA,0.4402211308479309,73,A,E,WIL_PLA,A,74,74,ALA,ALA,True
1464,ThermoMPNN,WIL_PLA,0.3219113349914551,73,A,F,WIL_PLA,A,74,74,ALA,ALA,True
1465,ThermoMPNN,WIL_PLA,0.8082398772239685,73,A,G,WIL_PLA,A,74,74,ALA,ALA,True
1466,ThermoMPNN,WIL_PLA,0.2954386472702026,73,A,H,WIL_PLA,A,74,74,ALA,ALA,True
1467,ThermoMPNN,WIL_PLA,0.2468687891960144,73,A,I,WIL_PLA,A,74,74,ALA,ALA,True
1468,ThermoMPNN,WIL_PLA,-0.0001219511032104,73,A,K,WIL_PLA,A,74,74,ALA,ALA,True
1469,ThermoMPNN,WIL_PLA,0.2582534551620483,73,A,L,WIL_PLA,A,74,74,ALA,ALA,True
1470,ThermoMPNN,WIL_PLA,0.169919729232788,73,A,M,WIL_PLA,A,74,74,ALA,ALA,True
1471,ThermoMPNN,WIL_PLA,0.5333915948867798,73,A,N,WIL_PLA,A,74,74,ALA,ALA,True
1472,ThermoMPNN,WIL_PLA,2.5075173377990723,73,A,P,WIL_PLA,A,74,74,ALA,ALA,True
1473,ThermoMPNN,WIL_PLA,0.1331732273101806,73,A,Q,WIL_PLA,A,74,74,ALA,ALA,True
1474,ThermoMPNN,WIL_PLA,-0.078647494316101,73,A,R,WIL_PLA,A,74,74,ALA,ALA,True
1475,ThermoMPNN,WIL_PLA,0.3097111582756042,73,A,S,WIL_PLA,A,74,74,ALA,ALA,True
1476,ThermoMPNN,WIL_PLA,0.4361065030097961,73,A,T,WIL_PLA,A,74,74,ALA,ALA,True
1477,ThermoMPNN,WIL_PLA,0.3553486466407776,73,A,V,WIL_PLA,A,74,74,ALA,ALA,True
1478,ThermoMPNN,WIL_PLA,0.2070818543434143,73,A,W,WIL_PLA,A,74,74,ALA,ALA,True
1479,ThermoMPNN,WIL_PLA,0.1679286360740661,73,A,Y,WIL_PLA,A,74,74,ALA,ALA,True
1480,ThermoMPNN,WIL_PLA,0.0,74,A,A,WIL_PLA,A,75,75,ALA,ALA,True
1481,ThermoMPNN,WIL_PLA,0.5613390803337097,74,A,C,WIL_PLA,A,75,75,ALA,ALA,True
1482,ThermoMPNN,WIL_PLA,1.218964695930481,74,A,D,WIL_PLA,A,75,75,ALA,ALA,True
1483,ThermoMPNN,WIL_PLA,1.5065118074417114,74,A,E,WIL_PLA,A,75,75,ALA,ALA,True
1484,ThermoMPNN,WIL_PLA,0.8840903043746948,74,A,F,WIL_PLA,A,75,75,ALA,ALA,True
1485,ThermoMPNN,WIL_PLA,0.5558755993843079,74,A,G,WIL_PLA,A,75,75,ALA,ALA,True
1486,ThermoMPNN,WIL_PLA,0.7629750967025757,74,A,H,WIL_PLA,A,75,75,ALA,ALA,True
1487,ThermoMPNN,WIL_PLA,0.9065802097320556,74,A,I,WIL_PLA,A,75,75,ALA,ALA,True
1488,ThermoMPNN,WIL_PLA,0.6125532984733582,74,A,K,WIL_PLA,A,75,75,ALA,ALA,True
1489,ThermoMPNN,WIL_PLA,0.7671119570732117,74,A,L,WIL_PLA,A,75,75,ALA,ALA,True
1490,ThermoMPNN,WIL_PLA,0.5711177587509155,74,A,M,WIL_PLA,A,75,75,ALA,ALA,True
1491,ThermoMPNN,WIL_PLA,0.8103539347648621,74,A,N,WIL_PLA,A,75,75,ALA,ALA,True
1492,ThermoMPNN,WIL_PLA,1.989020109176636,74,A,P,WIL_PLA,A,75,75,ALA,ALA,True
1493,ThermoMPNN,WIL_PLA,0.7434524297714233,74,A,Q,WIL_PLA,A,75,75,ALA,ALA,True
1494,ThermoMPNN,WIL_PLA,0.4625779986381531,74,A,R,WIL_PLA,A,75,75,ALA,ALA,True
1495,ThermoMPNN,WIL_PLA,0.1329469680786132,74,A,S,WIL_PLA,A,75,75,ALA,ALA,True
1496,ThermoMPNN,WIL_PLA,0.2583494186401367,74,A,T,WIL_PLA,A,75,75,ALA,ALA,True
1497,ThermoMPNN,WIL_PLA,0.9780369997024536,74,A,V,WIL_PLA,A,75,75,ALA,ALA,True
1498,ThermoMPNN,WIL_PLA,0.8925778269767761,74,A,W,WIL_PLA,A,75,75,ALA,ALA,True
1499,ThermoMPNN,WIL_PLA,0.7660807967185974,74,A,Y,WIL_PLA,A,75,75,ALA,ALA,True
1500,ThermoMPNN,WIL_PLA,0.6608724594116211,75,G,A,WIL_PLA,A,76,76,GLY,GLY,True
1501,ThermoMPNN,WIL_PLA,0.2391855716705322,75,G,C,WIL_PLA,A,76,76,GLY,GLY,True
1502,ThermoMPNN,WIL_PLA,1.1783690452575684,75,G,D,WIL_PLA,A,76,76,GLY,GLY,True
1503,ThermoMPNN,WIL_PLA,1.0986284017562866,75,G,E,WIL_PLA,A,76,76,GLY,GLY,True
1504,ThermoMPNN,WIL_PLA,0.7205433249473572,75,G,F,WIL_PLA,A,76,76,GLY,GLY,True
1505,ThermoMPNN,WIL_PLA,0.0,75,G,G,WIL_PLA,A,76,76,GLY,GLY,True
1506,ThermoMPNN,WIL_PLA,0.3758555650711059,75,G,H,WIL_PLA,A,76,76,GLY,GLY,True
1507,ThermoMPNN,WIL_PLA,1.4523861408233645,75,G,I,WIL_PLA,A,76,76,GLY,GLY,True
1508,ThermoMPNN,WIL_PLA,0.4261111617088318,75,G,K,WIL_PLA,A,76,76,GLY,GLY,True
1509,ThermoMPNN,WIL_PLA,0.7550625205039978,75,G,L,WIL_PLA,A,76,76,GLY,GLY,True
1510,ThermoMPNN,WIL_PLA,0.5768482685089111,75,G,M,WIL_PLA,A,76,76,GLY,GLY,True
1511,ThermoMPNN,WIL_PLA,0.4338905811309814,75,G,N,WIL_PLA,A,76,76,GLY,GLY,True
1512,ThermoMPNN,WIL_PLA,2.0788371562957764,75,G,P,WIL_PLA,A,76,76,GLY,GLY,True
1513,ThermoMPNN,WIL_PLA,0.4991151690483093,75,G,Q,WIL_PLA,A,76,76,GLY,GLY,True
1514,ThermoMPNN,WIL_PLA,0.5777211785316467,75,G,R,WIL_PLA,A,76,76,GLY,GLY,True
1515,ThermoMPNN,WIL_PLA,0.8386157155036926,75,G,S,WIL_PLA,A,76,76,GLY,GLY,True
1516,ThermoMPNN,WIL_PLA,1.279999613761902,75,G,T,WIL_PLA,A,76,76,GLY,GLY,True
1517,ThermoMPNN,WIL_PLA,1.4043264389038086,75,G,V,WIL_PLA,A,76,76,GLY,GLY,True
1518,ThermoMPNN,WIL_PLA,1.0381373167037964,75,G,W,WIL_PLA,A,76,76,GLY,GLY,True
1519,ThermoMPNN,WIL_PLA,0.862616777420044,75,G,Y,WIL_PLA,A,76,76,GLY,GLY,True
1520,ThermoMPNN,WIL_PLA,0.0,76,A,A,WIL_PLA,A,77,77,ALA,ALA,True
1521,ThermoMPNN,WIL_PLA,0.5242520570755005,76,A,C,WIL_PLA,A,77,77,ALA,ALA,True
1522,ThermoMPNN,WIL_PLA,1.95199191570282,76,A,D,WIL_PLA,A,77,77,ALA,ALA,True
1523,ThermoMPNN,WIL_PLA,1.882174253463745,76,A,E,WIL_PLA,A,77,77,ALA,ALA,True
1524,ThermoMPNN,WIL_PLA,1.0746026039123535,76,A,F,WIL_PLA,A,77,77,ALA,ALA,True
1525,ThermoMPNN,WIL_PLA,1.428699612617493,76,A,G,WIL_PLA,A,77,77,ALA,ALA,True
1526,ThermoMPNN,WIL_PLA,1.7593729496002195,76,A,H,WIL_PLA,A,77,77,ALA,ALA,True
1527,ThermoMPNN,WIL_PLA,0.6122136116027832,76,A,I,WIL_PLA,A,77,77,ALA,ALA,True
1528,ThermoMPNN,WIL_PLA,2.041419982910156,76,A,K,WIL_PLA,A,77,77,ALA,ALA,True
1529,ThermoMPNN,WIL_PLA,1.0324764251708984,76,A,L,WIL_PLA,A,77,77,ALA,ALA,True
1530,ThermoMPNN,WIL_PLA,1.0727784633636477,76,A,M,WIL_PLA,A,77,77,ALA,ALA,True
1531,ThermoMPNN,WIL_PLA,1.9170551300048828,76,A,N,WIL_PLA,A,77,77,ALA,ALA,True
1532,ThermoMPNN,WIL_PLA,1.3799811601638794,76,A,P,WIL_PLA,A,77,77,ALA,ALA,True
1533,ThermoMPNN,WIL_PLA,1.905322790145874,76,A,Q,WIL_PLA,A,77,77,ALA,ALA,True
1534,ThermoMPNN,WIL_PLA,1.8213611841201784,76,A,R,WIL_PLA,A,77,77,ALA,ALA,True
1535,ThermoMPNN,WIL_PLA,0.7917868494987488,76,A,S,WIL_PLA,A,77,77,ALA,ALA,True
1536,ThermoMPNN,WIL_PLA,0.6171140670776367,76,A,T,WIL_PLA,A,77,77,ALA,ALA,True
1537,ThermoMPNN,WIL_PLA,0.1061047315597534,76,A,V,WIL_PLA,A,77,77,ALA,ALA,True
1538,ThermoMPNN,WIL_PLA,1.3865175247192385,76,A,W,WIL_PLA,A,77,77,ALA,ALA,True
1539,ThermoMPNN,WIL_PLA,1.2759120464324951,76,A,Y,WIL_PLA,A,77,77,ALA,ALA,True
1540,ThermoMPNN,WIL_PLA,1.227021336555481,77,T,A,WIL_PLA,A,78,78,THR,THR,True
1541,ThermoMPNN,WIL_PLA,0.307848572731018,77,T,C,WIL_PLA,A,78,78,THR,THR,True
1542,ThermoMPNN,WIL_PLA,2.624295473098755,77,T,D,WIL_PLA,A,78,78,THR,THR,True
1543,ThermoMPNN,WIL_PLA,1.5067312717437744,77,T,E,WIL_PLA,A,78,78,THR,THR,True
1544,ThermoMPNN,WIL_PLA,0.2652167081832886,77,T,F,WIL_PLA,A,78,78,THR,THR,True
1545,ThermoMPNN,WIL_PLA,2.6149816513061523,77,T,G,WIL_PLA,A,78,78,THR,THR,True
1546,ThermoMPNN,WIL_PLA,0.8355869054794312,77,T,H,WIL_PLA,A,78,78,THR,THR,True
1547,ThermoMPNN,WIL_PLA,-0.6604511737823486,77,T,I,WIL_PLA,A,78,78,THR,THR,True
1548,ThermoMPNN,WIL_PLA,0.5540331602096558,77,T,K,WIL_PLA,A,78,78,THR,THR,True
1549,ThermoMPNN,WIL_PLA,0.2738726139068603,77,T,L,WIL_PLA,A,78,78,THR,THR,True
1550,ThermoMPNN,WIL_PLA,0.2969094514846802,77,T,M,WIL_PLA,A,78,78,THR,THR,True
1551,ThermoMPNN,WIL_PLA,1.6670897006988523,77,T,N,WIL_PLA,A,78,78,THR,THR,True
1552,ThermoMPNN,WIL_PLA,2.862340211868286,77,T,P,WIL_PLA,A,78,78,THR,THR,True
1553,ThermoMPNN,WIL_PLA,0.9943190813064576,77,T,Q,WIL_PLA,A,78,78,THR,THR,True
1554,ThermoMPNN,WIL_PLA,0.1329280138015747,77,T,R,WIL_PLA,A,78,78,THR,THR,True
1555,ThermoMPNN,WIL_PLA,0.955163598060608,77,T,S,WIL_PLA,A,78,78,THR,THR,True
1556,ThermoMPNN,WIL_PLA,0.0,77,T,T,WIL_PLA,A,78,78,THR,THR,True
1557,ThermoMPNN,WIL_PLA,-0.456100583076477,77,T,V,WIL_PLA,A,78,78,THR,THR,True
1558,ThermoMPNN,WIL_PLA,0.5022603273391724,77,T,W,WIL_PLA,A,78,78,THR,THR,True
1559,ThermoMPNN,WIL_PLA,0.2256228923797607,77,T,Y,WIL_PLA,A,78,78,THR,THR,True
1560,ThermoMPNN,WIL_PLA,1.7731252908706665,78,T,A,WIL_PLA,A,79,79,THR,THR,True
1561,ThermoMPNN,WIL_PLA,0.908911943435669,78,T,C,WIL_PLA,A,79,79,THR,THR,True
1562,ThermoMPNN,WIL_PLA,2.4750401973724365,78,T,D,WIL_PLA,A,79,79,THR,THR,True
1563,ThermoMPNN,WIL_PLA,2.53699278831482,78,T,E,WIL_PLA,A,79,79,THR,THR,True
1564,ThermoMPNN,WIL_PLA,1.6045424938201904,78,T,F,WIL_PLA,A,79,79,THR,THR,True
1565,ThermoMPNN,WIL_PLA,1.7726744413375854,78,T,G,WIL_PLA,A,79,79,THR,THR,True
1566,ThermoMPNN,WIL_PLA,2.029951810836792,78,T,H,WIL_PLA,A,79,79,THR,THR,True
1567,ThermoMPNN,WIL_PLA,0.5086355209350586,78,T,I,WIL_PLA,A,79,79,THR,THR,True
1568,ThermoMPNN,WIL_PLA,1.5290029048919678,78,T,K,WIL_PLA,A,79,79,THR,THR,True
1569,ThermoMPNN,WIL_PLA,0.5424777269363403,78,T,L,WIL_PLA,A,79,79,THR,THR,True
1570,ThermoMPNN,WIL_PLA,1.0193300247192385,78,T,M,WIL_PLA,A,79,79,THR,THR,True
1571,ThermoMPNN,WIL_PLA,1.679742455482483,78,T,N,WIL_PLA,A,79,79,THR,THR,True
1572,ThermoMPNN,WIL_PLA,1.615877628326416,78,T,P,WIL_PLA,A,79,79,THR,THR,True
1573,ThermoMPNN,WIL_PLA,2.024866819381714,78,T,Q,WIL_PLA,A,79,79,THR,THR,True
1574,ThermoMPNN,WIL_PLA,1.2402446269989014,78,T,R,WIL_PLA,A,79,79,THR,THR,True
1575,ThermoMPNN,WIL_PLA,0.9604837894439696,78,T,S,WIL_PLA,A,79,79,THR,THR,True
1576,ThermoMPNN,WIL_PLA,0.0,78,T,T,WIL_PLA,A,79,79,THR,THR,True
1577,ThermoMPNN,WIL_PLA,0.4897100925445556,78,T,V,WIL_PLA,A,79,79,THR,THR,True
1578,ThermoMPNN,WIL_PLA,1.8674025535583496,78,T,W,WIL_PLA,A,79,79,THR,THR,True
1579,ThermoMPNN,WIL_PLA,1.899826407432556,78,T,Y,WIL_PLA,A,79,79,THR,THR,True
1580,ThermoMPNN,WIL_PLA,1.6759740114212036,79,I,A,WIL_PLA,A,80,80,ILE,ILE,True
1581,ThermoMPNN,WIL_PLA,0.9178885221481324,79,I,C,WIL_PLA,A,80,80,ILE,ILE,True
1582,ThermoMPNN,WIL_PLA,3.0596024990081787,79,I,D,WIL_PLA,A,80,80,ILE,ILE,True
1583,ThermoMPNN,WIL_PLA,2.473299741744995,79,I,E,WIL_PLA,A,80,80,ILE,ILE,True
1584,ThermoMPNN,WIL_PLA,0.3407679796218872,79,I,F,WIL_PLA,A,80,80,ILE,ILE,True
1585,ThermoMPNN,WIL_PLA,2.774080514907837,79,I,G,WIL_PLA,A,80,80,ILE,ILE,True
1586,ThermoMPNN,WIL_PLA,1.991468071937561,79,I,H,WIL_PLA,A,80,80,ILE,ILE,True
1587,ThermoMPNN,WIL_PLA,0.0,79,I,I,WIL_PLA,A,80,80,ILE,ILE,True
1588,ThermoMPNN,WIL_PLA,2.2004497051239014,79,I,K,WIL_PLA,A,80,80,ILE,ILE,True
1589,ThermoMPNN,WIL_PLA,0.188334584236145,79,I,L,WIL_PLA,A,80,80,ILE,ILE,True
1590,ThermoMPNN,WIL_PLA,0.3873041868209839,79,I,M,WIL_PLA,A,80,80,ILE,ILE,True
1591,ThermoMPNN,WIL_PLA,2.46665620803833,79,I,N,WIL_PLA,A,80,80,ILE,ILE,True
1592,ThermoMPNN,WIL_PLA,2.847256898880005,79,I,P,WIL_PLA,A,80,80,ILE,ILE,True
1593,ThermoMPNN,WIL_PLA,2.1428401470184326,79,I,Q,WIL_PLA,A,80,80,ILE,ILE,True
1594,ThermoMPNN,WIL_PLA,2.032627820968628,79,I,R,WIL_PLA,A,80,80,ILE,ILE,True
1595,ThermoMPNN,WIL_PLA,2.207371234893799,79,I,S,WIL_PLA,A,80,80,ILE,ILE,True
1596,ThermoMPNN,WIL_PLA,1.7263141870498655,79,I,T,WIL_PLA,A,80,80,ILE,ILE,True
1597,ThermoMPNN,WIL_PLA,0.5946797132492065,79,I,V,WIL_PLA,A,80,80,ILE,ILE,True
1598,ThermoMPNN,WIL_PLA,0.8581377267837524,79,I,W,WIL_PLA,A,80,80,ILE,ILE,True
1599,ThermoMPNN,WIL_PLA,0.875346302986145,79,I,Y,WIL_PLA,A,80,80,ILE,ILE,True
1600,ThermoMPNN,WIL_PLA,-0.1713657081127166,80,D,A,WIL_PLA,A,81,81,ASP,ASP,True
1601,ThermoMPNN,WIL_PLA,-0.6911283731460571,80,D,C,WIL_PLA,A,81,81,ASP,ASP,True
1602,ThermoMPNN,WIL_PLA,0.0,80,D,D,WIL_PLA,A,81,81,ASP,ASP,True
1603,ThermoMPNN,WIL_PLA,0.3298630714416504,80,D,E,WIL_PLA,A,81,81,ASP,ASP,True
1604,ThermoMPNN,WIL_PLA,-1.2410764694213867,80,D,F,WIL_PLA,A,81,81,ASP,ASP,True
1605,ThermoMPNN,WIL_PLA,0.415044903755188,80,D,G,WIL_PLA,A,81,81,ASP,ASP,True
1606,ThermoMPNN,WIL_PLA,-0.2900329530239105,80,D,H,WIL_PLA,A,81,81,ASP,ASP,True
1607,ThermoMPNN,WIL_PLA,-0.0205587446689605,80,D,I,WIL_PLA,A,81,81,ASP,ASP,True
1608,ThermoMPNN,WIL_PLA,0.4368360936641693,80,D,K,WIL_PLA,A,81,81,ASP,ASP,True
1609,ThermoMPNN,WIL_PLA,-0.0556609332561492,80,D,L,WIL_PLA,A,81,81,ASP,ASP,True
1610,ThermoMPNN,WIL_PLA,-0.3593707382678985,80,D,M,WIL_PLA,A,81,81,ASP,ASP,True
1611,ThermoMPNN,WIL_PLA,0.2254455387592315,80,D,N,WIL_PLA,A,81,81,ASP,ASP,True
1612,ThermoMPNN,WIL_PLA,2.0510499477386475,80,D,P,WIL_PLA,A,81,81,ASP,ASP,True
1613,ThermoMPNN,WIL_PLA,-0.0047080814838409,80,D,Q,WIL_PLA,A,81,81,ASP,ASP,True
1614,ThermoMPNN,WIL_PLA,0.1708396673202514,80,D,R,WIL_PLA,A,81,81,ASP,ASP,True
1615,ThermoMPNN,WIL_PLA,-0.2942661941051483,80,D,S,WIL_PLA,A,81,81,ASP,ASP,True
1616,ThermoMPNN,WIL_PLA,0.0704021155834198,80,D,T,WIL_PLA,A,81,81,ASP,ASP,True
1617,ThermoMPNN,WIL_PLA,-0.0672226250171661,80,D,V,WIL_PLA,A,81,81,ASP,ASP,True
1618,ThermoMPNN,WIL_PLA,-1.399962306022644,80,D,W,WIL_PLA,A,81,81,ASP,ASP,True
1619,ThermoMPNN,WIL_PLA,-1.1145422458648682,80,D,Y,WIL_PLA,A,81,81,ASP,ASP,True
1620,ThermoMPNN,WIL_PLA,-0.7390173077583313,81,E,A,WIL_PLA,A,82,82,GLU,GLU,True
1621,ThermoMPNN,WIL_PLA,-1.2007383108139038,81,E,C,WIL_PLA,A,82,82,GLU,GLU,True
1622,ThermoMPNN,WIL_PLA,0.6240712404251099,81,E,D,WIL_PLA,A,82,82,GLU,GLU,True
1623,ThermoMPNN,WIL_PLA,0.0,81,E,E,WIL_PLA,A,82,82,GLU,GLU,True
1624,ThermoMPNN,WIL_PLA,-0.4189682900905609,81,E,F,WIL_PLA,A,82,82,GLU,GLU,True
1625,ThermoMPNN,WIL_PLA,0.6027671098709106,81,E,G,WIL_PLA,A,82,82,GLU,GLU,True
1626,ThermoMPNN,WIL_PLA,-0.1175906583666801,81,E,H,WIL_PLA,A,82,82,GLU,GLU,True
1627,ThermoMPNN,WIL_PLA,-1.6071090698242188,81,E,I,WIL_PLA,A,82,82,GLU,GLU,True
1628,ThermoMPNN,WIL_PLA,0.1406766176223755,81,E,K,WIL_PLA,A,82,82,GLU,GLU,True
1629,ThermoMPNN,WIL_PLA,-0.6483670473098755,81,E,L,WIL_PLA,A,82,82,GLU,GLU,True
1630,ThermoMPNN,WIL_PLA,-0.9392407536506652,81,E,M,WIL_PLA,A,82,82,GLU,GLU,True
1631,ThermoMPNN,WIL_PLA,0.5716400146484375,81,E,N,WIL_PLA,A,82,82,GLU,GLU,True
1632,ThermoMPNN,WIL_PLA,0.9173306226730348,81,E,P,WIL_PLA,A,82,82,GLU,GLU,True
1633,ThermoMPNN,WIL_PLA,-0.5780502557754517,81,E,Q,WIL_PLA,A,82,82,GLU,GLU,True
1634,ThermoMPNN,WIL_PLA,-0.1254651844501495,81,E,R,WIL_PLA,A,82,82,GLU,GLU,True
1635,ThermoMPNN,WIL_PLA,-0.7045202255249023,81,E,S,WIL_PLA,A,82,82,GLU,GLU,True
1636,ThermoMPNN,WIL_PLA,-1.542955994606018,81,E,T,WIL_PLA,A,82,82,GLU,GLU,True
1637,ThermoMPNN,WIL_PLA,-2.0314462184906006,81,E,V,WIL_PLA,A,82,82,GLU,GLU,True
1638,ThermoMPNN,WIL_PLA,-0.1461914479732513,81,E,W,WIL_PLA,A,82,82,GLU,GLU,True
1639,ThermoMPNN,WIL_PLA,-0.1180389896035194,81,E,Y,WIL_PLA,A,82,82,GLU,GLU,True
1640,ThermoMPNN,WIL_PLA,3.5333738327026367,82,F,A,WIL_PLA,A,83,83,PHE,PHE,True
1641,ThermoMPNN,WIL_PLA,2.159743309020996,82,F,C,WIL_PLA,A,83,83,PHE,PHE,True
1642,ThermoMPNN,WIL_PLA,3.5868008136749268,82,F,D,WIL_PLA,A,83,83,PHE,PHE,True
1643,ThermoMPNN,WIL_PLA,3.496215581893921,82,F,E,WIL_PLA,A,83,83,PHE,PHE,True
1644,ThermoMPNN,WIL_PLA,0.0,82,F,F,WIL_PLA,A,83,83,PHE,PHE,True
1645,ThermoMPNN,WIL_PLA,3.975877523422241,82,F,G,WIL_PLA,A,83,83,PHE,PHE,True
1646,ThermoMPNN,WIL_PLA,3.246938943862915,82,F,H,WIL_PLA,A,83,83,PHE,PHE,True
1647,ThermoMPNN,WIL_PLA,1.961982607841492,82,F,I,WIL_PLA,A,83,83,PHE,PHE,True
1648,ThermoMPNN,WIL_PLA,3.502046585083008,82,F,K,WIL_PLA,A,83,83,PHE,PHE,True
1649,ThermoMPNN,WIL_PLA,2.192150354385376,82,F,L,WIL_PLA,A,83,83,PHE,PHE,True
1650,ThermoMPNN,WIL_PLA,2.224055528640747,82,F,M,WIL_PLA,A,83,83,PHE,PHE,True
1651,ThermoMPNN,WIL_PLA,3.4524266719818115,82,F,N,WIL_PLA,A,83,83,PHE,PHE,True
1652,ThermoMPNN,WIL_PLA,3.791491985321045,82,F,P,WIL_PLA,A,83,83,PHE,PHE,True
1653,ThermoMPNN,WIL_PLA,3.706919670104981,82,F,Q,WIL_PLA,A,83,83,PHE,PHE,True
1654,ThermoMPNN,WIL_PLA,3.211063861846924,82,F,R,WIL_PLA,A,83,83,PHE,PHE,True
1655,ThermoMPNN,WIL_PLA,3.2965667247772217,82,F,S,WIL_PLA,A,83,83,PHE,PHE,True
1656,ThermoMPNN,WIL_PLA,3.162402868270874,82,F,T,WIL_PLA,A,83,83,PHE,PHE,True
1657,ThermoMPNN,WIL_PLA,2.4207589626312256,82,F,V,WIL_PLA,A,83,83,PHE,PHE,True
1658,ThermoMPNN,WIL_PLA,1.0809166431427002,82,F,W,WIL_PLA,A,83,83,PHE,PHE,True
1659,ThermoMPNN,WIL_PLA,1.3798813819885254,82,F,Y,WIL_PLA,A,83,83,PHE,PHE,True
1660,ThermoMPNN,WIL_PLA,-0.574860692024231,83,D,A,WIL_PLA,A,84,84,ASP,ASP,True
1661,ThermoMPNN,WIL_PLA,-0.6511741280555725,83,D,C,WIL_PLA,A,84,84,ASP,ASP,True
1662,ThermoMPNN,WIL_PLA,0.0,83,D,D,WIL_PLA,A,84,84,ASP,ASP,True
1663,ThermoMPNN,WIL_PLA,0.186567947268486,83,D,E,WIL_PLA,A,84,84,ASP,ASP,True
1664,ThermoMPNN,WIL_PLA,-0.6464364528656006,83,D,F,WIL_PLA,A,84,84,ASP,ASP,True
1665,ThermoMPNN,WIL_PLA,0.0549522936344146,83,D,G,WIL_PLA,A,84,84,ASP,ASP,True
1666,ThermoMPNN,WIL_PLA,-0.6687890887260437,83,D,H,WIL_PLA,A,84,84,ASP,ASP,True
1667,ThermoMPNN,WIL_PLA,-0.6438151001930237,83,D,I,WIL_PLA,A,84,84,ASP,ASP,True
1668,ThermoMPNN,WIL_PLA,-0.7052688598632812,83,D,K,WIL_PLA,A,84,84,ASP,ASP,True
1669,ThermoMPNN,WIL_PLA,-0.3263981342315674,83,D,L,WIL_PLA,A,84,84,ASP,ASP,True
1670,ThermoMPNN,WIL_PLA,-0.6123288869857788,83,D,M,WIL_PLA,A,84,84,ASP,ASP,True
1671,ThermoMPNN,WIL_PLA,-0.3363053202629089,83,D,N,WIL_PLA,A,84,84,ASP,ASP,True
1672,ThermoMPNN,WIL_PLA,0.7295581102371216,83,D,P,WIL_PLA,A,84,84,ASP,ASP,True
1673,ThermoMPNN,WIL_PLA,-0.656151294708252,83,D,Q,WIL_PLA,A,84,84,ASP,ASP,True
1674,ThermoMPNN,WIL_PLA,-0.8536626696586609,83,D,R,WIL_PLA,A,84,84,ASP,ASP,True
1675,ThermoMPNN,WIL_PLA,-0.9790762066841124,83,D,S,WIL_PLA,A,84,84,ASP,ASP,True
1676,ThermoMPNN,WIL_PLA,-0.6265352964401245,83,D,T,WIL_PLA,A,84,84,ASP,ASP,True
1677,ThermoMPNN,WIL_PLA,-0.4937628507614136,83,D,V,WIL_PLA,A,84,84,ASP,ASP,True
1678,ThermoMPNN,WIL_PLA,-0.8147469162940979,83,D,W,WIL_PLA,A,84,84,ASP,ASP,True
1679,ThermoMPNN,WIL_PLA,-0.7500870823860168,83,D,Y,WIL_PLA,A,84,84,ASP,ASP,True
1680,ThermoMPNN,WIL_PLA,-0.2414091974496841,84,D,A,WIL_PLA,A,85,85,ASP,ASP,True
1681,ThermoMPNN,WIL_PLA,-1.073148488998413,84,D,C,WIL_PLA,A,85,85,ASP,ASP,True
1682,ThermoMPNN,WIL_PLA,0.0,84,D,D,WIL_PLA,A,85,85,ASP,ASP,True
1683,ThermoMPNN,WIL_PLA,-0.3612757325172424,84,D,E,WIL_PLA,A,85,85,ASP,ASP,True
1684,ThermoMPNN,WIL_PLA,-1.467201828956604,84,D,F,WIL_PLA,A,85,85,ASP,ASP,True
1685,ThermoMPNN,WIL_PLA,0.5039738416671753,84,D,G,WIL_PLA,A,85,85,ASP,ASP,True
1686,ThermoMPNN,WIL_PLA,-0.6699972152709961,84,D,H,WIL_PLA,A,85,85,ASP,ASP,True
1687,ThermoMPNN,WIL_PLA,-1.3367332220077517,84,D,I,WIL_PLA,A,85,85,ASP,ASP,True
1688,ThermoMPNN,WIL_PLA,-0.1986327618360519,84,D,K,WIL_PLA,A,85,85,ASP,ASP,True
1689,ThermoMPNN,WIL_PLA,-0.7318997979164124,84,D,L,WIL_PLA,A,85,85,ASP,ASP,True
1690,ThermoMPNN,WIL_PLA,-0.787704586982727,84,D,M,WIL_PLA,A,85,85,ASP,ASP,True
1691,ThermoMPNN,WIL_PLA,-0.0784541368484497,84,D,N,WIL_PLA,A,85,85,ASP,ASP,True
1692,ThermoMPNN,WIL_PLA,0.9210476875305176,84,D,P,WIL_PLA,A,85,85,ASP,ASP,True
1693,ThermoMPNN,WIL_PLA,-0.2928479313850403,84,D,Q,WIL_PLA,A,85,85,ASP,ASP,True
1694,ThermoMPNN,WIL_PLA,-0.4147778749465942,84,D,R,WIL_PLA,A,85,85,ASP,ASP,True
1695,ThermoMPNN,WIL_PLA,-0.2657175660133362,84,D,S,WIL_PLA,A,85,85,ASP,ASP,True
1696,ThermoMPNN,WIL_PLA,-0.5361375212669373,84,D,T,WIL_PLA,A,85,85,ASP,ASP,True
1697,ThermoMPNN,WIL_PLA,-1.1830915212631226,84,D,V,WIL_PLA,A,85,85,ASP,ASP,True
1698,ThermoMPNN,WIL_PLA,-1.2666480541229248,84,D,W,WIL_PLA,A,85,85,ASP,ASP,True
1699,ThermoMPNN,WIL_PLA,-1.3498114347457886,84,D,Y,WIL_PLA,A,85,85,ASP,ASP,True
1700,ThermoMPNN,WIL_PLA,0.5965189933776855,85,T,A,WIL_PLA,A,86,86,THR,THR,True
1701,ThermoMPNN,WIL_PLA,0.1419128179550171,85,T,C,WIL_PLA,A,86,86,THR,THR,True
1702,ThermoMPNN,WIL_PLA,1.1316708326339722,85,T,D,WIL_PLA,A,86,86,THR,THR,True
1703,ThermoMPNN,WIL_PLA,0.938518524169922,85,T,E,WIL_PLA,A,86,86,THR,THR,True
1704,ThermoMPNN,WIL_PLA,0.3729388117790222,85,T,F,WIL_PLA,A,86,86,THR,THR,True
1705,ThermoMPNN,WIL_PLA,0.9491947293281556,85,T,G,WIL_PLA,A,86,86,THR,THR,True
1706,ThermoMPNN,WIL_PLA,0.2162297368049621,85,T,H,WIL_PLA,A,86,86,THR,THR,True
1707,ThermoMPNN,WIL_PLA,-0.0646111965179443,85,T,I,WIL_PLA,A,86,86,THR,THR,True
1708,ThermoMPNN,WIL_PLA,0.0733026266098022,85,T,K,WIL_PLA,A,86,86,THR,THR,True
1709,ThermoMPNN,WIL_PLA,0.4716736078262329,85,T,L,WIL_PLA,A,86,86,THR,THR,True
1710,ThermoMPNN,WIL_PLA,0.4041020274162292,85,T,M,WIL_PLA,A,86,86,THR,THR,True
1711,ThermoMPNN,WIL_PLA,0.5833033919334412,85,T,N,WIL_PLA,A,86,86,THR,THR,True
1712,ThermoMPNN,WIL_PLA,1.2461950778961182,85,T,P,WIL_PLA,A,86,86,THR,THR,True
1713,ThermoMPNN,WIL_PLA,0.4483281970024109,85,T,Q,WIL_PLA,A,86,86,THR,THR,True
1714,ThermoMPNN,WIL_PLA,-0.0060323476791381,85,T,R,WIL_PLA,A,86,86,THR,THR,True
1715,ThermoMPNN,WIL_PLA,0.247369110584259,85,T,S,WIL_PLA,A,86,86,THR,THR,True
1716,ThermoMPNN,WIL_PLA,0.0,85,T,T,WIL_PLA,A,86,86,THR,THR,True
1717,ThermoMPNN,WIL_PLA,0.0570427179336547,85,T,V,WIL_PLA,A,86,86,THR,THR,True
1718,ThermoMPNN,WIL_PLA,0.6277260780334473,85,T,W,WIL_PLA,A,86,86,THR,THR,True
1719,ThermoMPNN,WIL_PLA,0.3408122658729553,85,T,Y,WIL_PLA,A,86,86,THR,THR,True
1720,ThermoMPNN,WIL_PLA,0.7537634372711182,86,S,A,WIL_PLA,A,87,87,SER,SER,True
1721,ThermoMPNN,WIL_PLA,0.250021755695343,86,S,C,WIL_PLA,A,87,87,SER,SER,True
1722,ThermoMPNN,WIL_PLA,1.2770025730133057,86,S,D,WIL_PLA,A,87,87,SER,SER,True
1723,ThermoMPNN,WIL_PLA,1.3855228424072266,86,S,E,WIL_PLA,A,87,87,SER,SER,True
1724,ThermoMPNN,WIL_PLA,-0.202364444732666,86,S,F,WIL_PLA,A,87,87,SER,SER,True
1725,ThermoMPNN,WIL_PLA,0.7383003234863281,86,S,G,WIL_PLA,A,87,87,SER,SER,True
1726,ThermoMPNN,WIL_PLA,0.4984667897224426,86,S,H,WIL_PLA,A,87,87,SER,SER,True
1727,ThermoMPNN,WIL_PLA,0.6275457143783569,86,S,I,WIL_PLA,A,87,87,SER,SER,True
1728,ThermoMPNN,WIL_PLA,0.9372742176055908,86,S,K,WIL_PLA,A,87,87,SER,SER,True
1729,ThermoMPNN,WIL_PLA,0.7023057341575623,86,S,L,WIL_PLA,A,87,87,SER,SER,True
1730,ThermoMPNN,WIL_PLA,0.4407963156700134,86,S,M,WIL_PLA,A,87,87,SER,SER,True
1731,ThermoMPNN,WIL_PLA,0.7879486083984375,86,S,N,WIL_PLA,A,87,87,SER,SER,True
1732,ThermoMPNN,WIL_PLA,1.4665989875793457,86,S,P,WIL_PLA,A,87,87,SER,SER,True
1733,ThermoMPNN,WIL_PLA,0.7832028865814209,86,S,Q,WIL_PLA,A,87,87,SER,SER,True
1734,ThermoMPNN,WIL_PLA,0.7420535087585449,86,S,R,WIL_PLA,A,87,87,SER,SER,True
1735,ThermoMPNN,WIL_PLA,0.0,86,S,S,WIL_PLA,A,87,87,SER,SER,True
1736,ThermoMPNN,WIL_PLA,-0.0065802335739135,86,S,T,WIL_PLA,A,87,87,SER,SER,True
1737,ThermoMPNN,WIL_PLA,0.7076206207275391,86,S,V,WIL_PLA,A,87,87,SER,SER,True
1738,ThermoMPNN,WIL_PLA,-0.0908080339431762,86,S,W,WIL_PLA,A,87,87,SER,SER,True
1739,ThermoMPNN,WIL_PLA,0.103447675704956,86,S,Y,WIL_PLA,A,87,87,SER,SER,True
1740,ThermoMPNN,WIL_PLA,-0.0143628120422363,87,S,A,WIL_PLA,A,88,88,SER,SER,True
1741,ThermoMPNN,WIL_PLA,0.0332436561584472,87,S,C,WIL_PLA,A,88,88,SER,SER,True
1742,ThermoMPNN,WIL_PLA,0.2943429946899414,87,S,D,WIL_PLA,A,88,88,SER,SER,True
1743,ThermoMPNN,WIL_PLA,0.1720439791679382,87,S,E,WIL_PLA,A,88,88,SER,SER,True
1744,ThermoMPNN,WIL_PLA,0.538324773311615,87,S,F,WIL_PLA,A,88,88,SER,SER,True
1745,ThermoMPNN,WIL_PLA,0.469477504491806,87,S,G,WIL_PLA,A,88,88,SER,SER,True
1746,ThermoMPNN,WIL_PLA,0.2388137578964233,87,S,H,WIL_PLA,A,88,88,SER,SER,True
1747,ThermoMPNN,WIL_PLA,0.1985852122306823,87,S,I,WIL_PLA,A,88,88,SER,SER,True
1748,ThermoMPNN,WIL_PLA,0.0001072287559509,87,S,K,WIL_PLA,A,88,88,SER,SER,True
1749,ThermoMPNN,WIL_PLA,0.2068156003952026,87,S,L,WIL_PLA,A,88,88,SER,SER,True
1750,ThermoMPNN,WIL_PLA,0.2825163602828979,87,S,M,WIL_PLA,A,88,88,SER,SER,True
1751,ThermoMPNN,WIL_PLA,0.2791045308113098,87,S,N,WIL_PLA,A,88,88,SER,SER,True
1752,ThermoMPNN,WIL_PLA,0.0222944617271423,87,S,P,WIL_PLA,A,88,88,SER,SER,True
1753,ThermoMPNN,WIL_PLA,0.084223985671997,87,S,Q,WIL_PLA,A,88,88,SER,SER,True
1754,ThermoMPNN,WIL_PLA,0.1030818223953247,87,S,R,WIL_PLA,A,88,88,SER,SER,True
1755,ThermoMPNN,WIL_PLA,0.0,87,S,S,WIL_PLA,A,88,88,SER,SER,True
1756,ThermoMPNN,WIL_PLA,0.1349353194236755,87,S,T,WIL_PLA,A,88,88,SER,SER,True
1757,ThermoMPNN,WIL_PLA,0.1358590126037597,87,S,V,WIL_PLA,A,88,88,SER,SER,True
1758,ThermoMPNN,WIL_PLA,0.4594610929489136,87,S,W,WIL_PLA,A,88,88,SER,SER,True
1759,ThermoMPNN,WIL_PLA,0.4708492159843445,87,S,Y,WIL_PLA,A,88,88,SER,SER,True
1760,ThermoMPNN,WIL_PLA,1.018832445144653,88,Y,A,WIL_PLA,A,89,89,TYR,TYR,True
1761,ThermoMPNN,WIL_PLA,0.3067283630371094,88,Y,C,WIL_PLA,A,89,89,TYR,TYR,True
1762,ThermoMPNN,WIL_PLA,1.1728326082229614,88,Y,D,WIL_PLA,A,89,89,TYR,TYR,True
1763,ThermoMPNN,WIL_PLA,1.2176344394683838,88,Y,E,WIL_PLA,A,89,89,TYR,TYR,True
1764,ThermoMPNN,WIL_PLA,0.0923792123794555,88,Y,F,WIL_PLA,A,89,89,TYR,TYR,True
1765,ThermoMPNN,WIL_PLA,1.3627277612686155,88,Y,G,WIL_PLA,A,89,89,TYR,TYR,True
1766,ThermoMPNN,WIL_PLA,0.4788519144058227,88,Y,H,WIL_PLA,A,89,89,TYR,TYR,True
1767,ThermoMPNN,WIL_PLA,1.318817377090454,88,Y,I,WIL_PLA,A,89,89,TYR,TYR,True
1768,ThermoMPNN,WIL_PLA,1.2036653757095337,88,Y,K,WIL_PLA,A,89,89,TYR,TYR,True
1769,ThermoMPNN,WIL_PLA,0.8483763337135315,88,Y,L,WIL_PLA,A,89,89,TYR,TYR,True
1770,ThermoMPNN,WIL_PLA,0.9009000062942504,88,Y,M,WIL_PLA,A,89,89,TYR,TYR,True
1771,ThermoMPNN,WIL_PLA,0.6248955130577087,88,Y,N,WIL_PLA,A,89,89,TYR,TYR,True
1772,ThermoMPNN,WIL_PLA,2.312663555145264,88,Y,P,WIL_PLA,A,89,89,TYR,TYR,True
1773,ThermoMPNN,WIL_PLA,1.1234700679779053,88,Y,Q,WIL_PLA,A,89,89,TYR,TYR,True
1774,ThermoMPNN,WIL_PLA,1.0519351959228516,88,Y,R,WIL_PLA,A,89,89,TYR,TYR,True
1775,ThermoMPNN,WIL_PLA,0.9168315529823304,88,Y,S,WIL_PLA,A,89,89,TYR,TYR,True
1776,ThermoMPNN,WIL_PLA,0.826054573059082,88,Y,T,WIL_PLA,A,89,89,TYR,TYR,True
1777,ThermoMPNN,WIL_PLA,0.9649391770362854,88,Y,V,WIL_PLA,A,89,89,TYR,TYR,True
1778,ThermoMPNN,WIL_PLA,-0.0334835052490234,88,Y,W,WIL_PLA,A,89,89,TYR,TYR,True
1779,ThermoMPNN,WIL_PLA,0.0,88,Y,Y,WIL_PLA,A,89,89,TYR,TYR,True
1780,ThermoMPNN,WIL_PLA,1.6531941890716553,89,G,A,WIL_PLA,A,90,90,GLY,GLY,True
1781,ThermoMPNN,WIL_PLA,1.3171824216842651,89,G,C,WIL_PLA,A,90,90,GLY,GLY,True
1782,ThermoMPNN,WIL_PLA,2.0356717109680176,89,G,D,WIL_PLA,A,90,90,GLY,GLY,True
1783,ThermoMPNN,WIL_PLA,2.2711756229400635,89,G,E,WIL_PLA,A,90,90,GLY,GLY,True
1784,ThermoMPNN,WIL_PLA,1.355739951133728,89,G,F,WIL_PLA,A,90,90,GLY,GLY,True
1785,ThermoMPNN,WIL_PLA,0.0,89,G,G,WIL_PLA,A,90,90,GLY,GLY,True
1786,ThermoMPNN,WIL_PLA,1.855354070663452,89,G,H,WIL_PLA,A,90,90,GLY,GLY,True
1787,ThermoMPNN,WIL_PLA,2.0212435722351074,89,G,I,WIL_PLA,A,90,90,GLY,GLY,True
1788,ThermoMPNN,WIL_PLA,2.0580875873565674,89,G,K,WIL_PLA,A,90,90,GLY,GLY,True
1789,ThermoMPNN,WIL_PLA,1.7616605758666992,89,G,L,WIL_PLA,A,90,90,GLY,GLY,True
1790,ThermoMPNN,WIL_PLA,1.5477067232131958,89,G,M,WIL_PLA,A,90,90,GLY,GLY,True
1791,ThermoMPNN,WIL_PLA,1.8965927362442017,89,G,N,WIL_PLA,A,90,90,GLY,GLY,True
1792,ThermoMPNN,WIL_PLA,2.3792128562927246,89,G,P,WIL_PLA,A,90,90,GLY,GLY,True
1793,ThermoMPNN,WIL_PLA,1.8207652568817136,89,G,Q,WIL_PLA,A,90,90,GLY,GLY,True
1794,ThermoMPNN,WIL_PLA,2.074676990509033,89,G,R,WIL_PLA,A,90,90,GLY,GLY,True
1795,ThermoMPNN,WIL_PLA,1.70894455909729,89,G,S,WIL_PLA,A,90,90,GLY,GLY,True
1796,ThermoMPNN,WIL_PLA,1.811584949493408,89,G,T,WIL_PLA,A,90,90,GLY,GLY,True
1797,ThermoMPNN,WIL_PLA,1.9308401346206665,89,G,V,WIL_PLA,A,90,90,GLY,GLY,True
1798,ThermoMPNN,WIL_PLA,1.513152837753296,89,G,W,WIL_PLA,A,90,90,GLY,GLY,True
1799,ThermoMPNN,WIL_PLA,1.518440008163452,89,G,Y,WIL_PLA,A,90,90,GLY,GLY,True
1800,ThermoMPNN,WIL_PLA,-0.6267479658126831,90,D,A,WIL_PLA,A,91,91,ASP,ASP,True
1801,ThermoMPNN,WIL_PLA,-1.0442739725112915,90,D,C,WIL_PLA,A,91,91,ASP,ASP,True
1802,ThermoMPNN,WIL_PLA,0.0,90,D,D,WIL_PLA,A,91,91,ASP,ASP,True
1803,ThermoMPNN,WIL_PLA,-0.26031294465065,90,D,E,WIL_PLA,A,91,91,ASP,ASP,True
1804,ThermoMPNN,WIL_PLA,-0.6124513745307922,90,D,F,WIL_PLA,A,91,91,ASP,ASP,True
1805,ThermoMPNN,WIL_PLA,-0.1008413881063461,90,D,G,WIL_PLA,A,91,91,ASP,ASP,True
1806,ThermoMPNN,WIL_PLA,-1.000438570976257,90,D,H,WIL_PLA,A,91,91,ASP,ASP,True
1807,ThermoMPNN,WIL_PLA,-1.0059155225753784,90,D,I,WIL_PLA,A,91,91,ASP,ASP,True
1808,ThermoMPNN,WIL_PLA,-1.251444935798645,90,D,K,WIL_PLA,A,91,91,ASP,ASP,True
1809,ThermoMPNN,WIL_PLA,-0.5737234950065613,90,D,L,WIL_PLA,A,91,91,ASP,ASP,True
1810,ThermoMPNN,WIL_PLA,-0.7921653985977173,90,D,M,WIL_PLA,A,91,91,ASP,ASP,True
1811,ThermoMPNN,WIL_PLA,-0.7982988953590393,90,D,N,WIL_PLA,A,91,91,ASP,ASP,True
1812,ThermoMPNN,WIL_PLA,0.5844331979751587,90,D,P,WIL_PLA,A,91,91,ASP,ASP,True
1813,ThermoMPNN,WIL_PLA,-0.9376826286315918,90,D,Q,WIL_PLA,A,91,91,ASP,ASP,True
1814,ThermoMPNN,WIL_PLA,-1.4630892276763916,90,D,R,WIL_PLA,A,91,91,ASP,ASP,True
1815,ThermoMPNN,WIL_PLA,-1.1216769218444824,90,D,S,WIL_PLA,A,91,91,ASP,ASP,True
1816,ThermoMPNN,WIL_PLA,-1.4944781064987185,90,D,T,WIL_PLA,A,91,91,ASP,ASP,True
1817,ThermoMPNN,WIL_PLA,-1.0047295093536377,90,D,V,WIL_PLA,A,91,91,ASP,ASP,True
1818,ThermoMPNN,WIL_PLA,-0.511561393737793,90,D,W,WIL_PLA,A,91,91,ASP,ASP,True
1819,ThermoMPNN,WIL_PLA,-0.7451784014701843,90,D,Y,WIL_PLA,A,91,91,ASP,ASP,True
1820,ThermoMPNN,WIL_PLA,0.0192252397537231,91,P,A,WIL_PLA,A,92,92,PRO,PRO,True
1821,ThermoMPNN,WIL_PLA,-0.3891094326972961,91,P,C,WIL_PLA,A,92,92,PRO,PRO,True
1822,ThermoMPNN,WIL_PLA,1.349531888961792,91,P,D,WIL_PLA,A,92,92,PRO,PRO,True
1823,ThermoMPNN,WIL_PLA,1.1639938354492188,91,P,E,WIL_PLA,A,92,92,PRO,PRO,True
1824,ThermoMPNN,WIL_PLA,-0.2809465527534485,91,P,F,WIL_PLA,A,92,92,PRO,PRO,True
1825,ThermoMPNN,WIL_PLA,0.6661906242370605,91,P,G,WIL_PLA,A,92,92,PRO,PRO,True
1826,ThermoMPNN,WIL_PLA,0.4912325739860534,91,P,H,WIL_PLA,A,92,92,PRO,PRO,True
1827,ThermoMPNN,WIL_PLA,-0.3833699822425842,91,P,I,WIL_PLA,A,92,92,PRO,PRO,True
1828,ThermoMPNN,WIL_PLA,0.9227068424224854,91,P,K,WIL_PLA,A,92,92,PRO,PRO,True
1829,ThermoMPNN,WIL_PLA,0.1883193254470825,91,P,L,WIL_PLA,A,92,92,PRO,PRO,True
1830,ThermoMPNN,WIL_PLA,0.2443757057189941,91,P,M,WIL_PLA,A,92,92,PRO,PRO,True
1831,ThermoMPNN,WIL_PLA,0.9178184270858764,91,P,N,WIL_PLA,A,92,92,PRO,PRO,True
1832,ThermoMPNN,WIL_PLA,0.0,91,P,P,WIL_PLA,A,92,92,PRO,PRO,True
1833,ThermoMPNN,WIL_PLA,1.0325968265533447,91,P,Q,WIL_PLA,A,92,92,PRO,PRO,True
1834,ThermoMPNN,WIL_PLA,0.8141642808914185,91,P,R,WIL_PLA,A,92,92,PRO,PRO,True
1835,ThermoMPNN,WIL_PLA,0.4479960799217224,91,P,S,WIL_PLA,A,92,92,PRO,PRO,True
1836,ThermoMPNN,WIL_PLA,0.0016645193099975,91,P,T,WIL_PLA,A,92,92,PRO,PRO,True
1837,ThermoMPNN,WIL_PLA,-0.5921496748924255,91,P,V,WIL_PLA,A,92,92,PRO,PRO,True
1838,ThermoMPNN,WIL_PLA,-0.2924434542655945,91,P,W,WIL_PLA,A,92,92,PRO,PRO,True
1839,ThermoMPNN,WIL_PLA,-0.243439495563507,91,P,Y,WIL_PLA,A,92,92,PRO,PRO,True
1840,ThermoMPNN,WIL_PLA,0.4597389101982116,92,T,A,WIL_PLA,A,93,93,THR,THR,True
1841,ThermoMPNN,WIL_PLA,0.4377092123031616,92,T,C,WIL_PLA,A,93,93,THR,THR,True
1842,ThermoMPNN,WIL_PLA,2.039235830307007,92,T,D,WIL_PLA,A,93,93,THR,THR,True
1843,ThermoMPNN,WIL_PLA,1.5238938331604004,92,T,E,WIL_PLA,A,93,93,THR,THR,True
1844,ThermoMPNN,WIL_PLA,0.9973748922348022,92,T,F,WIL_PLA,A,93,93,THR,THR,True
1845,ThermoMPNN,WIL_PLA,1.0589401721954346,92,T,G,WIL_PLA,A,93,93,THR,THR,True
1846,ThermoMPNN,WIL_PLA,1.0761977434158323,92,T,H,WIL_PLA,A,93,93,THR,THR,True
1847,ThermoMPNN,WIL_PLA,0.0850175619125366,92,T,I,WIL_PLA,A,93,93,THR,THR,True
1848,ThermoMPNN,WIL_PLA,0.355908989906311,92,T,K,WIL_PLA,A,93,93,THR,THR,True
1849,ThermoMPNN,WIL_PLA,0.737846314907074,92,T,L,WIL_PLA,A,93,93,THR,THR,True
1850,ThermoMPNN,WIL_PLA,0.4917716383934021,92,T,M,WIL_PLA,A,93,93,THR,THR,True
1851,ThermoMPNN,WIL_PLA,1.303159236907959,92,T,N,WIL_PLA,A,93,93,THR,THR,True
1852,ThermoMPNN,WIL_PLA,1.3419368267059326,92,T,P,WIL_PLA,A,93,93,THR,THR,True
1853,ThermoMPNN,WIL_PLA,0.6871654987335205,92,T,Q,WIL_PLA,A,93,93,THR,THR,True
1854,ThermoMPNN,WIL_PLA,0.1369516849517822,92,T,R,WIL_PLA,A,93,93,THR,THR,True
1855,ThermoMPNN,WIL_PLA,0.3601869344711303,92,T,S,WIL_PLA,A,93,93,THR,THR,True
1856,ThermoMPNN,WIL_PLA,0.0,92,T,T,WIL_PLA,A,93,93,THR,THR,True
1857,ThermoMPNN,WIL_PLA,0.2281709909439087,92,T,V,WIL_PLA,A,93,93,THR,THR,True
1858,ThermoMPNN,WIL_PLA,1.1386353969573977,92,T,W,WIL_PLA,A,93,93,THR,THR,True
1859,ThermoMPNN,WIL_PLA,1.128764510154724,92,T,Y,WIL_PLA,A,93,93,THR,THR,True
1860,ThermoMPNN,WIL_PLA,2.327011823654175,93,G,A,WIL_PLA,A,94,94,GLY,GLY,True
1861,ThermoMPNN,WIL_PLA,1.7510673999786377,93,G,C,WIL_PLA,A,94,94,GLY,GLY,True
1862,ThermoMPNN,WIL_PLA,3.100830554962158,93,G,D,WIL_PLA,A,94,94,GLY,GLY,True
1863,ThermoMPNN,WIL_PLA,3.045490026473999,93,G,E,WIL_PLA,A,94,94,GLY,GLY,True
1864,ThermoMPNN,WIL_PLA,1.6176412105560305,93,G,F,WIL_PLA,A,94,94,GLY,GLY,True
1865,ThermoMPNN,WIL_PLA,0.0,93,G,G,WIL_PLA,A,94,94,GLY,GLY,True
1866,ThermoMPNN,WIL_PLA,2.658975839614868,93,G,H,WIL_PLA,A,94,94,GLY,GLY,True
1867,ThermoMPNN,WIL_PLA,2.292649745941162,93,G,I,WIL_PLA,A,94,94,GLY,GLY,True
1868,ThermoMPNN,WIL_PLA,2.927031993865967,93,G,K,WIL_PLA,A,94,94,GLY,GLY,True
1869,ThermoMPNN,WIL_PLA,2.0473008155822754,93,G,L,WIL_PLA,A,94,94,GLY,GLY,True
1870,ThermoMPNN,WIL_PLA,2.037734031677246,93,G,M,WIL_PLA,A,94,94,GLY,GLY,True
1871,ThermoMPNN,WIL_PLA,2.8825721740722656,93,G,N,WIL_PLA,A,94,94,GLY,GLY,True
1872,ThermoMPNN,WIL_PLA,2.713912010192871,93,G,P,WIL_PLA,A,94,94,GLY,GLY,True
1873,ThermoMPNN,WIL_PLA,2.736090898513794,93,G,Q,WIL_PLA,A,94,94,GLY,GLY,True
1874,ThermoMPNN,WIL_PLA,2.9025676250457764,93,G,R,WIL_PLA,A,94,94,GLY,GLY,True
1875,ThermoMPNN,WIL_PLA,2.602872848510742,93,G,S,WIL_PLA,A,94,94,GLY,GLY,True
1876,ThermoMPNN,WIL_PLA,2.831052303314209,93,G,T,WIL_PLA,A,94,94,GLY,GLY,True
1877,ThermoMPNN,WIL_PLA,2.188431024551392,93,G,V,WIL_PLA,A,94,94,GLY,GLY,True
1878,ThermoMPNN,WIL_PLA,1.865725040435791,93,G,W,WIL_PLA,A,94,94,GLY,GLY,True
1879,ThermoMPNN,WIL_PLA,1.962355375289917,93,G,Y,WIL_PLA,A,94,94,GLY,GLY,True
1880,ThermoMPNN,WIL_PLA,2.463057041168213,94,F,A,WIL_PLA,A,95,95,PHE,PHE,True
1881,ThermoMPNN,WIL_PLA,1.6133253574371338,94,F,C,WIL_PLA,A,95,95,PHE,PHE,True
1882,ThermoMPNN,WIL_PLA,3.017397165298462,94,F,D,WIL_PLA,A,95,95,PHE,PHE,True
1883,ThermoMPNN,WIL_PLA,2.724559545516968,94,F,E,WIL_PLA,A,95,95,PHE,PHE,True
1884,ThermoMPNN,WIL_PLA,0.0,94,F,F,WIL_PLA,A,95,95,PHE,PHE,True
1885,ThermoMPNN,WIL_PLA,2.817044734954834,94,F,G,WIL_PLA,A,95,95,PHE,PHE,True
1886,ThermoMPNN,WIL_PLA,2.5039877891540527,94,F,H,WIL_PLA,A,95,95,PHE,PHE,True
1887,ThermoMPNN,WIL_PLA,1.1465603113174438,94,F,I,WIL_PLA,A,95,95,PHE,PHE,True
1888,ThermoMPNN,WIL_PLA,2.6491808891296387,94,F,K,WIL_PLA,A,95,95,PHE,PHE,True
1889,ThermoMPNN,WIL_PLA,1.003935933113098,94,F,L,WIL_PLA,A,95,95,PHE,PHE,True
1890,ThermoMPNN,WIL_PLA,1.1195485591888428,94,F,M,WIL_PLA,A,95,95,PHE,PHE,True
1891,ThermoMPNN,WIL_PLA,2.8739163875579834,94,F,N,WIL_PLA,A,95,95,PHE,PHE,True
1892,ThermoMPNN,WIL_PLA,2.5787441730499268,94,F,P,WIL_PLA,A,95,95,PHE,PHE,True
1893,ThermoMPNN,WIL_PLA,2.6141552925109863,94,F,Q,WIL_PLA,A,95,95,PHE,PHE,True
1894,ThermoMPNN,WIL_PLA,2.468167543411255,94,F,R,WIL_PLA,A,95,95,PHE,PHE,True
1895,ThermoMPNN,WIL_PLA,2.7344233989715576,94,F,S,WIL_PLA,A,95,95,PHE,PHE,True
1896,ThermoMPNN,WIL_PLA,2.4351677894592285,94,F,T,WIL_PLA,A,95,95,PHE,PHE,True
1897,ThermoMPNN,WIL_PLA,1.5854114294052124,94,F,V,WIL_PLA,A,95,95,PHE,PHE,True
1898,ThermoMPNN,WIL_PLA,1.4949626922607422,94,F,W,WIL_PLA,A,95,95,PHE,PHE,True
1899,ThermoMPNN,WIL_PLA,1.141332745552063,94,F,Y,WIL_PLA,A,95,95,PHE,PHE,True
1900,ThermoMPNN,WIL_PLA,3.032354593276977,95,I,A,WIL_PLA,A,96,96,ILE,ILE,True
1901,ThermoMPNN,WIL_PLA,2.051599264144897,95,I,C,WIL_PLA,A,96,96,ILE,ILE,True
1902,ThermoMPNN,WIL_PLA,4.215256690979004,95,I,D,WIL_PLA,A,96,96,ILE,ILE,True
1903,ThermoMPNN,WIL_PLA,4.026682376861572,95,I,E,WIL_PLA,A,96,96,ILE,ILE,True
1904,ThermoMPNN,WIL_PLA,1.7921702861785889,95,I,F,WIL_PLA,A,96,96,ILE,ILE,True
1905,ThermoMPNN,WIL_PLA,3.839178085327149,95,I,G,WIL_PLA,A,96,96,ILE,ILE,True
1906,ThermoMPNN,WIL_PLA,3.6317038536071777,95,I,H,WIL_PLA,A,96,96,ILE,ILE,True
1907,ThermoMPNN,WIL_PLA,0.0,95,I,I,WIL_PLA,A,96,96,ILE,ILE,True
1908,ThermoMPNN,WIL_PLA,3.5713205337524414,95,I,K,WIL_PLA,A,96,96,ILE,ILE,True
1909,ThermoMPNN,WIL_PLA,0.4784488677978515,95,I,L,WIL_PLA,A,96,96,ILE,ILE,True
1910,ThermoMPNN,WIL_PLA,1.583935022354126,95,I,M,WIL_PLA,A,96,96,ILE,ILE,True
1911,ThermoMPNN,WIL_PLA,3.974287509918213,95,I,N,WIL_PLA,A,96,96,ILE,ILE,True
1912,ThermoMPNN,WIL_PLA,3.721936464309693,95,I,P,WIL_PLA,A,96,96,ILE,ILE,True
1913,ThermoMPNN,WIL_PLA,3.887177228927612,95,I,Q,WIL_PLA,A,96,96,ILE,ILE,True
1914,ThermoMPNN,WIL_PLA,3.5191378593444824,95,I,R,WIL_PLA,A,96,96,ILE,ILE,True
1915,ThermoMPNN,WIL_PLA,3.840764284133911,95,I,S,WIL_PLA,A,96,96,ILE,ILE,True
1916,ThermoMPNN,WIL_PLA,3.299066066741944,95,I,T,WIL_PLA,A,96,96,ILE,ILE,True
1917,ThermoMPNN,WIL_PLA,0.9812982082366944,95,I,V,WIL_PLA,A,96,96,ILE,ILE,True
1918,ThermoMPNN,WIL_PLA,2.582123041152954,95,I,W,WIL_PLA,A,96,96,ILE,ILE,True
1919,ThermoMPNN,WIL_PLA,2.442873001098633,95,I,Y,WIL_PLA,A,96,96,ILE,ILE,True
1920,ThermoMPNN,WIL_PLA,0.0,96,A,A,WIL_PLA,A,97,97,ALA,ALA,True
1921,ThermoMPNN,WIL_PLA,0.5014992952346802,96,A,C,WIL_PLA,A,97,97,ALA,ALA,True
1922,ThermoMPNN,WIL_PLA,3.372966051101685,96,A,D,WIL_PLA,A,97,97,ALA,ALA,True
1923,ThermoMPNN,WIL_PLA,2.85854721069336,96,A,E,WIL_PLA,A,97,97,ALA,ALA,True
1924,ThermoMPNN,WIL_PLA,0.9834158420562744,96,A,F,WIL_PLA,A,97,97,ALA,ALA,True
1925,ThermoMPNN,WIL_PLA,1.8558473587036133,96,A,G,WIL_PLA,A,97,97,ALA,ALA,True
1926,ThermoMPNN,WIL_PLA,2.7397820949554443,96,A,H,WIL_PLA,A,97,97,ALA,ALA,True
1927,ThermoMPNN,WIL_PLA,0.6497759819030762,96,A,I,WIL_PLA,A,97,97,ALA,ALA,True
1928,ThermoMPNN,WIL_PLA,3.041081666946411,96,A,K,WIL_PLA,A,97,97,ALA,ALA,True
1929,ThermoMPNN,WIL_PLA,0.9569989442825316,96,A,L,WIL_PLA,A,97,97,ALA,ALA,True
1930,ThermoMPNN,WIL_PLA,1.0874298810958862,96,A,M,WIL_PLA,A,97,97,ALA,ALA,True
1931,ThermoMPNN,WIL_PLA,2.9837117195129395,96,A,N,WIL_PLA,A,97,97,ALA,ALA,True
1932,ThermoMPNN,WIL_PLA,2.997060775756836,96,A,P,WIL_PLA,A,97,97,ALA,ALA,True
1933,ThermoMPNN,WIL_PLA,2.950678825378418,96,A,Q,WIL_PLA,A,97,97,ALA,ALA,True
1934,ThermoMPNN,WIL_PLA,2.997648000717163,96,A,R,WIL_PLA,A,97,97,ALA,ALA,True
1935,ThermoMPNN,WIL_PLA,1.818480849266052,96,A,S,WIL_PLA,A,97,97,ALA,ALA,True
1936,ThermoMPNN,WIL_PLA,1.905576229095459,96,A,T,WIL_PLA,A,97,97,ALA,ALA,True
1937,ThermoMPNN,WIL_PLA,0.48238205909729,96,A,V,WIL_PLA,A,97,97,ALA,ALA,True
1938,ThermoMPNN,WIL_PLA,1.751050353050232,96,A,W,WIL_PLA,A,97,97,ALA,ALA,True
1939,ThermoMPNN,WIL_PLA,1.6149623394012451,96,A,Y,WIL_PLA,A,97,97,ALA,ALA,True
1940,ThermoMPNN,WIL_PLA,2.13146448135376,97,V,A,WIL_PLA,A,98,98,VAL,VAL,True
1941,ThermoMPNN,WIL_PLA,1.204527497291565,97,V,C,WIL_PLA,A,98,98,VAL,VAL,True
1942,ThermoMPNN,WIL_PLA,3.75545072555542,97,V,D,WIL_PLA,A,98,98,VAL,VAL,True
1943,ThermoMPNN,WIL_PLA,3.032374143600464,97,V,E,WIL_PLA,A,98,98,VAL,VAL,True
1944,ThermoMPNN,WIL_PLA,1.298845648765564,97,V,F,WIL_PLA,A,98,98,VAL,VAL,True
1945,ThermoMPNN,WIL_PLA,3.841777801513672,97,V,G,WIL_PLA,A,98,98,VAL,VAL,True
1946,ThermoMPNN,WIL_PLA,2.4046852588653564,97,V,H,WIL_PLA,A,98,98,VAL,VAL,True
1947,ThermoMPNN,WIL_PLA,-0.5122578144073486,97,V,I,WIL_PLA,A,98,98,VAL,VAL,True
1948,ThermoMPNN,WIL_PLA,2.291144371032715,97,V,K,WIL_PLA,A,98,98,VAL,VAL,True
1949,ThermoMPNN,WIL_PLA,0.6958664655685425,97,V,L,WIL_PLA,A,98,98,VAL,VAL,True
1950,ThermoMPNN,WIL_PLA,1.1925764083862305,97,V,M,WIL_PLA,A,98,98,VAL,VAL,True
1951,ThermoMPNN,WIL_PLA,3.276565790176392,97,V,N,WIL_PLA,A,98,98,VAL,VAL,True
1952,ThermoMPNN,WIL_PLA,3.867079496383667,97,V,P,WIL_PLA,A,98,98,VAL,VAL,True
1953,ThermoMPNN,WIL_PLA,2.438793659210205,97,V,Q,WIL_PLA,A,98,98,VAL,VAL,True
1954,ThermoMPNN,WIL_PLA,2.307806968688965,97,V,R,WIL_PLA,A,98,98,VAL,VAL,True
1955,ThermoMPNN,WIL_PLA,2.717571258544922,97,V,S,WIL_PLA,A,98,98,VAL,VAL,True
1956,ThermoMPNN,WIL_PLA,1.535407304763794,97,V,T,WIL_PLA,A,98,98,VAL,VAL,True
1957,ThermoMPNN,WIL_PLA,0.0,97,V,V,WIL_PLA,A,98,98,VAL,VAL,True
1958,ThermoMPNN,WIL_PLA,1.6392879486083984,97,V,W,WIL_PLA,A,98,98,VAL,VAL,True
1959,ThermoMPNN,WIL_PLA,1.35798180103302,97,V,Y,WIL_PLA,A,98,98,VAL,VAL,True
1960,ThermoMPNN,WIL_PLA,2.479296922683716,98,D,A,WIL_PLA,A,99,99,ASP,ASP,True
1961,ThermoMPNN,WIL_PLA,1.536279320716858,98,D,C,WIL_PLA,A,99,99,ASP,ASP,True
1962,ThermoMPNN,WIL_PLA,0.0,98,D,D,WIL_PLA,A,99,99,ASP,ASP,True
1963,ThermoMPNN,WIL_PLA,2.2289626598358154,98,D,E,WIL_PLA,A,99,99,ASP,ASP,True
1964,ThermoMPNN,WIL_PLA,1.838167667388916,98,D,F,WIL_PLA,A,99,99,ASP,ASP,True
1965,ThermoMPNN,WIL_PLA,2.59253478050232,98,D,G,WIL_PLA,A,99,99,ASP,ASP,True
1966,ThermoMPNN,WIL_PLA,2.2073049545288086,98,D,H,WIL_PLA,A,99,99,ASP,ASP,True
1967,ThermoMPNN,WIL_PLA,2.0910861492156982,98,D,I,WIL_PLA,A,99,99,ASP,ASP,True
1968,ThermoMPNN,WIL_PLA,2.727539300918579,98,D,K,WIL_PLA,A,99,99,ASP,ASP,True
1969,ThermoMPNN,WIL_PLA,2.270974636077881,98,D,L,WIL_PLA,A,99,99,ASP,ASP,True
1970,ThermoMPNN,WIL_PLA,2.2059664726257324,98,D,M,WIL_PLA,A,99,99,ASP,ASP,True
1971,ThermoMPNN,WIL_PLA,1.2697316408157349,98,D,N,WIL_PLA,A,99,99,ASP,ASP,True
1972,ThermoMPNN,WIL_PLA,3.0355944633483887,98,D,P,WIL_PLA,A,99,99,ASP,ASP,True
1973,ThermoMPNN,WIL_PLA,2.342736005783081,98,D,Q,WIL_PLA,A,99,99,ASP,ASP,True
1974,ThermoMPNN,WIL_PLA,2.6230857372283936,98,D,R,WIL_PLA,A,99,99,ASP,ASP,True
1975,ThermoMPNN,WIL_PLA,1.4471944570541382,98,D,S,WIL_PLA,A,99,99,ASP,ASP,True
1976,ThermoMPNN,WIL_PLA,2.2454991340637207,98,D,T,WIL_PLA,A,99,99,ASP,ASP,True
1977,ThermoMPNN,WIL_PLA,2.233325719833374,98,D,V,WIL_PLA,A,99,99,ASP,ASP,True
1978,ThermoMPNN,WIL_PLA,2.110255002975464,98,D,W,WIL_PLA,A,99,99,ASP,ASP,True
1979,ThermoMPNN,WIL_PLA,2.503049373626709,98,D,Y,WIL_PLA,A,99,99,ASP,ASP,True
1980,ThermoMPNN,WIL_PLA,0.2133967876434326,99,P,A,WIL_PLA,A,100,100,PRO,PRO,True
1981,ThermoMPNN,WIL_PLA,-0.0651755928993225,99,P,C,WIL_PLA,A,100,100,PRO,PRO,True
1982,ThermoMPNN,WIL_PLA,0.9357319474220276,99,P,D,WIL_PLA,A,100,100,PRO,PRO,True
1983,ThermoMPNN,WIL_PLA,0.6530827879905701,99,P,E,WIL_PLA,A,100,100,PRO,PRO,True
1984,ThermoMPNN,WIL_PLA,0.098790168762207,99,P,F,WIL_PLA,A,100,100,PRO,PRO,True
1985,ThermoMPNN,WIL_PLA,0.3224539756774902,99,P,G,WIL_PLA,A,100,100,PRO,PRO,True
1986,ThermoMPNN,WIL_PLA,0.3124678134918213,99,P,H,WIL_PLA,A,100,100,PRO,PRO,True
1987,ThermoMPNN,WIL_PLA,-0.0116260051727294,99,P,I,WIL_PLA,A,100,100,PRO,PRO,True
1988,ThermoMPNN,WIL_PLA,-0.0816866755485534,99,P,K,WIL_PLA,A,100,100,PRO,PRO,True
1989,ThermoMPNN,WIL_PLA,0.0564971566200256,99,P,L,WIL_PLA,A,100,100,PRO,PRO,True
1990,ThermoMPNN,WIL_PLA,0.1859410405158996,99,P,M,WIL_PLA,A,100,100,PRO,PRO,True
1991,ThermoMPNN,WIL_PLA,0.4709651172161102,99,P,N,WIL_PLA,A,100,100,PRO,PRO,True
1992,ThermoMPNN,WIL_PLA,0.0,99,P,P,WIL_PLA,A,100,100,PRO,PRO,True
1993,ThermoMPNN,WIL_PLA,0.3729099035263061,99,P,Q,WIL_PLA,A,100,100,PRO,PRO,True
1994,ThermoMPNN,WIL_PLA,-0.0232282876968383,99,P,R,WIL_PLA,A,100,100,PRO,PRO,True
1995,ThermoMPNN,WIL_PLA,0.3740298748016357,99,P,S,WIL_PLA,A,100,100,PRO,PRO,True
1996,ThermoMPNN,WIL_PLA,0.1519331932067871,99,P,T,WIL_PLA,A,100,100,PRO,PRO,True
1997,ThermoMPNN,WIL_PLA,0.0834904909133911,99,P,V,WIL_PLA,A,100,100,PRO,PRO,True
1998,ThermoMPNN,WIL_PLA,0.2226325273513794,99,P,W,WIL_PLA,A,100,100,PRO,PRO,True
1999,ThermoMPNN,WIL_PLA,0.122865617275238,99,P,Y,WIL_PLA,A,100,100,PRO,PRO,True
2000,ThermoMPNN,WIL_PLA,0.3557419776916504,100,T,A,WIL_PLA,A,101,101,THR,THR,True
2001,ThermoMPNN,WIL_PLA,0.4549749493598938,100,T,C,WIL_PLA,A,101,101,THR,THR,True
2002,ThermoMPNN,WIL_PLA,1.1463347673416138,100,T,D,WIL_PLA,A,101,101,THR,THR,True
2003,ThermoMPNN,WIL_PLA,0.8370193243026733,100,T,E,WIL_PLA,A,101,101,THR,THR,True
2004,ThermoMPNN,WIL_PLA,0.7545207738876343,100,T,F,WIL_PLA,A,101,101,THR,THR,True
2005,ThermoMPNN,WIL_PLA,0.930466651916504,100,T,G,WIL_PLA,A,101,101,THR,THR,True
2006,ThermoMPNN,WIL_PLA,0.5563762784004211,100,T,H,WIL_PLA,A,101,101,THR,THR,True
2007,ThermoMPNN,WIL_PLA,0.4620059728622436,100,T,I,WIL_PLA,A,101,101,THR,THR,True
2008,ThermoMPNN,WIL_PLA,0.0959609746932983,100,T,K,WIL_PLA,A,101,101,THR,THR,True
2009,ThermoMPNN,WIL_PLA,0.3644149303436279,100,T,L,WIL_PLA,A,101,101,THR,THR,True
2010,ThermoMPNN,WIL_PLA,0.4490094184875488,100,T,M,WIL_PLA,A,101,101,THR,THR,True
2011,ThermoMPNN,WIL_PLA,0.5655227899551392,100,T,N,WIL_PLA,A,101,101,THR,THR,True
2012,ThermoMPNN,WIL_PLA,1.6491163969039917,100,T,P,WIL_PLA,A,101,101,THR,THR,True
2013,ThermoMPNN,WIL_PLA,0.4548284411430359,100,T,Q,WIL_PLA,A,101,101,THR,THR,True
2014,ThermoMPNN,WIL_PLA,-0.0346338748931884,100,T,R,WIL_PLA,A,101,101,THR,THR,True
2015,ThermoMPNN,WIL_PLA,0.3766137361526489,100,T,S,WIL_PLA,A,101,101,THR,THR,True
2016,ThermoMPNN,WIL_PLA,0.0,100,T,T,WIL_PLA,A,101,101,THR,THR,True
2017,ThermoMPNN,WIL_PLA,0.4358500838279724,100,T,V,WIL_PLA,A,101,101,THR,THR,True
2018,ThermoMPNN,WIL_PLA,0.813274621963501,100,T,W,WIL_PLA,A,101,101,THR,THR,True
2019,ThermoMPNN,WIL_PLA,0.6259838342666626,100,T,Y,WIL_PLA,A,101,101,THR,THR,True
2020,ThermoMPNN,WIL_PLA,0.9391108751296996,101,N,A,WIL_PLA,A,102,102,ASN,ASN,True
2021,ThermoMPNN,WIL_PLA,0.1836695671081543,101,N,C,WIL_PLA,A,102,102,ASN,ASN,True
2022,ThermoMPNN,WIL_PLA,1.5267250537872314,101,N,D,WIL_PLA,A,102,102,ASN,ASN,True
2023,ThermoMPNN,WIL_PLA,1.6287521123886108,101,N,E,WIL_PLA,A,102,102,ASN,ASN,True
2024,ThermoMPNN,WIL_PLA,0.4864273071289062,101,N,F,WIL_PLA,A,102,102,ASN,ASN,True
2025,ThermoMPNN,WIL_PLA,1.3200838565826416,101,N,G,WIL_PLA,A,102,102,ASN,ASN,True
2026,ThermoMPNN,WIL_PLA,0.1826522350311279,101,N,H,WIL_PLA,A,102,102,ASN,ASN,True
2027,ThermoMPNN,WIL_PLA,1.470548152923584,101,N,I,WIL_PLA,A,102,102,ASN,ASN,True
2028,ThermoMPNN,WIL_PLA,0.4012612104415893,101,N,K,WIL_PLA,A,102,102,ASN,ASN,True
2029,ThermoMPNN,WIL_PLA,0.6856824159622192,101,N,L,WIL_PLA,A,102,102,ASN,ASN,True
2030,ThermoMPNN,WIL_PLA,0.7814658284187317,101,N,M,WIL_PLA,A,102,102,ASN,ASN,True
2031,ThermoMPNN,WIL_PLA,0.0,101,N,N,WIL_PLA,A,102,102,ASN,ASN,True
2032,ThermoMPNN,WIL_PLA,2.5273637771606445,101,N,P,WIL_PLA,A,102,102,ASN,ASN,True
2033,ThermoMPNN,WIL_PLA,0.9722995162010192,101,N,Q,WIL_PLA,A,102,102,ASN,ASN,True
2034,ThermoMPNN,WIL_PLA,0.0452373027801513,101,N,R,WIL_PLA,A,102,102,ASN,ASN,True
2035,ThermoMPNN,WIL_PLA,0.7825489640235901,101,N,S,WIL_PLA,A,102,102,ASN,ASN,True
2036,ThermoMPNN,WIL_PLA,0.9616714715957642,101,N,T,WIL_PLA,A,102,102,ASN,ASN,True
2037,ThermoMPNN,WIL_PLA,1.2678685188293457,101,N,V,WIL_PLA,A,102,102,ASN,ASN,True
2038,ThermoMPNN,WIL_PLA,0.5930013656616211,101,N,W,WIL_PLA,A,102,102,ASN,ASN,True
2039,ThermoMPNN,WIL_PLA,0.4324897527694702,101,N,Y,WIL_PLA,A,102,102,ASN,ASN,True
2040,ThermoMPNN,WIL_PLA,-0.5431632995605469,102,E,A,WIL_PLA,A,103,103,GLU,GLU,True
2041,ThermoMPNN,WIL_PLA,-0.8469372391700745,102,E,C,WIL_PLA,A,103,103,GLU,GLU,True
2042,ThermoMPNN,WIL_PLA,0.3659915030002594,102,E,D,WIL_PLA,A,103,103,GLU,GLU,True
2043,ThermoMPNN,WIL_PLA,0.0,102,E,E,WIL_PLA,A,103,103,GLU,GLU,True
2044,ThermoMPNN,WIL_PLA,-0.5973175168037415,102,E,F,WIL_PLA,A,103,103,GLU,GLU,True
2045,ThermoMPNN,WIL_PLA,-0.2726644873619079,102,E,G,WIL_PLA,A,103,103,GLU,GLU,True
2046,ThermoMPNN,WIL_PLA,-0.695624053478241,102,E,H,WIL_PLA,A,103,103,GLU,GLU,True
2047,ThermoMPNN,WIL_PLA,-0.0421534180641174,102,E,I,WIL_PLA,A,103,103,GLU,GLU,True
2048,ThermoMPNN,WIL_PLA,-1.070971965789795,102,E,K,WIL_PLA,A,103,103,GLU,GLU,True
2049,ThermoMPNN,WIL_PLA,-0.5592113733291626,102,E,L,WIL_PLA,A,103,103,GLU,GLU,True
2050,ThermoMPNN,WIL_PLA,-0.6365299820899963,102,E,M,WIL_PLA,A,103,103,GLU,GLU,True
2051,ThermoMPNN,WIL_PLA,-0.4828730821609497,102,E,N,WIL_PLA,A,103,103,GLU,GLU,True
2052,ThermoMPNN,WIL_PLA,0.8978729844093323,102,E,P,WIL_PLA,A,103,103,GLU,GLU,True
2053,ThermoMPNN,WIL_PLA,-0.7340295910835266,102,E,Q,WIL_PLA,A,103,103,GLU,GLU,True
2054,ThermoMPNN,WIL_PLA,-0.9922298789024352,102,E,R,WIL_PLA,A,103,103,GLU,GLU,True
2055,ThermoMPNN,WIL_PLA,-0.3706618547439575,102,E,S,WIL_PLA,A,103,103,GLU,GLU,True
2056,ThermoMPNN,WIL_PLA,-0.1957618594169616,102,E,T,WIL_PLA,A,103,103,GLU,GLU,True
2057,ThermoMPNN,WIL_PLA,-0.0368438065052032,102,E,V,WIL_PLA,A,103,103,GLU,GLU,True
2058,ThermoMPNN,WIL_PLA,-0.5852780342102051,102,E,W,WIL_PLA,A,103,103,GLU,GLU,True
2059,ThermoMPNN,WIL_PLA,-0.5652796626091003,102,E,Y,WIL_PLA,A,103,103,GLU,GLU,True
2060,ThermoMPNN,WIL_PLA,1.6173008680343628,103,L,A,WIL_PLA,A,104,104,LEU,LEU,True
2061,ThermoMPNN,WIL_PLA,0.6916001439094543,103,L,C,WIL_PLA,A,104,104,LEU,LEU,True
2062,ThermoMPNN,WIL_PLA,2.6488823890686035,103,L,D,WIL_PLA,A,104,104,LEU,LEU,True
2063,ThermoMPNN,WIL_PLA,2.2966439723968506,103,L,E,WIL_PLA,A,104,104,LEU,LEU,True
2064,ThermoMPNN,WIL_PLA,0.4609167575836181,103,L,F,WIL_PLA,A,104,104,LEU,LEU,True
2065,ThermoMPNN,WIL_PLA,2.471442937850952,103,L,G,WIL_PLA,A,104,104,LEU,LEU,True
2066,ThermoMPNN,WIL_PLA,1.103095531463623,103,L,H,WIL_PLA,A,104,104,LEU,LEU,True
2067,ThermoMPNN,WIL_PLA,0.9544817209243774,103,L,I,WIL_PLA,A,104,104,LEU,LEU,True
2068,ThermoMPNN,WIL_PLA,0.5433676242828369,103,L,K,WIL_PLA,A,104,104,LEU,LEU,True
2069,ThermoMPNN,WIL_PLA,0.0,103,L,L,WIL_PLA,A,104,104,LEU,LEU,True
2070,ThermoMPNN,WIL_PLA,0.4308178424835205,103,L,M,WIL_PLA,A,104,104,LEU,LEU,True
2071,ThermoMPNN,WIL_PLA,1.4049935340881348,103,L,N,WIL_PLA,A,104,104,LEU,LEU,True
2072,ThermoMPNN,WIL_PLA,2.3613712787628174,103,L,P,WIL_PLA,A,104,104,LEU,LEU,True
2073,ThermoMPNN,WIL_PLA,1.508564591407776,103,L,Q,WIL_PLA,A,104,104,LEU,LEU,True
2074,ThermoMPNN,WIL_PLA,-0.1497900485992431,103,L,R,WIL_PLA,A,104,104,LEU,LEU,True
2075,ThermoMPNN,WIL_PLA,1.6754237413406372,103,L,S,WIL_PLA,A,104,104,LEU,LEU,True
2076,ThermoMPNN,WIL_PLA,1.1205832958221436,103,L,T,WIL_PLA,A,104,104,LEU,LEU,True
2077,ThermoMPNN,WIL_PLA,1.2459887266159058,103,L,V,WIL_PLA,A,104,104,LEU,LEU,True
2078,ThermoMPNN,WIL_PLA,0.0214291810989379,103,L,W,WIL_PLA,A,104,104,LEU,LEU,True
2079,ThermoMPNN,WIL_PLA,0.3073620796203613,103,L,Y,WIL_PLA,A,104,104,LEU,LEU,True
2080,ThermoMPNN,WIL_PLA,2.819486379623413,104,I,A,WIL_PLA,A,105,105,ILE,ILE,True
2081,ThermoMPNN,WIL_PLA,1.9978395700454712,104,I,C,WIL_PLA,A,105,105,ILE,ILE,True
2082,ThermoMPNN,WIL_PLA,3.9321117401123047,104,I,D,WIL_PLA,A,105,105,ILE,ILE,True
2083,ThermoMPNN,WIL_PLA,3.766289472579956,104,I,E,WIL_PLA,A,105,105,ILE,ILE,True
2084,ThermoMPNN,WIL_PLA,1.898151516914368,104,I,F,WIL_PLA,A,105,105,ILE,ILE,True
2085,ThermoMPNN,WIL_PLA,3.583132743835449,104,I,G,WIL_PLA,A,105,105,ILE,ILE,True
2086,ThermoMPNN,WIL_PLA,3.547856092453003,104,I,H,WIL_PLA,A,105,105,ILE,ILE,True
2087,ThermoMPNN,WIL_PLA,0.0,104,I,I,WIL_PLA,A,105,105,ILE,ILE,True
2088,ThermoMPNN,WIL_PLA,3.5318424701690674,104,I,K,WIL_PLA,A,105,105,ILE,ILE,True
2089,ThermoMPNN,WIL_PLA,0.8773577213287354,104,I,L,WIL_PLA,A,105,105,ILE,ILE,True
2090,ThermoMPNN,WIL_PLA,1.7459285259246826,104,I,M,WIL_PLA,A,105,105,ILE,ILE,True
2091,ThermoMPNN,WIL_PLA,3.750155210494995,104,I,N,WIL_PLA,A,105,105,ILE,ILE,True
2092,ThermoMPNN,WIL_PLA,3.2570745944976807,104,I,P,WIL_PLA,A,105,105,ILE,ILE,True
2093,ThermoMPNN,WIL_PLA,3.738237857818604,104,I,Q,WIL_PLA,A,105,105,ILE,ILE,True
2094,ThermoMPNN,WIL_PLA,3.458534240722656,104,I,R,WIL_PLA,A,105,105,ILE,ILE,True
2095,ThermoMPNN,WIL_PLA,3.653795003890991,104,I,S,WIL_PLA,A,105,105,ILE,ILE,True
2096,ThermoMPNN,WIL_PLA,2.9827847480773926,104,I,T,WIL_PLA,A,105,105,ILE,ILE,True
2097,ThermoMPNN,WIL_PLA,0.7541017532348633,104,I,V,WIL_PLA,A,105,105,ILE,ILE,True
2098,ThermoMPNN,WIL_PLA,2.543827533721924,104,I,W,WIL_PLA,A,105,105,ILE,ILE,True
2099,ThermoMPNN,WIL_PLA,2.514021158218384,104,I,Y,WIL_PLA,A,105,105,ILE,ILE,True
2100,ThermoMPNN,WIL_PLA,2.733494281768799,105,V,A,WIL_PLA,A,106,106,VAL,VAL,True
2101,ThermoMPNN,WIL_PLA,1.8827462196350095,105,V,C,WIL_PLA,A,106,106,VAL,VAL,True
2102,ThermoMPNN,WIL_PLA,4.051486492156982,105,V,D,WIL_PLA,A,106,106,VAL,VAL,True
2103,ThermoMPNN,WIL_PLA,3.966032981872559,105,V,E,WIL_PLA,A,106,106,VAL,VAL,True
2104,ThermoMPNN,WIL_PLA,2.384192943572998,105,V,F,WIL_PLA,A,106,106,VAL,VAL,True
2105,ThermoMPNN,WIL_PLA,3.735440254211426,105,V,G,WIL_PLA,A,106,106,VAL,VAL,True
2106,ThermoMPNN,WIL_PLA,3.687288522720337,105,V,H,WIL_PLA,A,106,106,VAL,VAL,True
2107,ThermoMPNN,WIL_PLA,0.1723158359527588,105,V,I,WIL_PLA,A,106,106,VAL,VAL,True
2108,ThermoMPNN,WIL_PLA,3.747371912002564,105,V,K,WIL_PLA,A,106,106,VAL,VAL,True
2109,ThermoMPNN,WIL_PLA,1.6807256937026978,105,V,L,WIL_PLA,A,106,106,VAL,VAL,True
2110,ThermoMPNN,WIL_PLA,2.521324634552002,105,V,M,WIL_PLA,A,106,106,VAL,VAL,True
2111,ThermoMPNN,WIL_PLA,3.950750827789306,105,V,N,WIL_PLA,A,106,106,VAL,VAL,True
2112,ThermoMPNN,WIL_PLA,3.994788885116577,105,V,P,WIL_PLA,A,106,106,VAL,VAL,True
2113,ThermoMPNN,WIL_PLA,3.9087181091308594,105,V,Q,WIL_PLA,A,106,106,VAL,VAL,True
2114,ThermoMPNN,WIL_PLA,3.688465118408203,105,V,R,WIL_PLA,A,106,106,VAL,VAL,True
2115,ThermoMPNN,WIL_PLA,3.642468452453613,105,V,S,WIL_PLA,A,106,106,VAL,VAL,True
2116,ThermoMPNN,WIL_PLA,2.67319655418396,105,V,T,WIL_PLA,A,106,106,VAL,VAL,True
2117,ThermoMPNN,WIL_PLA,0.0,105,V,V,WIL_PLA,A,106,106,VAL,VAL,True
2118,ThermoMPNN,WIL_PLA,2.901087999343872,105,V,W,WIL_PLA,A,106,106,VAL,VAL,True
2119,ThermoMPNN,WIL_PLA,2.7311525344848637,105,V,Y,WIL_PLA,A,106,106,VAL,VAL,True
2120,ThermoMPNN,WIL_PLA,1.6272252798080444,106,L,A,WIL_PLA,A,107,107,LEU,LEU,True
2121,ThermoMPNN,WIL_PLA,0.7523252964019775,106,L,C,WIL_PLA,A,107,107,LEU,LEU,True
2122,ThermoMPNN,WIL_PLA,2.964440107345581,106,L,D,WIL_PLA,A,107,107,LEU,LEU,True
2123,ThermoMPNN,WIL_PLA,2.6595821380615234,106,L,E,WIL_PLA,A,107,107,LEU,LEU,True
2124,ThermoMPNN,WIL_PLA,0.8525787591934204,106,L,F,WIL_PLA,A,107,107,LEU,LEU,True
2125,ThermoMPNN,WIL_PLA,2.309237480163574,106,L,G,WIL_PLA,A,107,107,LEU,LEU,True
2126,ThermoMPNN,WIL_PLA,2.3165841102600098,106,L,H,WIL_PLA,A,107,107,LEU,LEU,True
2127,ThermoMPNN,WIL_PLA,-0.1930930614471435,106,L,I,WIL_PLA,A,107,107,LEU,LEU,True
2128,ThermoMPNN,WIL_PLA,2.338308334350586,106,L,K,WIL_PLA,A,107,107,LEU,LEU,True
2129,ThermoMPNN,WIL_PLA,0.0,106,L,L,WIL_PLA,A,107,107,LEU,LEU,True
2130,ThermoMPNN,WIL_PLA,0.9121935367584229,106,L,M,WIL_PLA,A,107,107,LEU,LEU,True
2131,ThermoMPNN,WIL_PLA,2.648529529571533,106,L,N,WIL_PLA,A,107,107,LEU,LEU,True
2132,ThermoMPNN,WIL_PLA,2.2931222915649414,106,L,P,WIL_PLA,A,107,107,LEU,LEU,True
2133,ThermoMPNN,WIL_PLA,2.5851738452911377,106,L,Q,WIL_PLA,A,107,107,LEU,LEU,True
2134,ThermoMPNN,WIL_PLA,2.400522470474243,106,L,R,WIL_PLA,A,107,107,LEU,LEU,True
2135,ThermoMPNN,WIL_PLA,2.43934965133667,106,L,S,WIL_PLA,A,107,107,LEU,LEU,True
2136,ThermoMPNN,WIL_PLA,1.7982892990112305,106,L,T,WIL_PLA,A,107,107,LEU,LEU,True
2137,ThermoMPNN,WIL_PLA,-0.0574126243591308,106,L,V,WIL_PLA,A,107,107,LEU,LEU,True
2138,ThermoMPNN,WIL_PLA,1.2536104917526243,106,L,W,WIL_PLA,A,107,107,LEU,LEU,True
2139,ThermoMPNN,WIL_PLA,1.2482929229736328,106,L,Y,WIL_PLA,A,107,107,LEU,LEU,True
2140,ThermoMPNN,WIL_PLA,-0.1426078081130981,107,S,A,WIL_PLA,A,108,108,SER,SER,True
2141,ThermoMPNN,WIL_PLA,-0.1066588163375854,107,S,C,WIL_PLA,A,108,108,SER,SER,True
2142,ThermoMPNN,WIL_PLA,2.126676559448242,107,S,D,WIL_PLA,A,108,108,SER,SER,True
2143,ThermoMPNN,WIL_PLA,1.750719428062439,107,S,E,WIL_PLA,A,108,108,SER,SER,True
2144,ThermoMPNN,WIL_PLA,0.3118364810943603,107,S,F,WIL_PLA,A,108,108,SER,SER,True
2145,ThermoMPNN,WIL_PLA,0.8308160305023193,107,S,G,WIL_PLA,A,108,108,SER,SER,True
2146,ThermoMPNN,WIL_PLA,1.5470117330551147,107,S,H,WIL_PLA,A,108,108,SER,SER,True
2147,ThermoMPNN,WIL_PLA,-0.1293432712554931,107,S,I,WIL_PLA,A,108,108,SER,SER,True
2148,ThermoMPNN,WIL_PLA,1.7619144916534424,107,S,K,WIL_PLA,A,108,108,SER,SER,True
2149,ThermoMPNN,WIL_PLA,0.7493786215782166,107,S,L,WIL_PLA,A,108,108,SER,SER,True
2150,ThermoMPNN,WIL_PLA,0.5044713020324707,107,S,M,WIL_PLA,A,108,108,SER,SER,True
2151,ThermoMPNN,WIL_PLA,1.8083279132843015,107,S,N,WIL_PLA,A,108,108,SER,SER,True
2152,ThermoMPNN,WIL_PLA,1.4800862073898315,107,S,P,WIL_PLA,A,108,108,SER,SER,True
2153,ThermoMPNN,WIL_PLA,1.5794566869735718,107,S,Q,WIL_PLA,A,108,108,SER,SER,True
2154,ThermoMPNN,WIL_PLA,1.5134004354476929,107,S,R,WIL_PLA,A,108,108,SER,SER,True
2155,ThermoMPNN,WIL_PLA,0.0,107,S,S,WIL_PLA,A,108,108,SER,SER,True
2156,ThermoMPNN,WIL_PLA,-0.3229314088821411,107,S,T,WIL_PLA,A,108,108,SER,SER,True
2157,ThermoMPNN,WIL_PLA,-0.3749901056289673,107,S,V,WIL_PLA,A,108,108,SER,SER,True
2158,ThermoMPNN,WIL_PLA,0.7888827323913574,107,S,W,WIL_PLA,A,108,108,SER,SER,True
2159,ThermoMPNN,WIL_PLA,0.7256454825401306,107,S,Y,WIL_PLA,A,108,108,SER,SER,True
2160,ThermoMPNN,WIL_PLA,2.6676242351531982,108,F,A,WIL_PLA,A,109,109,PHE,PHE,True
2161,ThermoMPNN,WIL_PLA,1.5901100635528564,108,F,C,WIL_PLA,A,109,109,PHE,PHE,True
2162,ThermoMPNN,WIL_PLA,3.3338851928710938,108,F,D,WIL_PLA,A,109,109,PHE,PHE,True
2163,ThermoMPNN,WIL_PLA,3.0354816913604736,108,F,E,WIL_PLA,A,109,109,PHE,PHE,True
2164,ThermoMPNN,WIL_PLA,0.0,108,F,F,WIL_PLA,A,109,109,PHE,PHE,True
2165,ThermoMPNN,WIL_PLA,2.878878116607666,108,F,G,WIL_PLA,A,109,109,PHE,PHE,True
2166,ThermoMPNN,WIL_PLA,2.7285680770874023,108,F,H,WIL_PLA,A,109,109,PHE,PHE,True
2167,ThermoMPNN,WIL_PLA,1.6917067766189575,108,F,I,WIL_PLA,A,109,109,PHE,PHE,True
2168,ThermoMPNN,WIL_PLA,2.835693359375,108,F,K,WIL_PLA,A,109,109,PHE,PHE,True
2169,ThermoMPNN,WIL_PLA,1.6470383405685425,108,F,L,WIL_PLA,A,109,109,PHE,PHE,True
2170,ThermoMPNN,WIL_PLA,1.746355414390564,108,F,M,WIL_PLA,A,109,109,PHE,PHE,True
2171,ThermoMPNN,WIL_PLA,2.9997472763061523,108,F,N,WIL_PLA,A,109,109,PHE,PHE,True
2172,ThermoMPNN,WIL_PLA,3.119985580444336,108,F,P,WIL_PLA,A,109,109,PHE,PHE,True
2173,ThermoMPNN,WIL_PLA,2.994694471359253,108,F,Q,WIL_PLA,A,109,109,PHE,PHE,True
2174,ThermoMPNN,WIL_PLA,2.744920492172241,108,F,R,WIL_PLA,A,109,109,PHE,PHE,True
2175,ThermoMPNN,WIL_PLA,2.888206243515014,108,F,S,WIL_PLA,A,109,109,PHE,PHE,True
2176,ThermoMPNN,WIL_PLA,2.802366018295288,108,F,T,WIL_PLA,A,109,109,PHE,PHE,True
2177,ThermoMPNN,WIL_PLA,1.9638938903808596,108,F,V,WIL_PLA,A,109,109,PHE,PHE,True
2178,ThermoMPNN,WIL_PLA,1.19667649269104,108,F,W,WIL_PLA,A,109,109,PHE,PHE,True
2179,ThermoMPNN,WIL_PLA,1.2783396244049072,108,F,Y,WIL_PLA,A,109,109,PHE,PHE,True
2180,ThermoMPNN,WIL_PLA,-0.1989297866821289,109,R,A,WIL_PLA,A,110,110,ARG,ARG,True
2181,ThermoMPNN,WIL_PLA,0.6840355396270752,109,R,C,WIL_PLA,A,110,110,ARG,ARG,True
2182,ThermoMPNN,WIL_PLA,2.993560791015625,109,R,D,WIL_PLA,A,110,110,ARG,ARG,True
2183,ThermoMPNN,WIL_PLA,2.0226964950561523,109,R,E,WIL_PLA,A,110,110,ARG,ARG,True
2184,ThermoMPNN,WIL_PLA,1.61215078830719,109,R,F,WIL_PLA,A,110,110,ARG,ARG,True
2185,ThermoMPNN,WIL_PLA,0.8839109539985657,109,R,G,WIL_PLA,A,110,110,ARG,ARG,True
2186,ThermoMPNN,WIL_PLA,1.1202433109283447,109,R,H,WIL_PLA,A,110,110,ARG,ARG,True
2187,ThermoMPNN,WIL_PLA,1.64084792137146,109,R,I,WIL_PLA,A,110,110,ARG,ARG,True
2188,ThermoMPNN,WIL_PLA,0.2222319841384887,109,R,K,WIL_PLA,A,110,110,ARG,ARG,True
2189,ThermoMPNN,WIL_PLA,1.814491629600525,109,R,L,WIL_PLA,A,110,110,ARG,ARG,True
2190,ThermoMPNN,WIL_PLA,1.076984167098999,109,R,M,WIL_PLA,A,110,110,ARG,ARG,True
2191,ThermoMPNN,WIL_PLA,1.8242535591125488,109,R,N,WIL_PLA,A,110,110,ARG,ARG,True
2192,ThermoMPNN,WIL_PLA,1.905601024627685,109,R,P,WIL_PLA,A,110,110,ARG,ARG,True
2193,ThermoMPNN,WIL_PLA,0.8822084665298462,109,R,Q,WIL_PLA,A,110,110,ARG,ARG,True
2194,ThermoMPNN,WIL_PLA,0.0,109,R,R,WIL_PLA,A,110,110,ARG,ARG,True
2195,ThermoMPNN,WIL_PLA,0.3717352151870727,109,R,S,WIL_PLA,A,110,110,ARG,ARG,True
2196,ThermoMPNN,WIL_PLA,1.2053461074829102,109,R,T,WIL_PLA,A,110,110,ARG,ARG,True
2197,ThermoMPNN,WIL_PLA,1.5365564823150637,109,R,V,WIL_PLA,A,110,110,ARG,ARG,True
2198,ThermoMPNN,WIL_PLA,1.661773681640625,109,R,W,WIL_PLA,A,110,110,ARG,ARG,True
2199,ThermoMPNN,WIL_PLA,1.5522911548614502,109,R,Y,WIL_PLA,A,110,110,ARG,ARG,True
2200,ThermoMPNN,WIL_PLA,2.097393274307251,110,G,A,WIL_PLA,A,111,111,GLY,GLY,True
2201,ThermoMPNN,WIL_PLA,1.7917799949645996,110,G,C,WIL_PLA,A,111,111,GLY,GLY,True
2202,ThermoMPNN,WIL_PLA,2.953969717025757,110,G,D,WIL_PLA,A,111,111,GLY,GLY,True
2203,ThermoMPNN,WIL_PLA,2.9889397621154785,110,G,E,WIL_PLA,A,111,111,GLY,GLY,True
2204,ThermoMPNN,WIL_PLA,1.9235601425170896,110,G,F,WIL_PLA,A,111,111,GLY,GLY,True
2205,ThermoMPNN,WIL_PLA,0.0,110,G,G,WIL_PLA,A,111,111,GLY,GLY,True
2206,ThermoMPNN,WIL_PLA,2.6363117694854736,110,G,H,WIL_PLA,A,111,111,GLY,GLY,True
2207,ThermoMPNN,WIL_PLA,2.40071439743042,110,G,I,WIL_PLA,A,111,111,GLY,GLY,True
2208,ThermoMPNN,WIL_PLA,2.991770029067993,110,G,K,WIL_PLA,A,111,111,GLY,GLY,True
2209,ThermoMPNN,WIL_PLA,2.4146313667297363,110,G,L,WIL_PLA,A,111,111,GLY,GLY,True
2210,ThermoMPNN,WIL_PLA,2.216456890106201,110,G,M,WIL_PLA,A,111,111,GLY,GLY,True
2211,ThermoMPNN,WIL_PLA,2.8753914833068848,110,G,N,WIL_PLA,A,111,111,GLY,GLY,True
2212,ThermoMPNN,WIL_PLA,2.754900455474853,110,G,P,WIL_PLA,A,111,111,GLY,GLY,True
2213,ThermoMPNN,WIL_PLA,2.810450553894043,110,G,Q,WIL_PLA,A,111,111,GLY,GLY,True
2214,ThermoMPNN,WIL_PLA,2.842085361480713,110,G,R,WIL_PLA,A,111,111,GLY,GLY,True
2215,ThermoMPNN,WIL_PLA,2.40785551071167,110,G,S,WIL_PLA,A,111,111,GLY,GLY,True
2216,ThermoMPNN,WIL_PLA,2.6351146697998047,110,G,T,WIL_PLA,A,111,111,GLY,GLY,True
2217,ThermoMPNN,WIL_PLA,2.32230806350708,110,G,V,WIL_PLA,A,111,111,GLY,GLY,True
2218,ThermoMPNN,WIL_PLA,2.07678747177124,110,G,W,WIL_PLA,A,111,111,GLY,GLY,True
2219,ThermoMPNN,WIL_PLA,2.144904375076294,110,G,Y,WIL_PLA,A,111,111,GLY,GLY,True
2220,ThermoMPNN,WIL_PLA,-0.3133778572082519,111,S,A,WIL_PLA,A,112,112,SER,SER,True
2221,ThermoMPNN,WIL_PLA,-0.1652727127075195,111,S,C,WIL_PLA,A,112,112,SER,SER,True
2222,ThermoMPNN,WIL_PLA,1.861745834350586,111,S,D,WIL_PLA,A,112,112,SER,SER,True
2223,ThermoMPNN,WIL_PLA,0.5804439783096313,111,S,E,WIL_PLA,A,112,112,SER,SER,True
2224,ThermoMPNN,WIL_PLA,-0.0811303853988647,111,S,F,WIL_PLA,A,112,112,SER,SER,True
2225,ThermoMPNN,WIL_PLA,0.847293496131897,111,S,G,WIL_PLA,A,112,112,SER,SER,True
2226,ThermoMPNN,WIL_PLA,0.2932232022285461,111,S,H,WIL_PLA,A,112,112,SER,SER,True
2227,ThermoMPNN,WIL_PLA,0.3636338114738464,111,S,I,WIL_PLA,A,112,112,SER,SER,True
2228,ThermoMPNN,WIL_PLA,0.6969881057739258,111,S,K,WIL_PLA,A,112,112,SER,SER,True
2229,ThermoMPNN,WIL_PLA,0.6525578498840332,111,S,L,WIL_PLA,A,112,112,SER,SER,True
2230,ThermoMPNN,WIL_PLA,0.3205775022506714,111,S,M,WIL_PLA,A,112,112,SER,SER,True
2231,ThermoMPNN,WIL_PLA,1.2515268325805664,111,S,N,WIL_PLA,A,112,112,SER,SER,True
2232,ThermoMPNN,WIL_PLA,0.6326712965965271,111,S,P,WIL_PLA,A,112,112,SER,SER,True
2233,ThermoMPNN,WIL_PLA,0.5900733470916748,111,S,Q,WIL_PLA,A,112,112,SER,SER,True
2234,ThermoMPNN,WIL_PLA,0.5712355375289917,111,S,R,WIL_PLA,A,112,112,SER,SER,True
2235,ThermoMPNN,WIL_PLA,0.0,111,S,S,WIL_PLA,A,112,112,SER,SER,True
2236,ThermoMPNN,WIL_PLA,0.1722354292869568,111,S,T,WIL_PLA,A,112,112,SER,SER,True
2237,ThermoMPNN,WIL_PLA,0.2484882473945617,111,S,V,WIL_PLA,A,112,112,SER,SER,True
2238,ThermoMPNN,WIL_PLA,0.4170988202095032,111,S,W,WIL_PLA,A,112,112,SER,SER,True
2239,ThermoMPNN,WIL_PLA,0.1295773386955261,111,S,Y,WIL_PLA,A,112,112,SER,SER,True
2240,ThermoMPNN,WIL_PLA,0.2190180420875549,112,S,A,WIL_PLA,A,113,113,SER,SER,True
2241,ThermoMPNN,WIL_PLA,0.15823495388031,112,S,C,WIL_PLA,A,113,113,SER,SER,True
2242,ThermoMPNN,WIL_PLA,0.4170878529548645,112,S,D,WIL_PLA,A,113,113,SER,SER,True
2243,ThermoMPNN,WIL_PLA,0.4393490552902221,112,S,E,WIL_PLA,A,113,113,SER,SER,True
2244,ThermoMPNN,WIL_PLA,0.4024280309677124,112,S,F,WIL_PLA,A,113,113,SER,SER,True
2245,ThermoMPNN,WIL_PLA,0.3950859904289245,112,S,G,WIL_PLA,A,113,113,SER,SER,True
2246,ThermoMPNN,WIL_PLA,0.1928915977478027,112,S,H,WIL_PLA,A,113,113,SER,SER,True
2247,ThermoMPNN,WIL_PLA,0.3145069479942322,112,S,I,WIL_PLA,A,113,113,SER,SER,True
2248,ThermoMPNN,WIL_PLA,0.1406393051147461,112,S,K,WIL_PLA,A,113,113,SER,SER,True
2249,ThermoMPNN,WIL_PLA,0.2862322330474853,112,S,L,WIL_PLA,A,113,113,SER,SER,True
2250,ThermoMPNN,WIL_PLA,0.4375720024108886,112,S,M,WIL_PLA,A,113,113,SER,SER,True
2251,ThermoMPNN,WIL_PLA,0.089472472667694,112,S,N,WIL_PLA,A,113,113,SER,SER,True
2252,ThermoMPNN,WIL_PLA,0.3451782464981079,112,S,P,WIL_PLA,A,113,113,SER,SER,True
2253,ThermoMPNN,WIL_PLA,0.3938068151473999,112,S,Q,WIL_PLA,A,113,113,SER,SER,True
2254,ThermoMPNN,WIL_PLA,0.1229510307312011,112,S,R,WIL_PLA,A,113,113,SER,SER,True
2255,ThermoMPNN,WIL_PLA,0.0,112,S,S,WIL_PLA,A,113,113,SER,SER,True
2256,ThermoMPNN,WIL_PLA,-0.0024720430374145,112,S,T,WIL_PLA,A,113,113,SER,SER,True
2257,ThermoMPNN,WIL_PLA,0.3672294020652771,112,S,V,WIL_PLA,A,113,113,SER,SER,True
2258,ThermoMPNN,WIL_PLA,0.5327600240707397,112,S,W,WIL_PLA,A,113,113,SER,SER,True
2259,ThermoMPNN,WIL_PLA,0.3651192188262939,112,S,Y,WIL_PLA,A,113,113,SER,SER,True
2260,ThermoMPNN,WIL_PLA,0.4431238174438476,113,D,A,WIL_PLA,A,114,114,ASP,ASP,True
2261,ThermoMPNN,WIL_PLA,-0.0115082263946533,113,D,C,WIL_PLA,A,114,114,ASP,ASP,True
2262,ThermoMPNN,WIL_PLA,0.0,113,D,D,WIL_PLA,A,114,114,ASP,ASP,True
2263,ThermoMPNN,WIL_PLA,0.4499315023422241,113,D,E,WIL_PLA,A,114,114,ASP,ASP,True
2264,ThermoMPNN,WIL_PLA,0.3498175740242004,113,D,F,WIL_PLA,A,114,114,ASP,ASP,True
2265,ThermoMPNN,WIL_PLA,0.8517467975616455,113,D,G,WIL_PLA,A,114,114,ASP,ASP,True
2266,ThermoMPNN,WIL_PLA,0.100669264793396,113,D,H,WIL_PLA,A,114,114,ASP,ASP,True
2267,ThermoMPNN,WIL_PLA,0.494641363620758,113,D,I,WIL_PLA,A,114,114,ASP,ASP,True
2268,ThermoMPNN,WIL_PLA,0.4902495741844177,113,D,K,WIL_PLA,A,114,114,ASP,ASP,True
2269,ThermoMPNN,WIL_PLA,0.4652951955795288,113,D,L,WIL_PLA,A,114,114,ASP,ASP,True
2270,ThermoMPNN,WIL_PLA,0.4561980366706848,113,D,M,WIL_PLA,A,114,114,ASP,ASP,True
2271,ThermoMPNN,WIL_PLA,-0.1188323497772216,113,D,N,WIL_PLA,A,114,114,ASP,ASP,True
2272,ThermoMPNN,WIL_PLA,2.379689216613769,113,D,P,WIL_PLA,A,114,114,ASP,ASP,True
2273,ThermoMPNN,WIL_PLA,0.295021116733551,113,D,Q,WIL_PLA,A,114,114,ASP,ASP,True
2274,ThermoMPNN,WIL_PLA,0.3626073002815246,113,D,R,WIL_PLA,A,114,114,ASP,ASP,True
2275,ThermoMPNN,WIL_PLA,0.2102320194244384,113,D,S,WIL_PLA,A,114,114,ASP,ASP,True
2276,ThermoMPNN,WIL_PLA,0.4181555509567261,113,D,T,WIL_PLA,A,114,114,ASP,ASP,True
2277,ThermoMPNN,WIL_PLA,0.3594014048576355,113,D,V,WIL_PLA,A,114,114,ASP,ASP,True
2278,ThermoMPNN,WIL_PLA,0.4100673794746399,113,D,W,WIL_PLA,A,114,114,ASP,ASP,True
2279,ThermoMPNN,WIL_PLA,0.3609205484390259,113,D,Y,WIL_PLA,A,114,114,ASP,ASP,True
2280,ThermoMPNN,WIL_PLA,1.2429697513580322,114,L,A,WIL_PLA,A,115,115,LEU,LEU,True
2281,ThermoMPNN,WIL_PLA,0.4411851167678833,114,L,C,WIL_PLA,A,115,115,LEU,LEU,True
2282,ThermoMPNN,WIL_PLA,1.6166094541549685,114,L,D,WIL_PLA,A,115,115,LEU,LEU,True
2283,ThermoMPNN,WIL_PLA,1.4211355447769165,114,L,E,WIL_PLA,A,115,115,LEU,LEU,True
2284,ThermoMPNN,WIL_PLA,0.1497774124145507,114,L,F,WIL_PLA,A,115,115,LEU,LEU,True
2285,ThermoMPNN,WIL_PLA,1.693875789642334,114,L,G,WIL_PLA,A,115,115,LEU,LEU,True
2286,ThermoMPNN,WIL_PLA,1.240236520767212,114,L,H,WIL_PLA,A,115,115,LEU,LEU,True
2287,ThermoMPNN,WIL_PLA,0.4737609624862671,114,L,I,WIL_PLA,A,115,115,LEU,LEU,True
2288,ThermoMPNN,WIL_PLA,1.535631537437439,114,L,K,WIL_PLA,A,115,115,LEU,LEU,True
2289,ThermoMPNN,WIL_PLA,0.0,114,L,L,WIL_PLA,A,115,115,LEU,LEU,True
2290,ThermoMPNN,WIL_PLA,0.4197802543640136,114,L,M,WIL_PLA,A,115,115,LEU,LEU,True
2291,ThermoMPNN,WIL_PLA,1.6504237651824951,114,L,N,WIL_PLA,A,115,115,LEU,LEU,True
2292,ThermoMPNN,WIL_PLA,0.908416211605072,114,L,P,WIL_PLA,A,115,115,LEU,LEU,True
2293,ThermoMPNN,WIL_PLA,1.5336328744888306,114,L,Q,WIL_PLA,A,115,115,LEU,LEU,True
2294,ThermoMPNN,WIL_PLA,1.558488368988037,114,L,R,WIL_PLA,A,115,115,LEU,LEU,True
2295,ThermoMPNN,WIL_PLA,1.6774412393569946,114,L,S,WIL_PLA,A,115,115,LEU,LEU,True
2296,ThermoMPNN,WIL_PLA,1.641505479812622,114,L,T,WIL_PLA,A,115,115,LEU,LEU,True
2297,ThermoMPNN,WIL_PLA,0.8781856298446655,114,L,V,WIL_PLA,A,115,115,LEU,LEU,True
2298,ThermoMPNN,WIL_PLA,0.6804240942001343,114,L,W,WIL_PLA,A,115,115,LEU,LEU,True
2299,ThermoMPNN,WIL_PLA,0.7621326446533203,114,L,Y,WIL_PLA,A,115,115,LEU,LEU,True
2300,ThermoMPNN,WIL_PLA,-0.077911376953125,115,S,A,WIL_PLA,A,116,116,SER,SER,True
2301,ThermoMPNN,WIL_PLA,-0.2476581931114196,115,S,C,WIL_PLA,A,116,116,SER,SER,True
2302,ThermoMPNN,WIL_PLA,-0.096435010433197,115,S,D,WIL_PLA,A,116,116,SER,SER,True
2303,ThermoMPNN,WIL_PLA,-0.2888570427894592,115,S,E,WIL_PLA,A,116,116,SER,SER,True
2304,ThermoMPNN,WIL_PLA,-0.0123614072799682,115,S,F,WIL_PLA,A,116,116,SER,SER,True
2305,ThermoMPNN,WIL_PLA,0.3652002215385437,115,S,G,WIL_PLA,A,116,116,SER,SER,True
2306,ThermoMPNN,WIL_PLA,-0.170615553855896,115,S,H,WIL_PLA,A,116,116,SER,SER,True
2307,ThermoMPNN,WIL_PLA,-0.176098883152008,115,S,I,WIL_PLA,A,116,116,SER,SER,True
2308,ThermoMPNN,WIL_PLA,-0.043069303035736,115,S,K,WIL_PLA,A,116,116,SER,SER,True
2309,ThermoMPNN,WIL_PLA,-0.1607285141944885,115,S,L,WIL_PLA,A,116,116,SER,SER,True
2310,ThermoMPNN,WIL_PLA,-0.0431414246559143,115,S,M,WIL_PLA,A,116,116,SER,SER,True
2311,ThermoMPNN,WIL_PLA,-0.0202576518058776,115,S,N,WIL_PLA,A,116,116,SER,SER,True
2312,ThermoMPNN,WIL_PLA,0.3050771951675415,115,S,P,WIL_PLA,A,116,116,SER,SER,True
2313,ThermoMPNN,WIL_PLA,-0.0986786484718322,115,S,Q,WIL_PLA,A,116,116,SER,SER,True
2314,ThermoMPNN,WIL_PLA,-0.0445657968521118,115,S,R,WIL_PLA,A,116,116,SER,SER,True
2315,ThermoMPNN,WIL_PLA,0.0,115,S,S,WIL_PLA,A,116,116,SER,SER,True
2316,ThermoMPNN,WIL_PLA,-0.0031011700630187,115,S,T,WIL_PLA,A,116,116,SER,SER,True
2317,ThermoMPNN,WIL_PLA,-0.1226509809494018,115,S,V,WIL_PLA,A,116,116,SER,SER,True
2318,ThermoMPNN,WIL_PLA,-0.0616206526756286,115,S,W,WIL_PLA,A,116,116,SER,SER,True
2319,ThermoMPNN,WIL_PLA,-0.0935851335525512,115,S,Y,WIL_PLA,A,116,116,SER,SER,True
2320,ThermoMPNN,WIL_PLA,-0.2297510504722595,116,N,A,WIL_PLA,A,117,117,ASN,ASN,True
2321,ThermoMPNN,WIL_PLA,-0.1818271279335022,116,N,C,WIL_PLA,A,117,117,ASN,ASN,True
2322,ThermoMPNN,WIL_PLA,0.940432071685791,116,N,D,WIL_PLA,A,117,117,ASN,ASN,True
2323,ThermoMPNN,WIL_PLA,0.5552453398704529,116,N,E,WIL_PLA,A,117,117,ASN,ASN,True
2324,ThermoMPNN,WIL_PLA,0.1298174262046814,116,N,F,WIL_PLA,A,117,117,ASN,ASN,True
2325,ThermoMPNN,WIL_PLA,0.438522070646286,116,N,G,WIL_PLA,A,117,117,ASN,ASN,True
2326,ThermoMPNN,WIL_PLA,-0.173356831073761,116,N,H,WIL_PLA,A,117,117,ASN,ASN,True
2327,ThermoMPNN,WIL_PLA,-0.0250281691551208,116,N,I,WIL_PLA,A,117,117,ASN,ASN,True
2328,ThermoMPNN,WIL_PLA,-0.8451393246650696,116,N,K,WIL_PLA,A,117,117,ASN,ASN,True
2329,ThermoMPNN,WIL_PLA,-0.0159395337104797,116,N,L,WIL_PLA,A,117,117,ASN,ASN,True
2330,ThermoMPNN,WIL_PLA,-0.1500808596611023,116,N,M,WIL_PLA,A,117,117,ASN,ASN,True
2331,ThermoMPNN,WIL_PLA,0.0,116,N,N,WIL_PLA,A,117,117,ASN,ASN,True
2332,ThermoMPNN,WIL_PLA,1.9290196895599363,116,N,P,WIL_PLA,A,117,117,ASN,ASN,True
2333,ThermoMPNN,WIL_PLA,-0.2858842015266418,116,N,Q,WIL_PLA,A,117,117,ASN,ASN,True
2334,ThermoMPNN,WIL_PLA,-0.9385311007499696,116,N,R,WIL_PLA,A,117,117,ASN,ASN,True
2335,ThermoMPNN,WIL_PLA,-0.0990710258483886,116,N,S,WIL_PLA,A,117,117,ASN,ASN,True
2336,ThermoMPNN,WIL_PLA,-0.1897253394126892,116,N,T,WIL_PLA,A,117,117,ASN,ASN,True
2337,ThermoMPNN,WIL_PLA,-0.0014750361442565,116,N,V,WIL_PLA,A,117,117,ASN,ASN,True
2338,ThermoMPNN,WIL_PLA,0.1032075881958007,116,N,W,WIL_PLA,A,117,117,ASN,ASN,True
2339,ThermoMPNN,WIL_PLA,-0.0844771265983581,116,N,Y,WIL_PLA,A,117,117,ASN,ASN,True
2340,ThermoMPNN,WIL_PLA,2.4341397285461426,117,W,A,WIL_PLA,A,118,118,TRP,TRP,True
2341,ThermoMPNN,WIL_PLA,1.5565184354782104,117,W,C,WIL_PLA,A,118,118,TRP,TRP,True
2342,ThermoMPNN,WIL_PLA,2.8067760467529297,117,W,D,WIL_PLA,A,118,118,TRP,TRP,True
2343,ThermoMPNN,WIL_PLA,2.705474615097046,117,W,E,WIL_PLA,A,118,118,TRP,TRP,True
2344,ThermoMPNN,WIL_PLA,0.5412445068359375,117,W,F,WIL_PLA,A,118,118,TRP,TRP,True
2345,ThermoMPNN,WIL_PLA,3.011632204055786,117,W,G,WIL_PLA,A,118,118,TRP,TRP,True
2346,ThermoMPNN,WIL_PLA,2.205531597137451,117,W,H,WIL_PLA,A,118,118,TRP,TRP,True
2347,ThermoMPNN,WIL_PLA,1.953412771224976,117,W,I,WIL_PLA,A,118,118,TRP,TRP,True
2348,ThermoMPNN,WIL_PLA,2.663490295410156,117,W,K,WIL_PLA,A,118,118,TRP,TRP,True
2349,ThermoMPNN,WIL_PLA,1.8290544748306277,117,W,L,WIL_PLA,A,118,118,TRP,TRP,True
2350,ThermoMPNN,WIL_PLA,1.6778619289398191,117,W,M,WIL_PLA,A,118,118,TRP,TRP,True
2351,ThermoMPNN,WIL_PLA,2.7100462913513184,117,W,N,WIL_PLA,A,118,118,TRP,TRP,True
2352,ThermoMPNN,WIL_PLA,3.5112764835357666,117,W,P,WIL_PLA,A,118,118,TRP,TRP,True
2353,ThermoMPNN,WIL_PLA,2.4608078002929688,117,W,Q,WIL_PLA,A,118,118,TRP,TRP,True
2354,ThermoMPNN,WIL_PLA,2.415329694747925,117,W,R,WIL_PLA,A,118,118,TRP,TRP,True
2355,ThermoMPNN,WIL_PLA,2.4701802730560303,117,W,S,WIL_PLA,A,118,118,TRP,TRP,True
2356,ThermoMPNN,WIL_PLA,2.5172312259674072,117,W,T,WIL_PLA,A,118,118,TRP,TRP,True
2357,ThermoMPNN,WIL_PLA,2.0803656578063965,117,W,V,WIL_PLA,A,118,118,TRP,TRP,True
2358,ThermoMPNN,WIL_PLA,0.0,117,W,W,WIL_PLA,A,118,118,TRP,TRP,True
2359,ThermoMPNN,WIL_PLA,0.6461746692657471,117,W,Y,WIL_PLA,A,118,118,TRP,TRP,True
2360,ThermoMPNN,WIL_PLA,1.4872969388961792,118,I,A,WIL_PLA,A,119,119,ILE,ILE,True
2361,ThermoMPNN,WIL_PLA,0.9829851984977722,118,I,C,WIL_PLA,A,119,119,ILE,ILE,True
2362,ThermoMPNN,WIL_PLA,2.413886308670044,118,I,D,WIL_PLA,A,119,119,ILE,ILE,True
2363,ThermoMPNN,WIL_PLA,2.009127616882324,118,I,E,WIL_PLA,A,119,119,ILE,ILE,True
2364,ThermoMPNN,WIL_PLA,0.8040679693222046,118,I,F,WIL_PLA,A,119,119,ILE,ILE,True
2365,ThermoMPNN,WIL_PLA,2.1403515338897705,118,I,G,WIL_PLA,A,119,119,ILE,ILE,True
2366,ThermoMPNN,WIL_PLA,1.7264583110809326,118,I,H,WIL_PLA,A,119,119,ILE,ILE,True
2367,ThermoMPNN,WIL_PLA,0.0,118,I,I,WIL_PLA,A,119,119,ILE,ILE,True
2368,ThermoMPNN,WIL_PLA,1.8105791807174685,118,I,K,WIL_PLA,A,119,119,ILE,ILE,True
2369,ThermoMPNN,WIL_PLA,-0.0084867477416992,118,I,L,WIL_PLA,A,119,119,ILE,ILE,True
2370,ThermoMPNN,WIL_PLA,0.4648932218551636,118,I,M,WIL_PLA,A,119,119,ILE,ILE,True
2371,ThermoMPNN,WIL_PLA,2.124715805053711,118,I,N,WIL_PLA,A,119,119,ILE,ILE,True
2372,ThermoMPNN,WIL_PLA,2.414799213409424,118,I,P,WIL_PLA,A,119,119,ILE,ILE,True
2373,ThermoMPNN,WIL_PLA,1.860405445098877,118,I,Q,WIL_PLA,A,119,119,ILE,ILE,True
2374,ThermoMPNN,WIL_PLA,1.7933909893035889,118,I,R,WIL_PLA,A,119,119,ILE,ILE,True
2375,ThermoMPNN,WIL_PLA,2.102392196655273,118,I,S,WIL_PLA,A,119,119,ILE,ILE,True
2376,ThermoMPNN,WIL_PLA,1.7307705879211426,118,I,T,WIL_PLA,A,119,119,ILE,ILE,True
2377,ThermoMPNN,WIL_PLA,0.7794262170791626,118,I,V,WIL_PLA,A,119,119,ILE,ILE,True
2378,ThermoMPNN,WIL_PLA,1.0111851692199707,118,I,W,WIL_PLA,A,119,119,ILE,ILE,True
2379,ThermoMPNN,WIL_PLA,0.9885658025741576,118,I,Y,WIL_PLA,A,119,119,ILE,ILE,True
2380,ThermoMPNN,WIL_PLA,0.0,119,A,A,WIL_PLA,A,120,120,ALA,ALA,True
2381,ThermoMPNN,WIL_PLA,0.0624114274978637,119,A,C,WIL_PLA,A,120,120,ALA,ALA,True
2382,ThermoMPNN,WIL_PLA,0.658167839050293,119,A,D,WIL_PLA,A,120,120,ALA,ALA,True
2383,ThermoMPNN,WIL_PLA,0.4458816647529602,119,A,E,WIL_PLA,A,120,120,ALA,ALA,True
2384,ThermoMPNN,WIL_PLA,0.3647888898849487,119,A,F,WIL_PLA,A,120,120,ALA,ALA,True
2385,ThermoMPNN,WIL_PLA,0.7038968801498413,119,A,G,WIL_PLA,A,120,120,ALA,ALA,True
2386,ThermoMPNN,WIL_PLA,0.2120124101638794,119,A,H,WIL_PLA,A,120,120,ALA,ALA,True
2387,ThermoMPNN,WIL_PLA,0.1254663467407226,119,A,I,WIL_PLA,A,120,120,ALA,ALA,True
2388,ThermoMPNN,WIL_PLA,-0.2323204278945922,119,A,K,WIL_PLA,A,120,120,ALA,ALA,True
2389,ThermoMPNN,WIL_PLA,0.0483738780021667,119,A,L,WIL_PLA,A,120,120,ALA,ALA,True
2390,ThermoMPNN,WIL_PLA,0.042470633983612,119,A,M,WIL_PLA,A,120,120,ALA,ALA,True
2391,ThermoMPNN,WIL_PLA,0.1062197685241699,119,A,N,WIL_PLA,A,120,120,ALA,ALA,True
2392,ThermoMPNN,WIL_PLA,2.367650032043457,119,A,P,WIL_PLA,A,120,120,ALA,ALA,True
2393,ThermoMPNN,WIL_PLA,0.0943425297737121,119,A,Q,WIL_PLA,A,120,120,ALA,ALA,True
2394,ThermoMPNN,WIL_PLA,-0.3541102409362793,119,A,R,WIL_PLA,A,120,120,ALA,ALA,True
2395,ThermoMPNN,WIL_PLA,0.1408699750900268,119,A,S,WIL_PLA,A,120,120,ALA,ALA,True
2396,ThermoMPNN,WIL_PLA,0.2250306010246276,119,A,T,WIL_PLA,A,120,120,ALA,ALA,True
2397,ThermoMPNN,WIL_PLA,0.2755773663520813,119,A,V,WIL_PLA,A,120,120,ALA,ALA,True
2398,ThermoMPNN,WIL_PLA,0.4353073835372925,119,A,W,WIL_PLA,A,120,120,ALA,ALA,True
2399,ThermoMPNN,WIL_PLA,0.298087477684021,119,A,Y,WIL_PLA,A,120,120,ALA,ALA,True
2400,ThermoMPNN,WIL_PLA,-0.2197077870368957,120,D,A,WIL_PLA,A,121,121,ASP,ASP,True
2401,ThermoMPNN,WIL_PLA,-0.5227353572845459,120,D,C,WIL_PLA,A,121,121,ASP,ASP,True
2402,ThermoMPNN,WIL_PLA,0.0,120,D,D,WIL_PLA,A,121,121,ASP,ASP,True
2403,ThermoMPNN,WIL_PLA,-0.1041460037231445,120,D,E,WIL_PLA,A,121,121,ASP,ASP,True
2404,ThermoMPNN,WIL_PLA,-0.0877166986465454,120,D,F,WIL_PLA,A,121,121,ASP,ASP,True
2405,ThermoMPNN,WIL_PLA,0.072590172290802,120,D,G,WIL_PLA,A,121,121,ASP,ASP,True
2406,ThermoMPNN,WIL_PLA,-0.4174767732620239,120,D,H,WIL_PLA,A,121,121,ASP,ASP,True
2407,ThermoMPNN,WIL_PLA,-0.0281404256820678,120,D,I,WIL_PLA,A,121,121,ASP,ASP,True
2408,ThermoMPNN,WIL_PLA,-0.3183377981185913,120,D,K,WIL_PLA,A,121,121,ASP,ASP,True
2409,ThermoMPNN,WIL_PLA,-0.0772352814674377,120,D,L,WIL_PLA,A,121,121,ASP,ASP,True
2410,ThermoMPNN,WIL_PLA,-0.1942049860954284,120,D,M,WIL_PLA,A,121,121,ASP,ASP,True
2411,ThermoMPNN,WIL_PLA,-0.4676620960235595,120,D,N,WIL_PLA,A,121,121,ASP,ASP,True
2412,ThermoMPNN,WIL_PLA,2.0931267738342285,120,D,P,WIL_PLA,A,121,121,ASP,ASP,True
2413,ThermoMPNN,WIL_PLA,-0.3867419362068176,120,D,Q,WIL_PLA,A,121,121,ASP,ASP,True
2414,ThermoMPNN,WIL_PLA,-0.3596404194831848,120,D,R,WIL_PLA,A,121,121,ASP,ASP,True
2415,ThermoMPNN,WIL_PLA,-0.6204921007156372,120,D,S,WIL_PLA,A,121,121,ASP,ASP,True
2416,ThermoMPNN,WIL_PLA,-0.8189985752105713,120,D,T,WIL_PLA,A,121,121,ASP,ASP,True
2417,ThermoMPNN,WIL_PLA,-0.1276815533638,120,D,V,WIL_PLA,A,121,121,ASP,ASP,True
2418,ThermoMPNN,WIL_PLA,0.0433471798896789,120,D,W,WIL_PLA,A,121,121,ASP,ASP,True
2419,ThermoMPNN,WIL_PLA,-0.133259117603302,120,D,Y,WIL_PLA,A,121,121,ASP,ASP,True
2420,ThermoMPNN,WIL_PLA,2.0449681282043457,121,L,A,WIL_PLA,A,122,122,LEU,LEU,True
2421,ThermoMPNN,WIL_PLA,1.1343464851379397,121,L,C,WIL_PLA,A,122,122,LEU,LEU,True
2422,ThermoMPNN,WIL_PLA,2.67603611946106,121,L,D,WIL_PLA,A,122,122,LEU,LEU,True
2423,ThermoMPNN,WIL_PLA,2.37408709526062,121,L,E,WIL_PLA,A,122,122,LEU,LEU,True
2424,ThermoMPNN,WIL_PLA,0.9960482120513916,121,L,F,WIL_PLA,A,122,122,LEU,LEU,True
2425,ThermoMPNN,WIL_PLA,2.4404242038726807,121,L,G,WIL_PLA,A,122,122,LEU,LEU,True
2426,ThermoMPNN,WIL_PLA,2.4684202671051025,121,L,H,WIL_PLA,A,122,122,LEU,LEU,True
2427,ThermoMPNN,WIL_PLA,1.052699089050293,121,L,I,WIL_PLA,A,122,122,LEU,LEU,True
2428,ThermoMPNN,WIL_PLA,2.6437020301818848,121,L,K,WIL_PLA,A,122,122,LEU,LEU,True
2429,ThermoMPNN,WIL_PLA,0.0,121,L,L,WIL_PLA,A,122,122,LEU,LEU,True
2430,ThermoMPNN,WIL_PLA,0.6623244285583496,121,L,M,WIL_PLA,A,122,122,LEU,LEU,True
2431,ThermoMPNN,WIL_PLA,2.7058751583099365,121,L,N,WIL_PLA,A,122,122,LEU,LEU,True
2432,ThermoMPNN,WIL_PLA,2.738996982574463,121,L,P,WIL_PLA,A,122,122,LEU,LEU,True
2433,ThermoMPNN,WIL_PLA,2.4153685569763184,121,L,Q,WIL_PLA,A,122,122,LEU,LEU,True
2434,ThermoMPNN,WIL_PLA,2.5832841396331787,121,L,R,WIL_PLA,A,122,122,LEU,LEU,True
2435,ThermoMPNN,WIL_PLA,2.4639718532562256,121,L,S,WIL_PLA,A,122,122,LEU,LEU,True
2436,ThermoMPNN,WIL_PLA,2.30801010131836,121,L,T,WIL_PLA,A,122,122,LEU,LEU,True
2437,ThermoMPNN,WIL_PLA,1.3600237369537354,121,L,V,WIL_PLA,A,122,122,LEU,LEU,True
2438,ThermoMPNN,WIL_PLA,1.4233479499816897,121,L,W,WIL_PLA,A,122,122,LEU,LEU,True
2439,ThermoMPNN,WIL_PLA,1.720757007598877,121,L,Y,WIL_PLA,A,122,122,LEU,LEU,True
2440,ThermoMPNN,WIL_PLA,0.1811106204986572,122,N,A,WIL_PLA,A,123,123,ASN,ASN,True
2441,ThermoMPNN,WIL_PLA,-0.0446600914001464,122,N,C,WIL_PLA,A,123,123,ASN,ASN,True
2442,ThermoMPNN,WIL_PLA,-0.1078566312789917,122,N,D,WIL_PLA,A,123,123,ASN,ASN,True
2443,ThermoMPNN,WIL_PLA,0.1038012504577636,122,N,E,WIL_PLA,A,123,123,ASN,ASN,True
2444,ThermoMPNN,WIL_PLA,0.2644766569137573,122,N,F,WIL_PLA,A,123,123,ASN,ASN,True
2445,ThermoMPNN,WIL_PLA,0.2509346604347229,122,N,G,WIL_PLA,A,123,123,ASN,ASN,True
2446,ThermoMPNN,WIL_PLA,0.1586129665374755,122,N,H,WIL_PLA,A,123,123,ASN,ASN,True
2447,ThermoMPNN,WIL_PLA,0.2971696257591247,122,N,I,WIL_PLA,A,123,123,ASN,ASN,True
2448,ThermoMPNN,WIL_PLA,0.1519898772239685,122,N,K,WIL_PLA,A,123,123,ASN,ASN,True
2449,ThermoMPNN,WIL_PLA,0.2255500555038452,122,N,L,WIL_PLA,A,123,123,ASN,ASN,True
2450,ThermoMPNN,WIL_PLA,0.3650840520858764,122,N,M,WIL_PLA,A,123,123,ASN,ASN,True
2451,ThermoMPNN,WIL_PLA,0.0,122,N,N,WIL_PLA,A,123,123,ASN,ASN,True
2452,ThermoMPNN,WIL_PLA,0.4107707142829895,122,N,P,WIL_PLA,A,123,123,ASN,ASN,True
2453,ThermoMPNN,WIL_PLA,0.2560345530509949,122,N,Q,WIL_PLA,A,123,123,ASN,ASN,True
2454,ThermoMPNN,WIL_PLA,0.204464316368103,122,N,R,WIL_PLA,A,123,123,ASN,ASN,True
2455,ThermoMPNN,WIL_PLA,-0.0061470866203308,122,N,S,WIL_PLA,A,123,123,ASN,ASN,True
2456,ThermoMPNN,WIL_PLA,0.0208702683448791,122,N,T,WIL_PLA,A,123,123,ASN,ASN,True
2457,ThermoMPNN,WIL_PLA,0.333946943283081,122,N,V,WIL_PLA,A,123,123,ASN,ASN,True
2458,ThermoMPNN,WIL_PLA,0.3519477844238281,122,N,W,WIL_PLA,A,123,123,ASN,ASN,True
2459,ThermoMPNN,WIL_PLA,0.3285159468650818,122,N,Y,WIL_PLA,A,123,123,ASN,ASN,True
2460,ThermoMPNN,WIL_PLA,0.9165295958518982,123,F,A,WIL_PLA,A,124,124,PHE,PHE,True
2461,ThermoMPNN,WIL_PLA,0.3029165267944336,123,F,C,WIL_PLA,A,124,124,PHE,PHE,True
2462,ThermoMPNN,WIL_PLA,1.715580701828003,123,F,D,WIL_PLA,A,124,124,PHE,PHE,True
2463,ThermoMPNN,WIL_PLA,1.590100646018982,123,F,E,WIL_PLA,A,124,124,PHE,PHE,True
2464,ThermoMPNN,WIL_PLA,0.0,123,F,F,WIL_PLA,A,124,124,PHE,PHE,True
2465,ThermoMPNN,WIL_PLA,1.5511327981948853,123,F,G,WIL_PLA,A,124,124,PHE,PHE,True
2466,ThermoMPNN,WIL_PLA,1.0638043880462646,123,F,H,WIL_PLA,A,124,124,PHE,PHE,True
2467,ThermoMPNN,WIL_PLA,1.007580041885376,123,F,I,WIL_PLA,A,124,124,PHE,PHE,True
2468,ThermoMPNN,WIL_PLA,1.8746238946914675,123,F,K,WIL_PLA,A,124,124,PHE,PHE,True
2469,ThermoMPNN,WIL_PLA,0.8717247843742371,123,F,L,WIL_PLA,A,124,124,PHE,PHE,True
2470,ThermoMPNN,WIL_PLA,0.82184237241745,123,F,M,WIL_PLA,A,124,124,PHE,PHE,True
2471,ThermoMPNN,WIL_PLA,1.2832720279693604,123,F,N,WIL_PLA,A,124,124,PHE,PHE,True
2472,ThermoMPNN,WIL_PLA,2.049363136291504,123,F,P,WIL_PLA,A,124,124,PHE,PHE,True
2473,ThermoMPNN,WIL_PLA,1.5811432600021362,123,F,Q,WIL_PLA,A,124,124,PHE,PHE,True
2474,ThermoMPNN,WIL_PLA,1.7504510879516602,123,F,R,WIL_PLA,A,124,124,PHE,PHE,True
2475,ThermoMPNN,WIL_PLA,1.1839652061462402,123,F,S,WIL_PLA,A,124,124,PHE,PHE,True
2476,ThermoMPNN,WIL_PLA,0.9083245992660522,123,F,T,WIL_PLA,A,124,124,PHE,PHE,True
2477,ThermoMPNN,WIL_PLA,0.7512452602386475,123,F,V,WIL_PLA,A,124,124,PHE,PHE,True
2478,ThermoMPNN,WIL_PLA,0.3079482316970825,123,F,W,WIL_PLA,A,124,124,PHE,PHE,True
2479,ThermoMPNN,WIL_PLA,0.2356129884719848,123,F,Y,WIL_PLA,A,124,124,PHE,PHE,True
2480,ThermoMPNN,WIL_PLA,-0.3073006272315979,124,G,A,WIL_PLA,A,125,125,GLY,GLY,True
2481,ThermoMPNN,WIL_PLA,-0.4188315868377685,124,G,C,WIL_PLA,A,125,125,GLY,GLY,True
2482,ThermoMPNN,WIL_PLA,-0.7203260660171509,124,G,D,WIL_PLA,A,125,125,GLY,GLY,True
2483,ThermoMPNN,WIL_PLA,-0.3125732541084289,124,G,E,WIL_PLA,A,125,125,GLY,GLY,True
2484,ThermoMPNN,WIL_PLA,0.2366934418678283,124,G,F,WIL_PLA,A,125,125,GLY,GLY,True
2485,ThermoMPNN,WIL_PLA,0.0,124,G,G,WIL_PLA,A,125,125,GLY,GLY,True
2486,ThermoMPNN,WIL_PLA,-0.0388655066490173,124,G,H,WIL_PLA,A,125,125,GLY,GLY,True
2487,ThermoMPNN,WIL_PLA,0.0581015944480896,124,G,I,WIL_PLA,A,125,125,GLY,GLY,True
2488,ThermoMPNN,WIL_PLA,0.2378390729427337,124,G,K,WIL_PLA,A,125,125,GLY,GLY,True
2489,ThermoMPNN,WIL_PLA,0.1108143925666809,124,G,L,WIL_PLA,A,125,125,GLY,GLY,True
2490,ThermoMPNN,WIL_PLA,0.0983093380928039,124,G,M,WIL_PLA,A,125,125,GLY,GLY,True
2491,ThermoMPNN,WIL_PLA,-0.2361137270927429,124,G,N,WIL_PLA,A,125,125,GLY,GLY,True
2492,ThermoMPNN,WIL_PLA,0.8623710870742798,124,G,P,WIL_PLA,A,125,125,GLY,GLY,True
2493,ThermoMPNN,WIL_PLA,-0.0387051105499267,124,G,Q,WIL_PLA,A,125,125,GLY,GLY,True
2494,ThermoMPNN,WIL_PLA,0.1484964489936828,124,G,R,WIL_PLA,A,125,125,GLY,GLY,True
2495,ThermoMPNN,WIL_PLA,-0.3967792987823486,124,G,S,WIL_PLA,A,125,125,GLY,GLY,True
2496,ThermoMPNN,WIL_PLA,-0.3407512307167053,124,G,T,WIL_PLA,A,125,125,GLY,GLY,True
2497,ThermoMPNN,WIL_PLA,-0.0327977538108825,124,G,V,WIL_PLA,A,125,125,GLY,GLY,True
2498,ThermoMPNN,WIL_PLA,0.2515445053577423,124,G,W,WIL_PLA,A,125,125,GLY,GLY,True
2499,ThermoMPNN,WIL_PLA,0.326505184173584,124,G,Y,WIL_PLA,A,125,125,GLY,GLY,True
2500,ThermoMPNN,WIL_PLA,1.6585352420806885,125,L,A,WIL_PLA,A,126,126,LEU,LEU,True
2501,ThermoMPNN,WIL_PLA,0.953285813331604,125,L,C,WIL_PLA,A,126,126,LEU,LEU,True
2502,ThermoMPNN,WIL_PLA,2.207639217376709,125,L,D,WIL_PLA,A,126,126,LEU,LEU,True
2503,ThermoMPNN,WIL_PLA,2.027379274368286,125,L,E,WIL_PLA,A,126,126,LEU,LEU,True
2504,ThermoMPNN,WIL_PLA,0.7599058151245117,125,L,F,WIL_PLA,A,126,126,LEU,LEU,True
2505,ThermoMPNN,WIL_PLA,1.653557300567627,125,L,G,WIL_PLA,A,126,126,LEU,LEU,True
2506,ThermoMPNN,WIL_PLA,1.5678130388259888,125,L,H,WIL_PLA,A,126,126,LEU,LEU,True
2507,ThermoMPNN,WIL_PLA,1.1693953275680542,125,L,I,WIL_PLA,A,126,126,LEU,LEU,True
2508,ThermoMPNN,WIL_PLA,1.0408086776733398,125,L,K,WIL_PLA,A,126,126,LEU,LEU,True
2509,ThermoMPNN,WIL_PLA,0.0,125,L,L,WIL_PLA,A,126,126,LEU,LEU,True
2510,ThermoMPNN,WIL_PLA,0.4641375541687011,125,L,M,WIL_PLA,A,126,126,LEU,LEU,True
2511,ThermoMPNN,WIL_PLA,1.7114547491073608,125,L,N,WIL_PLA,A,126,126,LEU,LEU,True
2512,ThermoMPNN,WIL_PLA,2.0709927082061768,125,L,P,WIL_PLA,A,126,126,LEU,LEU,True
2513,ThermoMPNN,WIL_PLA,1.3377161026000977,125,L,Q,WIL_PLA,A,126,126,LEU,LEU,True
2514,ThermoMPNN,WIL_PLA,1.0174384117126465,125,L,R,WIL_PLA,A,126,126,LEU,LEU,True
2515,ThermoMPNN,WIL_PLA,1.6845725774765017,125,L,S,WIL_PLA,A,126,126,LEU,LEU,True
2516,ThermoMPNN,WIL_PLA,1.7333574295043943,125,L,T,WIL_PLA,A,126,126,LEU,LEU,True
2517,ThermoMPNN,WIL_PLA,1.4525896310806274,125,L,V,WIL_PLA,A,126,126,LEU,LEU,True
2518,ThermoMPNN,WIL_PLA,1.0204975605010986,125,L,W,WIL_PLA,A,126,126,LEU,LEU,True
2519,ThermoMPNN,WIL_PLA,1.3212662935256958,125,L,Y,WIL_PLA,A,126,126,LEU,LEU,True
2520,ThermoMPNN,WIL_PLA,0.3888250589370727,126,T,A,WIL_PLA,A,127,127,THR,THR,True
2521,ThermoMPNN,WIL_PLA,-0.0793213844299316,126,T,C,WIL_PLA,A,127,127,THR,THR,True
2522,ThermoMPNN,WIL_PLA,2.1726529598236084,126,T,D,WIL_PLA,A,127,127,THR,THR,True
2523,ThermoMPNN,WIL_PLA,1.444544792175293,126,T,E,WIL_PLA,A,127,127,THR,THR,True
2524,ThermoMPNN,WIL_PLA,0.3101345896720886,126,T,F,WIL_PLA,A,127,127,THR,THR,True
2525,ThermoMPNN,WIL_PLA,1.4875038862228394,126,T,G,WIL_PLA,A,127,127,THR,THR,True
2526,ThermoMPNN,WIL_PLA,0.858859658241272,126,T,H,WIL_PLA,A,127,127,THR,THR,True
2527,ThermoMPNN,WIL_PLA,-0.7219972610473633,126,T,I,WIL_PLA,A,127,127,THR,THR,True
2528,ThermoMPNN,WIL_PLA,0.5198901891708374,126,T,K,WIL_PLA,A,127,127,THR,THR,True
2529,ThermoMPNN,WIL_PLA,0.292273998260498,126,T,L,WIL_PLA,A,127,127,THR,THR,True
2530,ThermoMPNN,WIL_PLA,0.1645026206970214,126,T,M,WIL_PLA,A,127,127,THR,THR,True
2531,ThermoMPNN,WIL_PLA,1.4006847143173218,126,T,N,WIL_PLA,A,127,127,THR,THR,True
2532,ThermoMPNN,WIL_PLA,2.258997917175293,126,T,P,WIL_PLA,A,127,127,THR,THR,True
2533,ThermoMPNN,WIL_PLA,0.7557269930839539,126,T,Q,WIL_PLA,A,127,127,THR,THR,True
2534,ThermoMPNN,WIL_PLA,0.20204758644104,126,T,R,WIL_PLA,A,127,127,THR,THR,True
2535,ThermoMPNN,WIL_PLA,0.6224448680877686,126,T,S,WIL_PLA,A,127,127,THR,THR,True
2536,ThermoMPNN,WIL_PLA,0.0,126,T,T,WIL_PLA,A,127,127,THR,THR,True
2537,ThermoMPNN,WIL_PLA,-0.8112841844558716,126,T,V,WIL_PLA,A,127,127,THR,THR,True
2538,ThermoMPNN,WIL_PLA,0.6118818521499634,126,T,W,WIL_PLA,A,127,127,THR,THR,True
2539,ThermoMPNN,WIL_PLA,0.439954400062561,126,T,Y,WIL_PLA,A,127,127,THR,THR,True
2540,ThermoMPNN,WIL_PLA,0.0011218786239624,127,S,A,WIL_PLA,A,128,128,SER,SER,True
2541,ThermoMPNN,WIL_PLA,0.117924690246582,127,S,C,WIL_PLA,A,128,128,SER,SER,True
2542,ThermoMPNN,WIL_PLA,0.1258862018585205,127,S,D,WIL_PLA,A,128,128,SER,SER,True
2543,ThermoMPNN,WIL_PLA,0.3416466116905212,127,S,E,WIL_PLA,A,128,128,SER,SER,True
2544,ThermoMPNN,WIL_PLA,0.5541374683380127,127,S,F,WIL_PLA,A,128,128,SER,SER,True
2545,ThermoMPNN,WIL_PLA,0.2706698179244995,127,S,G,WIL_PLA,A,128,128,SER,SER,True
2546,ThermoMPNN,WIL_PLA,0.3122997283935547,127,S,H,WIL_PLA,A,128,128,SER,SER,True
2547,ThermoMPNN,WIL_PLA,0.6204564571380615,127,S,I,WIL_PLA,A,128,128,SER,SER,True
2548,ThermoMPNN,WIL_PLA,0.3357680439949035,127,S,K,WIL_PLA,A,128,128,SER,SER,True
2549,ThermoMPNN,WIL_PLA,0.4941493272781372,127,S,L,WIL_PLA,A,128,128,SER,SER,True
2550,ThermoMPNN,WIL_PLA,0.5517274141311646,127,S,M,WIL_PLA,A,128,128,SER,SER,True
2551,ThermoMPNN,WIL_PLA,0.1595039963722229,127,S,N,WIL_PLA,A,128,128,SER,SER,True
2552,ThermoMPNN,WIL_PLA,0.1910934448242187,127,S,P,WIL_PLA,A,128,128,SER,SER,True
2553,ThermoMPNN,WIL_PLA,0.4105674624443054,127,S,Q,WIL_PLA,A,128,128,SER,SER,True
2554,ThermoMPNN,WIL_PLA,0.3562179803848266,127,S,R,WIL_PLA,A,128,128,SER,SER,True
2555,ThermoMPNN,WIL_PLA,0.0,127,S,S,WIL_PLA,A,128,128,SER,SER,True
2556,ThermoMPNN,WIL_PLA,0.3862849473953247,127,S,T,WIL_PLA,A,128,128,SER,SER,True
2557,ThermoMPNN,WIL_PLA,0.5598472356796265,127,S,V,WIL_PLA,A,128,128,SER,SER,True
2558,ThermoMPNN,WIL_PLA,0.3373880386352539,127,S,W,WIL_PLA,A,128,128,SER,SER,True
2559,ThermoMPNN,WIL_PLA,0.4964873790740967,127,S,Y,WIL_PLA,A,128,128,SER,SER,True
2560,ThermoMPNN,WIL_PLA,0.8334646224975586,128,V,A,WIL_PLA,A,129,129,VAL,VAL,True
2561,ThermoMPNN,WIL_PLA,0.6957430839538574,128,V,C,WIL_PLA,A,129,129,VAL,VAL,True
2562,ThermoMPNN,WIL_PLA,3.130974292755127,128,V,D,WIL_PLA,A,129,129,VAL,VAL,True
2563,ThermoMPNN,WIL_PLA,2.9303674697875977,128,V,E,WIL_PLA,A,129,129,VAL,VAL,True
2564,ThermoMPNN,WIL_PLA,1.2836520671844482,128,V,F,WIL_PLA,A,129,129,VAL,VAL,True
2565,ThermoMPNN,WIL_PLA,2.2414374351501465,128,V,G,WIL_PLA,A,129,129,VAL,VAL,True
2566,ThermoMPNN,WIL_PLA,2.1378066539764404,128,V,H,WIL_PLA,A,129,129,VAL,VAL,True
2567,ThermoMPNN,WIL_PLA,0.4554463624954223,128,V,I,WIL_PLA,A,129,129,VAL,VAL,True
2568,ThermoMPNN,WIL_PLA,2.492180585861206,128,V,K,WIL_PLA,A,129,129,VAL,VAL,True
2569,ThermoMPNN,WIL_PLA,1.2542387247085571,128,V,L,WIL_PLA,A,129,129,VAL,VAL,True
2570,ThermoMPNN,WIL_PLA,1.2706303596496582,128,V,M,WIL_PLA,A,129,129,VAL,VAL,True
2571,ThermoMPNN,WIL_PLA,2.674762487411499,128,V,N,WIL_PLA,A,129,129,VAL,VAL,True
2572,ThermoMPNN,WIL_PLA,2.722527503967285,128,V,P,WIL_PLA,A,129,129,VAL,VAL,True
2573,ThermoMPNN,WIL_PLA,2.4238829612731934,128,V,Q,WIL_PLA,A,129,129,VAL,VAL,True
2574,ThermoMPNN,WIL_PLA,2.216968774795532,128,V,R,WIL_PLA,A,129,129,VAL,VAL,True
2575,ThermoMPNN,WIL_PLA,1.8359966278076167,128,V,S,WIL_PLA,A,129,129,VAL,VAL,True
2576,ThermoMPNN,WIL_PLA,1.2076830863952637,128,V,T,WIL_PLA,A,129,129,VAL,VAL,True
2577,ThermoMPNN,WIL_PLA,0.0,128,V,V,WIL_PLA,A,129,129,VAL,VAL,True
2578,ThermoMPNN,WIL_PLA,1.8325873613357544,128,V,W,WIL_PLA,A,129,129,VAL,VAL,True
2579,ThermoMPNN,WIL_PLA,1.4978220462799072,128,V,Y,WIL_PLA,A,129,129,VAL,VAL,True
2580,ThermoMPNN,WIL_PLA,0.1967715620994568,129,S,A,WIL_PLA,A,130,130,SER,SER,True
2581,ThermoMPNN,WIL_PLA,0.2249649167060852,129,S,C,WIL_PLA,A,130,130,SER,SER,True
2582,ThermoMPNN,WIL_PLA,0.2846363186836242,129,S,D,WIL_PLA,A,130,130,SER,SER,True
2583,ThermoMPNN,WIL_PLA,0.4154071807861328,129,S,E,WIL_PLA,A,130,130,SER,SER,True
2584,ThermoMPNN,WIL_PLA,0.5985917448997498,129,S,F,WIL_PLA,A,130,130,SER,SER,True
2585,ThermoMPNN,WIL_PLA,0.3284105062484741,129,S,G,WIL_PLA,A,130,130,SER,SER,True
2586,ThermoMPNN,WIL_PLA,0.360546350479126,129,S,H,WIL_PLA,A,130,130,SER,SER,True
2587,ThermoMPNN,WIL_PLA,0.5592243075370789,129,S,I,WIL_PLA,A,130,130,SER,SER,True
2588,ThermoMPNN,WIL_PLA,0.5303454399108887,129,S,K,WIL_PLA,A,130,130,SER,SER,True
2589,ThermoMPNN,WIL_PLA,0.6636684536933899,129,S,L,WIL_PLA,A,130,130,SER,SER,True
2590,ThermoMPNN,WIL_PLA,0.6229124069213867,129,S,M,WIL_PLA,A,130,130,SER,SER,True
2591,ThermoMPNN,WIL_PLA,0.2912151217460632,129,S,N,WIL_PLA,A,130,130,SER,SER,True
2592,ThermoMPNN,WIL_PLA,0.8319587707519531,129,S,P,WIL_PLA,A,130,130,SER,SER,True
2593,ThermoMPNN,WIL_PLA,0.5199201703071594,129,S,Q,WIL_PLA,A,130,130,SER,SER,True
2594,ThermoMPNN,WIL_PLA,0.472999095916748,129,S,R,WIL_PLA,A,130,130,SER,SER,True
2595,ThermoMPNN,WIL_PLA,0.0,129,S,S,WIL_PLA,A,130,130,SER,SER,True
2596,ThermoMPNN,WIL_PLA,0.1233394145965576,129,S,T,WIL_PLA,A,130,130,SER,SER,True
2597,ThermoMPNN,WIL_PLA,0.5305953025817871,129,S,V,WIL_PLA,A,130,130,SER,SER,True
2598,ThermoMPNN,WIL_PLA,0.4480549693107605,129,S,W,WIL_PLA,A,130,130,SER,SER,True
2599,ThermoMPNN,WIL_PLA,0.5125823020935059,129,S,Y,WIL_PLA,A,130,130,SER,SER,True
2600,ThermoMPNN,WIL_PLA,-0.0263853669166564,130,S,A,WIL_PLA,A,131,131,SER,SER,True
2601,ThermoMPNN,WIL_PLA,-0.2309625148773193,130,S,C,WIL_PLA,A,131,131,SER,SER,True
2602,ThermoMPNN,WIL_PLA,0.1588484048843383,130,S,D,WIL_PLA,A,131,131,SER,SER,True
2603,ThermoMPNN,WIL_PLA,0.1326715946197509,130,S,E,WIL_PLA,A,131,131,SER,SER,True
2604,ThermoMPNN,WIL_PLA,-0.0780560374259948,130,S,F,WIL_PLA,A,131,131,SER,SER,True
2605,ThermoMPNN,WIL_PLA,0.084009051322937,130,S,G,WIL_PLA,A,131,131,SER,SER,True
2606,ThermoMPNN,WIL_PLA,-0.0375985503196716,130,S,H,WIL_PLA,A,131,131,SER,SER,True
2607,ThermoMPNN,WIL_PLA,0.3449960350990295,130,S,I,WIL_PLA,A,131,131,SER,SER,True
2608,ThermoMPNN,WIL_PLA,0.2232200503349304,130,S,K,WIL_PLA,A,131,131,SER,SER,True
2609,ThermoMPNN,WIL_PLA,0.2712662816047668,130,S,L,WIL_PLA,A,131,131,SER,SER,True
2610,ThermoMPNN,WIL_PLA,0.2163059115409851,130,S,M,WIL_PLA,A,131,131,SER,SER,True
2611,ThermoMPNN,WIL_PLA,0.1272626519203186,130,S,N,WIL_PLA,A,131,131,SER,SER,True
2612,ThermoMPNN,WIL_PLA,0.924246311187744,130,S,P,WIL_PLA,A,131,131,SER,SER,True
2613,ThermoMPNN,WIL_PLA,0.1793544292449951,130,S,Q,WIL_PLA,A,131,131,SER,SER,True
2614,ThermoMPNN,WIL_PLA,0.1826381683349609,130,S,R,WIL_PLA,A,131,131,SER,SER,True
2615,ThermoMPNN,WIL_PLA,0.0,130,S,S,WIL_PLA,A,131,131,SER,SER,True
2616,ThermoMPNN,WIL_PLA,0.1014769673347473,130,S,T,WIL_PLA,A,131,131,SER,SER,True
2617,ThermoMPNN,WIL_PLA,0.2967661619186401,130,S,V,WIL_PLA,A,131,131,SER,SER,True
2618,ThermoMPNN,WIL_PLA,-0.282251238822937,130,S,W,WIL_PLA,A,131,131,SER,SER,True
2619,ThermoMPNN,WIL_PLA,-0.2408086061477661,130,S,Y,WIL_PLA,A,131,131,SER,SER,True
2620,ThermoMPNN,WIL_PLA,2.1289241313934326,131,I,A,WIL_PLA,A,132,132,ILE,ILE,True
2621,ThermoMPNN,WIL_PLA,1.4308645725250244,131,I,C,WIL_PLA,A,132,132,ILE,ILE,True
2622,ThermoMPNN,WIL_PLA,2.9397664070129395,131,I,D,WIL_PLA,A,132,132,ILE,ILE,True
2623,ThermoMPNN,WIL_PLA,2.723230123519897,131,I,E,WIL_PLA,A,132,132,ILE,ILE,True
2624,ThermoMPNN,WIL_PLA,1.2787483930587769,131,I,F,WIL_PLA,A,132,132,ILE,ILE,True
2625,ThermoMPNN,WIL_PLA,2.8480119705200195,131,I,G,WIL_PLA,A,132,132,ILE,ILE,True
2626,ThermoMPNN,WIL_PLA,2.345534324645996,131,I,H,WIL_PLA,A,132,132,ILE,ILE,True
2627,ThermoMPNN,WIL_PLA,0.0,131,I,I,WIL_PLA,A,132,132,ILE,ILE,True
2628,ThermoMPNN,WIL_PLA,2.4570369720458984,131,I,K,WIL_PLA,A,132,132,ILE,ILE,True
2629,ThermoMPNN,WIL_PLA,0.3967046737670898,131,I,L,WIL_PLA,A,132,132,ILE,ILE,True
2630,ThermoMPNN,WIL_PLA,1.1173298358917236,131,I,M,WIL_PLA,A,132,132,ILE,ILE,True
2631,ThermoMPNN,WIL_PLA,2.718855619430542,131,I,N,WIL_PLA,A,132,132,ILE,ILE,True
2632,ThermoMPNN,WIL_PLA,2.7297658920288086,131,I,P,WIL_PLA,A,132,132,ILE,ILE,True
2633,ThermoMPNN,WIL_PLA,2.620824813842773,131,I,Q,WIL_PLA,A,132,132,ILE,ILE,True
2634,ThermoMPNN,WIL_PLA,2.3727774620056152,131,I,R,WIL_PLA,A,132,132,ILE,ILE,True
2635,ThermoMPNN,WIL_PLA,2.590170621871948,131,I,S,WIL_PLA,A,132,132,ILE,ILE,True
2636,ThermoMPNN,WIL_PLA,2.0754802227020264,131,I,T,WIL_PLA,A,132,132,ILE,ILE,True
2637,ThermoMPNN,WIL_PLA,0.7080624103546143,131,I,V,WIL_PLA,A,132,132,ILE,ILE,True
2638,ThermoMPNN,WIL_PLA,1.4597582817077637,131,I,W,WIL_PLA,A,132,132,ILE,ILE,True
2639,ThermoMPNN,WIL_PLA,1.4840058088302612,131,I,Y,WIL_PLA,A,132,132,ILE,ILE,True
2640,ThermoMPNN,WIL_PLA,-0.3261542320251465,132,C,A,WIL_PLA,A,133,133,CYS,CYS,True
2641,ThermoMPNN,WIL_PLA,0.0,132,C,C,WIL_PLA,A,133,133,CYS,CYS,True
2642,ThermoMPNN,WIL_PLA,2.3167221546173096,132,C,D,WIL_PLA,A,133,133,CYS,CYS,True
2643,ThermoMPNN,WIL_PLA,2.162070751190185,132,C,E,WIL_PLA,A,133,133,CYS,CYS,True
2644,ThermoMPNN,WIL_PLA,0.4816900491714477,132,C,F,WIL_PLA,A,133,133,CYS,CYS,True
2645,ThermoMPNN,WIL_PLA,0.7809942364692688,132,C,G,WIL_PLA,A,133,133,CYS,CYS,True
2646,ThermoMPNN,WIL_PLA,1.2584986686706543,132,C,H,WIL_PLA,A,133,133,CYS,CYS,True
2647,ThermoMPNN,WIL_PLA,0.8702436089515686,132,C,I,WIL_PLA,A,133,133,CYS,CYS,True
2648,ThermoMPNN,WIL_PLA,1.531908392906189,132,C,K,WIL_PLA,A,133,133,CYS,CYS,True
2649,ThermoMPNN,WIL_PLA,0.7015101313591003,132,C,L,WIL_PLA,A,133,133,CYS,CYS,True
2650,ThermoMPNN,WIL_PLA,0.488626480102539,132,C,M,WIL_PLA,A,133,133,CYS,CYS,True
2651,ThermoMPNN,WIL_PLA,1.8157665729522705,132,C,N,WIL_PLA,A,133,133,CYS,CYS,True
2652,ThermoMPNN,WIL_PLA,2.7040722370147705,132,C,P,WIL_PLA,A,133,133,CYS,CYS,True
2653,ThermoMPNN,WIL_PLA,1.4613313674926758,132,C,Q,WIL_PLA,A,133,133,CYS,CYS,True
2654,ThermoMPNN,WIL_PLA,1.5139691829681396,132,C,R,WIL_PLA,A,133,133,CYS,CYS,True
2655,ThermoMPNN,WIL_PLA,0.7938404083251953,132,C,S,WIL_PLA,A,133,133,CYS,CYS,True
2656,ThermoMPNN,WIL_PLA,1.0628718137741089,132,C,T,WIL_PLA,A,133,133,CYS,CYS,True
2657,ThermoMPNN,WIL_PLA,0.895412802696228,132,C,V,WIL_PLA,A,133,133,CYS,CYS,True
2658,ThermoMPNN,WIL_PLA,1.1426867246627808,132,C,W,WIL_PLA,A,133,133,CYS,CYS,True
2659,ThermoMPNN,WIL_PLA,0.7922381162643433,132,C,Y,WIL_PLA,A,133,133,CYS,CYS,True
2660,ThermoMPNN,WIL_PLA,-0.3887503743171692,133,D,A,WIL_PLA,A,134,134,ASP,ASP,True
2661,ThermoMPNN,WIL_PLA,-0.3444976806640625,133,D,C,WIL_PLA,A,134,134,ASP,ASP,True
2662,ThermoMPNN,WIL_PLA,0.0,133,D,D,WIL_PLA,A,134,134,ASP,ASP,True
2663,ThermoMPNN,WIL_PLA,-0.1893724203109741,133,D,E,WIL_PLA,A,134,134,ASP,ASP,True
2664,ThermoMPNN,WIL_PLA,-0.137614369392395,133,D,F,WIL_PLA,A,134,134,ASP,ASP,True
2665,ThermoMPNN,WIL_PLA,-0.0766609907150268,133,D,G,WIL_PLA,A,134,134,ASP,ASP,True
2666,ThermoMPNN,WIL_PLA,-0.2452850937843322,133,D,H,WIL_PLA,A,134,134,ASP,ASP,True
2667,ThermoMPNN,WIL_PLA,-0.1516602635383606,133,D,I,WIL_PLA,A,134,134,ASP,ASP,True
2668,ThermoMPNN,WIL_PLA,-0.3648281693458557,133,D,K,WIL_PLA,A,134,134,ASP,ASP,True
2669,ThermoMPNN,WIL_PLA,-0.080523133277893,133,D,L,WIL_PLA,A,134,134,ASP,ASP,True
2670,ThermoMPNN,WIL_PLA,-0.0294047594070434,133,D,M,WIL_PLA,A,134,134,ASP,ASP,True
2671,ThermoMPNN,WIL_PLA,-0.0479057431221008,133,D,N,WIL_PLA,A,134,134,ASP,ASP,True
2672,ThermoMPNN,WIL_PLA,-0.223634660243988,133,D,P,WIL_PLA,A,134,134,ASP,ASP,True
2673,ThermoMPNN,WIL_PLA,-0.2510658502578735,133,D,Q,WIL_PLA,A,134,134,ASP,ASP,True
2674,ThermoMPNN,WIL_PLA,-0.3188753128051758,133,D,R,WIL_PLA,A,134,134,ASP,ASP,True
2675,ThermoMPNN,WIL_PLA,-0.3592073321342468,133,D,S,WIL_PLA,A,134,134,ASP,ASP,True
2676,ThermoMPNN,WIL_PLA,-0.2202510833740234,133,D,T,WIL_PLA,A,134,134,ASP,ASP,True
2677,ThermoMPNN,WIL_PLA,-0.1651694178581237,133,D,V,WIL_PLA,A,134,134,ASP,ASP,True
2678,ThermoMPNN,WIL_PLA,-0.1223823428153991,133,D,W,WIL_PLA,A,134,134,ASP,ASP,True
2679,ThermoMPNN,WIL_PLA,-0.1562964916229248,133,D,Y,WIL_PLA,A,134,134,ASP,ASP,True
2680,ThermoMPNN,WIL_PLA,0.9387117028236388,134,G,A,WIL_PLA,A,135,135,GLY,GLY,True
2681,ThermoMPNN,WIL_PLA,0.4749871492385864,134,G,C,WIL_PLA,A,135,135,GLY,GLY,True
2682,ThermoMPNN,WIL_PLA,1.0831706523895264,134,G,D,WIL_PLA,A,135,135,GLY,GLY,True
2683,ThermoMPNN,WIL_PLA,1.0596332550048828,134,G,E,WIL_PLA,A,135,135,GLY,GLY,True
2684,ThermoMPNN,WIL_PLA,0.8892345428466797,134,G,F,WIL_PLA,A,135,135,GLY,GLY,True
2685,ThermoMPNN,WIL_PLA,0.0,134,G,G,WIL_PLA,A,135,135,GLY,GLY,True
2686,ThermoMPNN,WIL_PLA,0.7694828510284424,134,G,H,WIL_PLA,A,135,135,GLY,GLY,True
2687,ThermoMPNN,WIL_PLA,1.43141508102417,134,G,I,WIL_PLA,A,135,135,GLY,GLY,True
2688,ThermoMPNN,WIL_PLA,0.9053656458854676,134,G,K,WIL_PLA,A,135,135,GLY,GLY,True
2689,ThermoMPNN,WIL_PLA,0.9607609510421752,134,G,L,WIL_PLA,A,135,135,GLY,GLY,True
2690,ThermoMPNN,WIL_PLA,0.8775659203529358,134,G,M,WIL_PLA,A,135,135,GLY,GLY,True
2691,ThermoMPNN,WIL_PLA,0.7258664965629578,134,G,N,WIL_PLA,A,135,135,GLY,GLY,True
2692,ThermoMPNN,WIL_PLA,1.730244517326355,134,G,P,WIL_PLA,A,135,135,GLY,GLY,True
2693,ThermoMPNN,WIL_PLA,0.9211745262145996,134,G,Q,WIL_PLA,A,135,135,GLY,GLY,True
2694,ThermoMPNN,WIL_PLA,0.9401538968086244,134,G,R,WIL_PLA,A,135,135,GLY,GLY,True
2695,ThermoMPNN,WIL_PLA,1.03009033203125,134,G,S,WIL_PLA,A,135,135,GLY,GLY,True
2696,ThermoMPNN,WIL_PLA,1.2739458084106443,134,G,T,WIL_PLA,A,135,135,GLY,GLY,True
2697,ThermoMPNN,WIL_PLA,1.391268610954285,134,G,V,WIL_PLA,A,135,135,GLY,GLY,True
2698,ThermoMPNN,WIL_PLA,1.0874886512756348,134,G,W,WIL_PLA,A,135,135,GLY,GLY,True
2699,ThermoMPNN,WIL_PLA,0.985864281654358,134,G,Y,WIL_PLA,A,135,135,GLY,GLY,True
2700,ThermoMPNN,WIL_PLA,0.0120273828506469,135,C,A,WIL_PLA,A,136,136,CYS,CYS,True
2701,ThermoMPNN,WIL_PLA,0.0,135,C,C,WIL_PLA,A,136,136,CYS,CYS,True
2702,ThermoMPNN,WIL_PLA,2.527440309524536,135,C,D,WIL_PLA,A,136,136,CYS,CYS,True
2703,ThermoMPNN,WIL_PLA,2.951178312301636,135,C,E,WIL_PLA,A,136,136,CYS,CYS,True
2704,ThermoMPNN,WIL_PLA,-0.0718077421188354,135,C,F,WIL_PLA,A,136,136,CYS,CYS,True
2705,ThermoMPNN,WIL_PLA,1.224746823310852,135,C,G,WIL_PLA,A,136,136,CYS,CYS,True
2706,ThermoMPNN,WIL_PLA,1.8186843395233157,135,C,H,WIL_PLA,A,136,136,CYS,CYS,True
2707,ThermoMPNN,WIL_PLA,0.1875050067901611,135,C,I,WIL_PLA,A,136,136,CYS,CYS,True
2708,ThermoMPNN,WIL_PLA,2.375374794006348,135,C,K,WIL_PLA,A,136,136,CYS,CYS,True
2709,ThermoMPNN,WIL_PLA,0.8148778080940247,135,C,L,WIL_PLA,A,136,136,CYS,CYS,True
2710,ThermoMPNN,WIL_PLA,0.7560746669769287,135,C,M,WIL_PLA,A,136,136,CYS,CYS,True
2711,ThermoMPNN,WIL_PLA,2.3609626293182373,135,C,N,WIL_PLA,A,136,136,CYS,CYS,True
2712,ThermoMPNN,WIL_PLA,1.806661605834961,135,C,P,WIL_PLA,A,136,136,CYS,CYS,True
2713,ThermoMPNN,WIL_PLA,2.2827296257019043,135,C,Q,WIL_PLA,A,136,136,CYS,CYS,True
2714,ThermoMPNN,WIL_PLA,2.484003782272339,135,C,R,WIL_PLA,A,136,136,CYS,CYS,True
2715,ThermoMPNN,WIL_PLA,0.9189748167991638,135,C,S,WIL_PLA,A,136,136,CYS,CYS,True
2716,ThermoMPNN,WIL_PLA,0.750068187713623,135,C,T,WIL_PLA,A,136,136,CYS,CYS,True
2717,ThermoMPNN,WIL_PLA,0.2141064405441284,135,C,V,WIL_PLA,A,136,136,CYS,CYS,True
2718,ThermoMPNN,WIL_PLA,0.9302358627319336,135,C,W,WIL_PLA,A,136,136,CYS,CYS,True
2719,ThermoMPNN,WIL_PLA,0.5498756170272827,135,C,Y,WIL_PLA,A,136,136,CYS,CYS,True
2720,ThermoMPNN,WIL_PLA,0.4755724966526031,136,E,A,WIL_PLA,A,137,137,GLU,GLU,True
2721,ThermoMPNN,WIL_PLA,-0.439312994480133,136,E,C,WIL_PLA,A,137,137,GLU,GLU,True
2722,ThermoMPNN,WIL_PLA,1.3421473503112793,136,E,D,WIL_PLA,A,137,137,GLU,GLU,True
2723,ThermoMPNN,WIL_PLA,0.0,136,E,E,WIL_PLA,A,137,137,GLU,GLU,True
2724,ThermoMPNN,WIL_PLA,-0.389457643032074,136,E,F,WIL_PLA,A,137,137,GLU,GLU,True
2725,ThermoMPNN,WIL_PLA,1.2339069843292236,136,E,G,WIL_PLA,A,137,137,GLU,GLU,True
2726,ThermoMPNN,WIL_PLA,0.1275917291641235,136,E,H,WIL_PLA,A,137,137,GLU,GLU,True
2727,ThermoMPNN,WIL_PLA,0.0174730420112609,136,E,I,WIL_PLA,A,137,137,GLU,GLU,True
2728,ThermoMPNN,WIL_PLA,0.0835112333297729,136,E,K,WIL_PLA,A,137,137,GLU,GLU,True
2729,ThermoMPNN,WIL_PLA,-0.3186296820640564,136,E,L,WIL_PLA,A,137,137,GLU,GLU,True
2730,ThermoMPNN,WIL_PLA,-0.369865357875824,136,E,M,WIL_PLA,A,137,137,GLU,GLU,True
2731,ThermoMPNN,WIL_PLA,0.7844719886779785,136,E,N,WIL_PLA,A,137,137,GLU,GLU,True
2732,ThermoMPNN,WIL_PLA,2.327476024627685,136,E,P,WIL_PLA,A,137,137,GLU,GLU,True
2733,ThermoMPNN,WIL_PLA,-0.193683922290802,136,E,Q,WIL_PLA,A,137,137,GLU,GLU,True
2734,ThermoMPNN,WIL_PLA,0.0250540375709533,136,E,R,WIL_PLA,A,137,137,GLU,GLU,True
2735,ThermoMPNN,WIL_PLA,0.5835472345352173,136,E,S,WIL_PLA,A,137,137,GLU,GLU,True
2736,ThermoMPNN,WIL_PLA,0.2479728460311889,136,E,T,WIL_PLA,A,137,137,GLU,GLU,True
2737,ThermoMPNN,WIL_PLA,-0.136326253414154,136,E,V,WIL_PLA,A,137,137,GLU,GLU,True
2738,ThermoMPNN,WIL_PLA,-0.2667549252510071,136,E,W,WIL_PLA,A,137,137,GLU,GLU,True
2739,ThermoMPNN,WIL_PLA,-0.2912030816078186,136,E,Y,WIL_PLA,A,137,137,GLU,GLU,True
2740,ThermoMPNN,WIL_PLA,1.6635704040527344,137,M,A,WIL_PLA,A,138,138,MET,MET,True
2741,ThermoMPNN,WIL_PLA,1.2543967962265017,137,M,C,WIL_PLA,A,138,138,MET,MET,True
2742,ThermoMPNN,WIL_PLA,4.037441730499268,137,M,D,WIL_PLA,A,138,138,MET,MET,True
2743,ThermoMPNN,WIL_PLA,3.679494857788086,137,M,E,WIL_PLA,A,138,138,MET,MET,True
2744,ThermoMPNN,WIL_PLA,0.771755576133728,137,M,F,WIL_PLA,A,138,138,MET,MET,True
2745,ThermoMPNN,WIL_PLA,2.814085960388184,137,M,G,WIL_PLA,A,138,138,MET,MET,True
2746,ThermoMPNN,WIL_PLA,3.4413304328918457,137,M,H,WIL_PLA,A,138,138,MET,MET,True
2747,ThermoMPNN,WIL_PLA,0.7609964609146118,137,M,I,WIL_PLA,A,138,138,MET,MET,True
2748,ThermoMPNN,WIL_PLA,3.93985366821289,137,M,K,WIL_PLA,A,138,138,MET,MET,True
2749,ThermoMPNN,WIL_PLA,-0.1994440555572509,137,M,L,WIL_PLA,A,138,138,MET,MET,True
2750,ThermoMPNN,WIL_PLA,0.0,137,M,M,WIL_PLA,A,138,138,MET,MET,True
2751,ThermoMPNN,WIL_PLA,3.741355419158936,137,M,N,WIL_PLA,A,138,138,MET,MET,True
2752,ThermoMPNN,WIL_PLA,4.077907562255859,137,M,P,WIL_PLA,A,138,138,MET,MET,True
2753,ThermoMPNN,WIL_PLA,3.2872776985168457,137,M,Q,WIL_PLA,A,138,138,MET,MET,True
2754,ThermoMPNN,WIL_PLA,3.824285268783569,137,M,R,WIL_PLA,A,138,138,MET,MET,True
2755,ThermoMPNN,WIL_PLA,3.426360607147217,137,M,S,WIL_PLA,A,138,138,MET,MET,True
2756,ThermoMPNN,WIL_PLA,3.4874613285064697,137,M,T,WIL_PLA,A,138,138,MET,MET,True
2757,ThermoMPNN,WIL_PLA,1.3282750844955444,137,M,V,WIL_PLA,A,138,138,MET,MET,True
2758,ThermoMPNN,WIL_PLA,2.4201595783233643,137,M,W,WIL_PLA,A,138,138,MET,MET,True
2759,ThermoMPNN,WIL_PLA,2.241903066635132,137,M,Y,WIL_PLA,A,138,138,MET,MET,True
2760,ThermoMPNN,WIL_PLA,1.3986365795135498,138,H,A,WIL_PLA,A,139,139,HIS,HIS,True
2761,ThermoMPNN,WIL_PLA,0.4923193454742431,138,H,C,WIL_PLA,A,139,139,HIS,HIS,True
2762,ThermoMPNN,WIL_PLA,1.969277024269104,138,H,D,WIL_PLA,A,139,139,HIS,HIS,True
2763,ThermoMPNN,WIL_PLA,2.4900095462799072,138,H,E,WIL_PLA,A,139,139,HIS,HIS,True
2764,ThermoMPNN,WIL_PLA,1.5129764080047607,138,H,F,WIL_PLA,A,139,139,HIS,HIS,True
2765,ThermoMPNN,WIL_PLA,2.614663600921631,138,H,G,WIL_PLA,A,139,139,HIS,HIS,True
2766,ThermoMPNN,WIL_PLA,0.0,138,H,H,WIL_PLA,A,139,139,HIS,HIS,True
2767,ThermoMPNN,WIL_PLA,1.2409465312957764,138,H,I,WIL_PLA,A,139,139,HIS,HIS,True
2768,ThermoMPNN,WIL_PLA,1.958536982536316,138,H,K,WIL_PLA,A,139,139,HIS,HIS,True
2769,ThermoMPNN,WIL_PLA,0.942064642906189,138,H,L,WIL_PLA,A,139,139,HIS,HIS,True
2770,ThermoMPNN,WIL_PLA,1.4011666774749756,138,H,M,WIL_PLA,A,139,139,HIS,HIS,True
2771,ThermoMPNN,WIL_PLA,0.7439744472503662,138,H,N,WIL_PLA,A,139,139,HIS,HIS,True
2772,ThermoMPNN,WIL_PLA,2.4180264472961426,138,H,P,WIL_PLA,A,139,139,HIS,HIS,True
2773,ThermoMPNN,WIL_PLA,1.495958924293518,138,H,Q,WIL_PLA,A,139,139,HIS,HIS,True
2774,ThermoMPNN,WIL_PLA,1.9301103353500368,138,H,R,WIL_PLA,A,139,139,HIS,HIS,True
2775,ThermoMPNN,WIL_PLA,1.634573459625244,138,H,S,WIL_PLA,A,139,139,HIS,HIS,True
2776,ThermoMPNN,WIL_PLA,2.39430570602417,138,H,T,WIL_PLA,A,139,139,HIS,HIS,True
2777,ThermoMPNN,WIL_PLA,0.7335339784622192,138,H,V,WIL_PLA,A,139,139,HIS,HIS,True
2778,ThermoMPNN,WIL_PLA,1.389246940612793,138,H,W,WIL_PLA,A,139,139,HIS,HIS,True
2779,ThermoMPNN,WIL_PLA,1.0264264345169067,138,H,Y,WIL_PLA,A,139,139,HIS,HIS,True
2780,ThermoMPNN,WIL_PLA,1.092078447341919,139,K,A,WIL_PLA,A,140,140,LYS,LYS,True
2781,ThermoMPNN,WIL_PLA,1.0497207641601562,139,K,C,WIL_PLA,A,140,140,LYS,LYS,True
2782,ThermoMPNN,WIL_PLA,2.8955414295196533,139,K,D,WIL_PLA,A,140,140,LYS,LYS,True
2783,ThermoMPNN,WIL_PLA,1.5377309322357178,139,K,E,WIL_PLA,A,140,140,LYS,LYS,True
2784,ThermoMPNN,WIL_PLA,1.3558192253112793,139,K,F,WIL_PLA,A,140,140,LYS,LYS,True
2785,ThermoMPNN,WIL_PLA,2.249542236328125,139,K,G,WIL_PLA,A,140,140,LYS,LYS,True
2786,ThermoMPNN,WIL_PLA,1.3507848978042605,139,K,H,WIL_PLA,A,140,140,LYS,LYS,True
2787,ThermoMPNN,WIL_PLA,0.8767125606536865,139,K,I,WIL_PLA,A,140,140,LYS,LYS,True
2788,ThermoMPNN,WIL_PLA,0.0,139,K,K,WIL_PLA,A,140,140,LYS,LYS,True
2789,ThermoMPNN,WIL_PLA,0.8563088178634644,139,K,L,WIL_PLA,A,140,140,LYS,LYS,True
2790,ThermoMPNN,WIL_PLA,0.7319496870040894,139,K,M,WIL_PLA,A,140,140,LYS,LYS,True
2791,ThermoMPNN,WIL_PLA,1.881075620651245,139,K,N,WIL_PLA,A,140,140,LYS,LYS,True
2792,ThermoMPNN,WIL_PLA,3.537247657775879,139,K,P,WIL_PLA,A,140,140,LYS,LYS,True
2793,ThermoMPNN,WIL_PLA,0.5549188852310181,139,K,Q,WIL_PLA,A,140,140,LYS,LYS,True
2794,ThermoMPNN,WIL_PLA,-0.0146358013153076,139,K,R,WIL_PLA,A,140,140,LYS,LYS,True
2795,ThermoMPNN,WIL_PLA,1.3353605270385742,139,K,S,WIL_PLA,A,140,140,LYS,LYS,True
2796,ThermoMPNN,WIL_PLA,1.0551974773406982,139,K,T,WIL_PLA,A,140,140,LYS,LYS,True
2797,ThermoMPNN,WIL_PLA,0.9979515075683594,139,K,V,WIL_PLA,A,140,140,LYS,LYS,True
2798,ThermoMPNN,WIL_PLA,1.6058406829833984,139,K,W,WIL_PLA,A,140,140,LYS,LYS,True
2799,ThermoMPNN,WIL_PLA,1.4063358306884766,139,K,Y,WIL_PLA,A,140,140,LYS,LYS,True
2800,ThermoMPNN,WIL_PLA,-0.0825671553611755,140,G,A,WIL_PLA,A,141,141,GLY,GLY,True
2801,ThermoMPNN,WIL_PLA,-0.3612262606620788,140,G,C,WIL_PLA,A,141,141,GLY,GLY,True
2802,ThermoMPNN,WIL_PLA,-1.085845708847046,140,G,D,WIL_PLA,A,141,141,GLY,GLY,True
2803,ThermoMPNN,WIL_PLA,-0.3508679270744324,140,G,E,WIL_PLA,A,141,141,GLY,GLY,True
2804,ThermoMPNN,WIL_PLA,0.502519965171814,140,G,F,WIL_PLA,A,141,141,GLY,GLY,True
2805,ThermoMPNN,WIL_PLA,0.0,140,G,G,WIL_PLA,A,141,141,GLY,GLY,True
2806,ThermoMPNN,WIL_PLA,0.0998184084892273,140,G,H,WIL_PLA,A,141,141,GLY,GLY,True
2807,ThermoMPNN,WIL_PLA,0.5395411252975464,140,G,I,WIL_PLA,A,141,141,GLY,GLY,True
2808,ThermoMPNN,WIL_PLA,0.6647698283195496,140,G,K,WIL_PLA,A,141,141,GLY,GLY,True
2809,ThermoMPNN,WIL_PLA,0.569814145565033,140,G,L,WIL_PLA,A,141,141,GLY,GLY,True
2810,ThermoMPNN,WIL_PLA,0.3490651249885559,140,G,M,WIL_PLA,A,141,141,GLY,GLY,True
2811,ThermoMPNN,WIL_PLA,-0.3926474452018738,140,G,N,WIL_PLA,A,141,141,GLY,GLY,True
2812,ThermoMPNN,WIL_PLA,0.8022074103355408,140,G,P,WIL_PLA,A,141,141,GLY,GLY,True
2813,ThermoMPNN,WIL_PLA,0.2067853212356567,140,G,Q,WIL_PLA,A,141,141,GLY,GLY,True
2814,ThermoMPNN,WIL_PLA,0.5881180763244629,140,G,R,WIL_PLA,A,141,141,GLY,GLY,True
2815,ThermoMPNN,WIL_PLA,-0.3053787350654602,140,G,S,WIL_PLA,A,141,141,GLY,GLY,True
2816,ThermoMPNN,WIL_PLA,0.1009716987609863,140,G,T,WIL_PLA,A,141,141,GLY,GLY,True
2817,ThermoMPNN,WIL_PLA,0.563330352306366,140,G,V,WIL_PLA,A,141,141,GLY,GLY,True
2818,ThermoMPNN,WIL_PLA,0.3730476498603821,140,G,W,WIL_PLA,A,141,141,GLY,GLY,True
2819,ThermoMPNN,WIL_PLA,0.4529629051685333,140,G,Y,WIL_PLA,A,141,141,GLY,GLY,True
2820,ThermoMPNN,WIL_PLA,2.6118242740631104,141,F,A,WIL_PLA,A,142,142,PHE,PHE,True
2821,ThermoMPNN,WIL_PLA,1.7177424430847168,141,F,C,WIL_PLA,A,142,142,PHE,PHE,True
2822,ThermoMPNN,WIL_PLA,3.0119757652282715,141,F,D,WIL_PLA,A,142,142,PHE,PHE,True
2823,ThermoMPNN,WIL_PLA,2.923536539077759,141,F,E,WIL_PLA,A,142,142,PHE,PHE,True
2824,ThermoMPNN,WIL_PLA,0.0,141,F,F,WIL_PLA,A,142,142,PHE,PHE,True
2825,ThermoMPNN,WIL_PLA,3.353733777999878,141,F,G,WIL_PLA,A,142,142,PHE,PHE,True
2826,ThermoMPNN,WIL_PLA,2.62097692489624,141,F,H,WIL_PLA,A,142,142,PHE,PHE,True
2827,ThermoMPNN,WIL_PLA,1.2195900678634644,141,F,I,WIL_PLA,A,142,142,PHE,PHE,True
2828,ThermoMPNN,WIL_PLA,3.0059354305267334,141,F,K,WIL_PLA,A,142,142,PHE,PHE,True
2829,ThermoMPNN,WIL_PLA,1.2850391864776611,141,F,L,WIL_PLA,A,142,142,PHE,PHE,True
2830,ThermoMPNN,WIL_PLA,1.514433979988098,141,F,M,WIL_PLA,A,142,142,PHE,PHE,True
2831,ThermoMPNN,WIL_PLA,2.895531177520752,141,F,N,WIL_PLA,A,142,142,PHE,PHE,True
2832,ThermoMPNN,WIL_PLA,3.194311141967773,141,F,P,WIL_PLA,A,142,142,PHE,PHE,True
2833,ThermoMPNN,WIL_PLA,2.887901782989502,141,F,Q,WIL_PLA,A,142,142,PHE,PHE,True
2834,ThermoMPNN,WIL_PLA,2.872230052947998,141,F,R,WIL_PLA,A,142,142,PHE,PHE,True
2835,ThermoMPNN,WIL_PLA,2.7418441772460938,141,F,S,WIL_PLA,A,142,142,PHE,PHE,True
2836,ThermoMPNN,WIL_PLA,2.3644473552703857,141,F,T,WIL_PLA,A,142,142,PHE,PHE,True
2837,ThermoMPNN,WIL_PLA,1.5752995014190674,141,F,V,WIL_PLA,A,142,142,PHE,PHE,True
2838,ThermoMPNN,WIL_PLA,0.8641526699066162,141,F,W,WIL_PLA,A,142,142,PHE,PHE,True
2839,ThermoMPNN,WIL_PLA,0.9206434488296508,141,F,Y,WIL_PLA,A,142,142,PHE,PHE,True
2840,ThermoMPNN,WIL_PLA,2.423391819000244,142,Y,A,WIL_PLA,A,143,143,TYR,TYR,True
2841,ThermoMPNN,WIL_PLA,1.3060518503189087,142,Y,C,WIL_PLA,A,143,143,TYR,TYR,True
2842,ThermoMPNN,WIL_PLA,3.0877108573913574,142,Y,D,WIL_PLA,A,143,143,TYR,TYR,True
2843,ThermoMPNN,WIL_PLA,2.968549489974976,142,Y,E,WIL_PLA,A,143,143,TYR,TYR,True
2844,ThermoMPNN,WIL_PLA,0.7244560718536377,142,Y,F,WIL_PLA,A,143,143,TYR,TYR,True
2845,ThermoMPNN,WIL_PLA,2.5549027919769287,142,Y,G,WIL_PLA,A,143,143,TYR,TYR,True
2846,ThermoMPNN,WIL_PLA,1.5966382026672363,142,Y,H,WIL_PLA,A,143,143,TYR,TYR,True
2847,ThermoMPNN,WIL_PLA,1.7136294841766355,142,Y,I,WIL_PLA,A,143,143,TYR,TYR,True
2848,ThermoMPNN,WIL_PLA,1.9110174179077148,142,Y,K,WIL_PLA,A,143,143,TYR,TYR,True
2849,ThermoMPNN,WIL_PLA,1.2670183181762695,142,Y,L,WIL_PLA,A,143,143,TYR,TYR,True
2850,ThermoMPNN,WIL_PLA,1.4775068759918213,142,Y,M,WIL_PLA,A,143,143,TYR,TYR,True
2851,ThermoMPNN,WIL_PLA,2.469949722290039,142,Y,N,WIL_PLA,A,143,143,TYR,TYR,True
2852,ThermoMPNN,WIL_PLA,2.675537347793579,142,Y,P,WIL_PLA,A,143,143,TYR,TYR,True
2853,ThermoMPNN,WIL_PLA,2.2143921852111816,142,Y,Q,WIL_PLA,A,143,143,TYR,TYR,True
2854,ThermoMPNN,WIL_PLA,1.6129605770111084,142,Y,R,WIL_PLA,A,143,143,TYR,TYR,True
2855,ThermoMPNN,WIL_PLA,2.4483742713928223,142,Y,S,WIL_PLA,A,143,143,TYR,TYR,True
2856,ThermoMPNN,WIL_PLA,2.3898181915283203,142,Y,T,WIL_PLA,A,143,143,TYR,TYR,True
2857,ThermoMPNN,WIL_PLA,1.994883179664612,142,Y,V,WIL_PLA,A,143,143,TYR,TYR,True
2858,ThermoMPNN,WIL_PLA,-0.2325475215911865,142,Y,W,WIL_PLA,A,143,143,TYR,TYR,True
2859,ThermoMPNN,WIL_PLA,0.0,142,Y,Y,WIL_PLA,A,143,143,TYR,TYR,True
2860,ThermoMPNN,WIL_PLA,-0.117258071899414,143,E,A,WIL_PLA,A,144,144,GLU,GLU,True
2861,ThermoMPNN,WIL_PLA,-0.5466278791427612,143,E,C,WIL_PLA,A,144,144,GLU,GLU,True
2862,ThermoMPNN,WIL_PLA,0.4650221467018127,143,E,D,WIL_PLA,A,144,144,GLU,GLU,True
2863,ThermoMPNN,WIL_PLA,0.0,143,E,E,WIL_PLA,A,144,144,GLU,GLU,True
2864,ThermoMPNN,WIL_PLA,-0.3105176091194153,143,E,F,WIL_PLA,A,144,144,GLU,GLU,True
2865,ThermoMPNN,WIL_PLA,0.6381996870040894,143,E,G,WIL_PLA,A,144,144,GLU,GLU,True
2866,ThermoMPNN,WIL_PLA,-0.1436315774917602,143,E,H,WIL_PLA,A,144,144,GLU,GLU,True
2867,ThermoMPNN,WIL_PLA,-0.062076449394226,143,E,I,WIL_PLA,A,144,144,GLU,GLU,True
2868,ThermoMPNN,WIL_PLA,-0.2943988442420959,143,E,K,WIL_PLA,A,144,144,GLU,GLU,True
2869,ThermoMPNN,WIL_PLA,-0.68175208568573,143,E,L,WIL_PLA,A,144,144,GLU,GLU,True
2870,ThermoMPNN,WIL_PLA,-0.5522172451019287,143,E,M,WIL_PLA,A,144,144,GLU,GLU,True
2871,ThermoMPNN,WIL_PLA,0.0415117144584655,143,E,N,WIL_PLA,A,144,144,GLU,GLU,True
2872,ThermoMPNN,WIL_PLA,2.2928242683410645,143,E,P,WIL_PLA,A,144,144,GLU,GLU,True
2873,ThermoMPNN,WIL_PLA,-0.2869403958320617,143,E,Q,WIL_PLA,A,144,144,GLU,GLU,True
2874,ThermoMPNN,WIL_PLA,-0.2917874455451965,143,E,R,WIL_PLA,A,144,144,GLU,GLU,True
2875,ThermoMPNN,WIL_PLA,0.2613183259963989,143,E,S,WIL_PLA,A,144,144,GLU,GLU,True
2876,ThermoMPNN,WIL_PLA,0.0614950656890869,143,E,T,WIL_PLA,A,144,144,GLU,GLU,True
2877,ThermoMPNN,WIL_PLA,0.0349250435829162,143,E,V,WIL_PLA,A,144,144,GLU,GLU,True
2878,ThermoMPNN,WIL_PLA,-0.1135040521621704,143,E,W,WIL_PLA,A,144,144,GLU,GLU,True
2879,ThermoMPNN,WIL_PLA,-0.2037501335144043,143,E,Y,WIL_PLA,A,144,144,GLU,GLU,True
2880,ThermoMPNN,WIL_PLA,0.0,144,A,A,WIL_PLA,A,145,145,ALA,ALA,True
2881,ThermoMPNN,WIL_PLA,0.3415579795837402,144,A,C,WIL_PLA,A,145,145,ALA,ALA,True
2882,ThermoMPNN,WIL_PLA,1.2296578884124756,144,A,D,WIL_PLA,A,145,145,ALA,ALA,True
2883,ThermoMPNN,WIL_PLA,1.0971875190734863,144,A,E,WIL_PLA,A,145,145,ALA,ALA,True
2884,ThermoMPNN,WIL_PLA,0.8860518336296082,144,A,F,WIL_PLA,A,145,145,ALA,ALA,True
2885,ThermoMPNN,WIL_PLA,1.2598533630371094,144,A,G,WIL_PLA,A,145,145,ALA,ALA,True
2886,ThermoMPNN,WIL_PLA,1.0762195587158203,144,A,H,WIL_PLA,A,145,145,ALA,ALA,True
2887,ThermoMPNN,WIL_PLA,0.6829107999801636,144,A,I,WIL_PLA,A,145,145,ALA,ALA,True
2888,ThermoMPNN,WIL_PLA,1.1163603067398071,144,A,K,WIL_PLA,A,145,145,ALA,ALA,True
2889,ThermoMPNN,WIL_PLA,0.2240933179855346,144,A,L,WIL_PLA,A,145,145,ALA,ALA,True
2890,ThermoMPNN,WIL_PLA,0.3131536245346069,144,A,M,WIL_PLA,A,145,145,ALA,ALA,True
2891,ThermoMPNN,WIL_PLA,1.037285566329956,144,A,N,WIL_PLA,A,145,145,ALA,ALA,True
2892,ThermoMPNN,WIL_PLA,1.8924086093902588,144,A,P,WIL_PLA,A,145,145,ALA,ALA,True
2893,ThermoMPNN,WIL_PLA,0.9245691895484924,144,A,Q,WIL_PLA,A,145,145,ALA,ALA,True
2894,ThermoMPNN,WIL_PLA,1.132635235786438,144,A,R,WIL_PLA,A,145,145,ALA,ALA,True
2895,ThermoMPNN,WIL_PLA,0.4255613088607788,144,A,S,WIL_PLA,A,145,145,ALA,ALA,True
2896,ThermoMPNN,WIL_PLA,0.5751850008964539,144,A,T,WIL_PLA,A,145,145,ALA,ALA,True
2897,ThermoMPNN,WIL_PLA,0.6144771575927734,144,A,V,WIL_PLA,A,145,145,ALA,ALA,True
2898,ThermoMPNN,WIL_PLA,0.8172904253005981,144,A,W,WIL_PLA,A,145,145,ALA,ALA,True
2899,ThermoMPNN,WIL_PLA,0.8505055904388428,144,A,Y,WIL_PLA,A,145,145,ALA,ALA,True
2900,ThermoMPNN,WIL_PLA,3.1997432708740234,145,W,A,WIL_PLA,A,146,146,TRP,TRP,True
2901,ThermoMPNN,WIL_PLA,1.9809842109680176,145,W,C,WIL_PLA,A,146,146,TRP,TRP,True
2902,ThermoMPNN,WIL_PLA,4.034396171569824,145,W,D,WIL_PLA,A,146,146,TRP,TRP,True
2903,ThermoMPNN,WIL_PLA,3.636258840560913,145,W,E,WIL_PLA,A,146,146,TRP,TRP,True
2904,ThermoMPNN,WIL_PLA,0.8883483409881592,145,W,F,WIL_PLA,A,146,146,TRP,TRP,True
2905,ThermoMPNN,WIL_PLA,3.4906439781188965,145,W,G,WIL_PLA,A,146,146,TRP,TRP,True
2906,ThermoMPNN,WIL_PLA,3.1023709774017334,145,W,H,WIL_PLA,A,146,146,TRP,TRP,True
2907,ThermoMPNN,WIL_PLA,2.176079273223877,145,W,I,WIL_PLA,A,146,146,TRP,TRP,True
2908,ThermoMPNN,WIL_PLA,3.730605602264404,145,W,K,WIL_PLA,A,146,146,TRP,TRP,True
2909,ThermoMPNN,WIL_PLA,2.005128860473633,145,W,L,WIL_PLA,A,146,146,TRP,TRP,True
2910,ThermoMPNN,WIL_PLA,2.1650562286376958,145,W,M,WIL_PLA,A,146,146,TRP,TRP,True
2911,ThermoMPNN,WIL_PLA,3.672633171081543,145,W,N,WIL_PLA,A,146,146,TRP,TRP,True
2912,ThermoMPNN,WIL_PLA,3.5478127002716064,145,W,P,WIL_PLA,A,146,146,TRP,TRP,True
2913,ThermoMPNN,WIL_PLA,3.403698444366455,145,W,Q,WIL_PLA,A,146,146,TRP,TRP,True
2914,ThermoMPNN,WIL_PLA,3.5799522399902344,145,W,R,WIL_PLA,A,146,146,TRP,TRP,True
2915,ThermoMPNN,WIL_PLA,3.2241110801696777,145,W,S,WIL_PLA,A,146,146,TRP,TRP,True
2916,ThermoMPNN,WIL_PLA,3.023749828338623,145,W,T,WIL_PLA,A,146,146,TRP,TRP,True
2917,ThermoMPNN,WIL_PLA,1.954458236694336,145,W,V,WIL_PLA,A,146,146,TRP,TRP,True
2918,ThermoMPNN,WIL_PLA,0.0,145,W,W,WIL_PLA,A,146,146,TRP,TRP,True
2919,ThermoMPNN,WIL_PLA,0.9918491840362548,145,W,Y,WIL_PLA,A,146,146,TRP,TRP,True
2920,ThermoMPNN,WIL_PLA,-0.6176024079322815,146,E,A,WIL_PLA,A,147,147,GLU,GLU,True
2921,ThermoMPNN,WIL_PLA,-0.8159961104393005,146,E,C,WIL_PLA,A,147,147,GLU,GLU,True
2922,ThermoMPNN,WIL_PLA,0.7119901180267334,146,E,D,WIL_PLA,A,147,147,GLU,GLU,True
2923,ThermoMPNN,WIL_PLA,0.0,146,E,E,WIL_PLA,A,147,147,GLU,GLU,True
2924,ThermoMPNN,WIL_PLA,-0.3115242719650268,146,E,F,WIL_PLA,A,147,147,GLU,GLU,True
2925,ThermoMPNN,WIL_PLA,0.3929458558559418,146,E,G,WIL_PLA,A,147,147,GLU,GLU,True
2926,ThermoMPNN,WIL_PLA,-0.4492987394332886,146,E,H,WIL_PLA,A,147,147,GLU,GLU,True
2927,ThermoMPNN,WIL_PLA,-0.7701406478881836,146,E,I,WIL_PLA,A,147,147,GLU,GLU,True
2928,ThermoMPNN,WIL_PLA,-1.462576389312744,146,E,K,WIL_PLA,A,147,147,GLU,GLU,True
2929,ThermoMPNN,WIL_PLA,-1.1466729640960691,146,E,L,WIL_PLA,A,147,147,GLU,GLU,True
2930,ThermoMPNN,WIL_PLA,-1.1667401790618896,146,E,M,WIL_PLA,A,147,147,GLU,GLU,True
2931,ThermoMPNN,WIL_PLA,-0.2884549498558044,146,E,N,WIL_PLA,A,147,147,GLU,GLU,True
2932,ThermoMPNN,WIL_PLA,1.3999340534210205,146,E,P,WIL_PLA,A,147,147,GLU,GLU,True
2933,ThermoMPNN,WIL_PLA,-0.9375976920127868,146,E,Q,WIL_PLA,A,147,147,GLU,GLU,True
2934,ThermoMPNN,WIL_PLA,-1.5957422256469729,146,E,R,WIL_PLA,A,147,147,GLU,GLU,True
2935,ThermoMPNN,WIL_PLA,-0.4499932527542114,146,E,S,WIL_PLA,A,147,147,GLU,GLU,True
2936,ThermoMPNN,WIL_PLA,-0.6907024383544922,146,E,T,WIL_PLA,A,147,147,GLU,GLU,True
2937,ThermoMPNN,WIL_PLA,-0.6385692954063416,146,E,V,WIL_PLA,A,147,147,GLU,GLU,True
2938,ThermoMPNN,WIL_PLA,-0.3882060647010803,146,E,W,WIL_PLA,A,147,147,GLU,GLU,True
2939,ThermoMPNN,WIL_PLA,-0.3564364314079284,146,E,Y,WIL_PLA,A,147,147,GLU,GLU,True
2940,ThermoMPNN,WIL_PLA,0.2134322524070739,147,V,A,WIL_PLA,A,148,148,VAL,VAL,True
2941,ThermoMPNN,WIL_PLA,0.0799648761749267,147,V,C,WIL_PLA,A,148,148,VAL,VAL,True
2942,ThermoMPNN,WIL_PLA,1.1991633176803589,147,V,D,WIL_PLA,A,148,148,VAL,VAL,True
2943,ThermoMPNN,WIL_PLA,0.8696430921554565,147,V,E,WIL_PLA,A,148,148,VAL,VAL,True
2944,ThermoMPNN,WIL_PLA,0.3222522139549255,147,V,F,WIL_PLA,A,148,148,VAL,VAL,True
2945,ThermoMPNN,WIL_PLA,0.8792509436607361,147,V,G,WIL_PLA,A,148,148,VAL,VAL,True
2946,ThermoMPNN,WIL_PLA,0.3156796097755432,147,V,H,WIL_PLA,A,148,148,VAL,VAL,True
2947,ThermoMPNN,WIL_PLA,0.0890644788742065,147,V,I,WIL_PLA,A,148,148,VAL,VAL,True
2948,ThermoMPNN,WIL_PLA,0.1049931049346923,147,V,K,WIL_PLA,A,148,148,VAL,VAL,True
2949,ThermoMPNN,WIL_PLA,0.0601116418838501,147,V,L,WIL_PLA,A,148,148,VAL,VAL,True
2950,ThermoMPNN,WIL_PLA,0.0371578931808471,147,V,M,WIL_PLA,A,148,148,VAL,VAL,True
2951,ThermoMPNN,WIL_PLA,0.5314612984657288,147,V,N,WIL_PLA,A,148,148,VAL,VAL,True
2952,ThermoMPNN,WIL_PLA,1.8576507568359373,147,V,P,WIL_PLA,A,148,148,VAL,VAL,True
2953,ThermoMPNN,WIL_PLA,0.3309115171432495,147,V,Q,WIL_PLA,A,148,148,VAL,VAL,True
2954,ThermoMPNN,WIL_PLA,-0.1454238891601562,147,V,R,WIL_PLA,A,148,148,VAL,VAL,True
2955,ThermoMPNN,WIL_PLA,0.2418120503425598,147,V,S,WIL_PLA,A,148,148,VAL,VAL,True
2956,ThermoMPNN,WIL_PLA,0.0401861667633056,147,V,T,WIL_PLA,A,148,148,VAL,VAL,True
2957,ThermoMPNN,WIL_PLA,0.0,147,V,V,WIL_PLA,A,148,148,VAL,VAL,True
2958,ThermoMPNN,WIL_PLA,0.3578237295150757,147,V,W,WIL_PLA,A,148,148,VAL,VAL,True
2959,ThermoMPNN,WIL_PLA,0.2470307350158691,147,V,Y,WIL_PLA,A,148,148,VAL,VAL,True
2960,ThermoMPNN,WIL_PLA,1.8059548139572144,148,I,A,WIL_PLA,A,149,149,ILE,ILE,True
2961,ThermoMPNN,WIL_PLA,0.9575897455215454,148,I,C,WIL_PLA,A,149,149,ILE,ILE,True
2962,ThermoMPNN,WIL_PLA,3.1757798194885254,148,I,D,WIL_PLA,A,149,149,ILE,ILE,True
2963,ThermoMPNN,WIL_PLA,2.970192670822144,148,I,E,WIL_PLA,A,149,149,ILE,ILE,True
2964,ThermoMPNN,WIL_PLA,1.5681211948394775,148,I,F,WIL_PLA,A,149,149,ILE,ILE,True
2965,ThermoMPNN,WIL_PLA,2.6118698120117188,148,I,G,WIL_PLA,A,149,149,ILE,ILE,True
2966,ThermoMPNN,WIL_PLA,2.34468412399292,148,I,H,WIL_PLA,A,149,149,ILE,ILE,True
2967,ThermoMPNN,WIL_PLA,0.0,148,I,I,WIL_PLA,A,149,149,ILE,ILE,True
2968,ThermoMPNN,WIL_PLA,2.2022573947906494,148,I,K,WIL_PLA,A,149,149,ILE,ILE,True
2969,ThermoMPNN,WIL_PLA,0.4575340747833252,148,I,L,WIL_PLA,A,149,149,ILE,ILE,True
2970,ThermoMPNN,WIL_PLA,1.037930250167847,148,I,M,WIL_PLA,A,149,149,ILE,ILE,True
2971,ThermoMPNN,WIL_PLA,2.7020068168640137,148,I,N,WIL_PLA,A,149,149,ILE,ILE,True
2972,ThermoMPNN,WIL_PLA,2.946627616882324,148,I,P,WIL_PLA,A,149,149,ILE,ILE,True
2973,ThermoMPNN,WIL_PLA,2.4906764030456543,148,I,Q,WIL_PLA,A,149,149,ILE,ILE,True
2974,ThermoMPNN,WIL_PLA,2.190289258956909,148,I,R,WIL_PLA,A,149,149,ILE,ILE,True
2975,ThermoMPNN,WIL_PLA,2.481727123260498,148,I,S,WIL_PLA,A,149,149,ILE,ILE,True
2976,ThermoMPNN,WIL_PLA,2.0422139167785645,148,I,T,WIL_PLA,A,149,149,ILE,ILE,True
2977,ThermoMPNN,WIL_PLA,0.2200214862823486,148,I,V,WIL_PLA,A,149,149,ILE,ILE,True
2978,ThermoMPNN,WIL_PLA,1.7553021907806396,148,I,W,WIL_PLA,A,149,149,ILE,ILE,True
2979,ThermoMPNN,WIL_PLA,1.7725608348846436,148,I,Y,WIL_PLA,A,149,149,ILE,ILE,True
2980,ThermoMPNN,WIL_PLA,0.0,149,A,A,WIL_PLA,A,150,150,ALA,ALA,True
2981,ThermoMPNN,WIL_PLA,0.1683382987976074,149,A,C,WIL_PLA,A,150,150,ALA,ALA,True
2982,ThermoMPNN,WIL_PLA,1.2049288749694824,149,A,D,WIL_PLA,A,150,150,ALA,ALA,True
2983,ThermoMPNN,WIL_PLA,0.618965744972229,149,A,E,WIL_PLA,A,150,150,ALA,ALA,True
2984,ThermoMPNN,WIL_PLA,0.2337914705276489,149,A,F,WIL_PLA,A,150,150,ALA,ALA,True
2985,ThermoMPNN,WIL_PLA,0.6940550804138184,149,A,G,WIL_PLA,A,150,150,ALA,ALA,True
2986,ThermoMPNN,WIL_PLA,0.3408021926879883,149,A,H,WIL_PLA,A,150,150,ALA,ALA,True
2987,ThermoMPNN,WIL_PLA,0.3250541687011719,149,A,I,WIL_PLA,A,150,150,ALA,ALA,True
2988,ThermoMPNN,WIL_PLA,-0.3229360580444336,149,A,K,WIL_PLA,A,150,150,ALA,ALA,True
2989,ThermoMPNN,WIL_PLA,0.2072627544403076,149,A,L,WIL_PLA,A,150,150,ALA,ALA,True
2990,ThermoMPNN,WIL_PLA,0.137151837348938,149,A,M,WIL_PLA,A,150,150,ALA,ALA,True
2991,ThermoMPNN,WIL_PLA,0.7769867777824402,149,A,N,WIL_PLA,A,150,150,ALA,ALA,True
2992,ThermoMPNN,WIL_PLA,1.667782425880432,149,A,P,WIL_PLA,A,150,150,ALA,ALA,True
2993,ThermoMPNN,WIL_PLA,0.1060034036636352,149,A,Q,WIL_PLA,A,150,150,ALA,ALA,True
2994,ThermoMPNN,WIL_PLA,-0.5763821601867676,149,A,R,WIL_PLA,A,150,150,ALA,ALA,True
2995,ThermoMPNN,WIL_PLA,0.481047511100769,149,A,S,WIL_PLA,A,150,150,ALA,ALA,True
2996,ThermoMPNN,WIL_PLA,0.6121432781219482,149,A,T,WIL_PLA,A,150,150,ALA,ALA,True
2997,ThermoMPNN,WIL_PLA,0.285804271697998,149,A,V,WIL_PLA,A,150,150,ALA,ALA,True
2998,ThermoMPNN,WIL_PLA,0.0813088417053222,149,A,W,WIL_PLA,A,150,150,ALA,ALA,True
2999,ThermoMPNN,WIL_PLA,0.1309123039245605,149,A,Y,WIL_PLA,A,150,150,ALA,ALA,True
3000,ThermoMPNN,WIL_PLA,-0.2199059128761291,150,D,A,WIL_PLA,A,151,151,ASP,ASP,True
3001,ThermoMPNN,WIL_PLA,-0.317969262599945,150,D,C,WIL_PLA,A,151,151,ASP,ASP,True
3002,ThermoMPNN,WIL_PLA,0.0,150,D,D,WIL_PLA,A,151,151,ASP,ASP,True
3003,ThermoMPNN,WIL_PLA,-0.0586166977882385,150,D,E,WIL_PLA,A,151,151,ASP,ASP,True
3004,ThermoMPNN,WIL_PLA,-0.1152078509330749,150,D,F,WIL_PLA,A,151,151,ASP,ASP,True
3005,ThermoMPNN,WIL_PLA,0.0770556926727294,150,D,G,WIL_PLA,A,151,151,ASP,ASP,True
3006,ThermoMPNN,WIL_PLA,-0.1326771974563598,150,D,H,WIL_PLA,A,151,151,ASP,ASP,True
3007,ThermoMPNN,WIL_PLA,-0.1339038014411926,150,D,I,WIL_PLA,A,151,151,ASP,ASP,True
3008,ThermoMPNN,WIL_PLA,-0.3601641654968261,150,D,K,WIL_PLA,A,151,151,ASP,ASP,True
3009,ThermoMPNN,WIL_PLA,-0.1768851280212402,150,D,L,WIL_PLA,A,151,151,ASP,ASP,True
3010,ThermoMPNN,WIL_PLA,-0.0755558013916015,150,D,M,WIL_PLA,A,151,151,ASP,ASP,True
3011,ThermoMPNN,WIL_PLA,-0.0207481384277343,150,D,N,WIL_PLA,A,151,151,ASP,ASP,True
3012,ThermoMPNN,WIL_PLA,0.0662198662757873,150,D,P,WIL_PLA,A,151,151,ASP,ASP,True
3013,ThermoMPNN,WIL_PLA,-0.1907954216003418,150,D,Q,WIL_PLA,A,151,151,ASP,ASP,True
3014,ThermoMPNN,WIL_PLA,-0.3082872033119201,150,D,R,WIL_PLA,A,151,151,ASP,ASP,True
3015,ThermoMPNN,WIL_PLA,-0.1654160618782043,150,D,S,WIL_PLA,A,151,151,ASP,ASP,True
3016,ThermoMPNN,WIL_PLA,-0.1492879390716552,150,D,T,WIL_PLA,A,151,151,ASP,ASP,True
3017,ThermoMPNN,WIL_PLA,-0.1171848177909851,150,D,V,WIL_PLA,A,151,151,ASP,ASP,True
3018,ThermoMPNN,WIL_PLA,-0.1147531867027282,150,D,W,WIL_PLA,A,151,151,ASP,ASP,True
3019,ThermoMPNN,WIL_PLA,-0.1234210729598999,150,D,Y,WIL_PLA,A,151,151,ASP,ASP,True
3020,ThermoMPNN,WIL_PLA,0.0234382152557373,151,T,A,WIL_PLA,A,152,152,THR,THR,True
3021,ThermoMPNN,WIL_PLA,-0.0777947306632995,151,T,C,WIL_PLA,A,152,152,THR,THR,True
3022,ThermoMPNN,WIL_PLA,0.6255740523338318,151,T,D,WIL_PLA,A,152,152,THR,THR,True
3023,ThermoMPNN,WIL_PLA,0.50164794921875,151,T,E,WIL_PLA,A,152,152,THR,THR,True
3024,ThermoMPNN,WIL_PLA,-0.0581387877464294,151,T,F,WIL_PLA,A,152,152,THR,THR,True
3025,ThermoMPNN,WIL_PLA,0.4251912236213684,151,T,G,WIL_PLA,A,152,152,THR,THR,True
3026,ThermoMPNN,WIL_PLA,-0.0044506192207336,151,T,H,WIL_PLA,A,152,152,THR,THR,True
3027,ThermoMPNN,WIL_PLA,0.0541374087333679,151,T,I,WIL_PLA,A,152,152,THR,THR,True
3028,ThermoMPNN,WIL_PLA,-0.1185258030891418,151,T,K,WIL_PLA,A,152,152,THR,THR,True
3029,ThermoMPNN,WIL_PLA,0.1779035329818725,151,T,L,WIL_PLA,A,152,152,THR,THR,True
3030,ThermoMPNN,WIL_PLA,0.1288191676139831,151,T,M,WIL_PLA,A,152,152,THR,THR,True
3031,ThermoMPNN,WIL_PLA,0.2777361273765564,151,T,N,WIL_PLA,A,152,152,THR,THR,True
3032,ThermoMPNN,WIL_PLA,1.2602338790893557,151,T,P,WIL_PLA,A,152,152,THR,THR,True
3033,ThermoMPNN,WIL_PLA,0.136249303817749,151,T,Q,WIL_PLA,A,152,152,THR,THR,True
3034,ThermoMPNN,WIL_PLA,-0.3124152421951294,151,T,R,WIL_PLA,A,152,152,THR,THR,True
3035,ThermoMPNN,WIL_PLA,0.0435419678688049,151,T,S,WIL_PLA,A,152,152,THR,THR,True
3036,ThermoMPNN,WIL_PLA,0.0,151,T,T,WIL_PLA,A,152,152,THR,THR,True
3037,ThermoMPNN,WIL_PLA,0.0541214942932128,151,T,V,WIL_PLA,A,152,152,THR,THR,True
3038,ThermoMPNN,WIL_PLA,-0.2935025691986084,151,T,W,WIL_PLA,A,152,152,THR,THR,True
3039,ThermoMPNN,WIL_PLA,-0.2781590223312378,151,T,Y,WIL_PLA,A,152,152,THR,THR,True
3040,ThermoMPNN,WIL_PLA,2.39858078956604,152,I,A,WIL_PLA,A,153,153,ILE,ILE,True
3041,ThermoMPNN,WIL_PLA,1.677441120147705,152,I,C,WIL_PLA,A,153,153,ILE,ILE,True
3042,ThermoMPNN,WIL_PLA,3.83712649345398,152,I,D,WIL_PLA,A,153,153,ILE,ILE,True
3043,ThermoMPNN,WIL_PLA,3.428018808364868,152,I,E,WIL_PLA,A,153,153,ILE,ILE,True
3044,ThermoMPNN,WIL_PLA,1.7981328964233398,152,I,F,WIL_PLA,A,153,153,ILE,ILE,True
3045,ThermoMPNN,WIL_PLA,3.5889906883239746,152,I,G,WIL_PLA,A,153,153,ILE,ILE,True
3046,ThermoMPNN,WIL_PLA,2.921207427978516,152,I,H,WIL_PLA,A,153,153,ILE,ILE,True
3047,ThermoMPNN,WIL_PLA,0.0,152,I,I,WIL_PLA,A,153,153,ILE,ILE,True
3048,ThermoMPNN,WIL_PLA,3.0640580654144287,152,I,K,WIL_PLA,A,153,153,ILE,ILE,True
3049,ThermoMPNN,WIL_PLA,0.9764996767044068,152,I,L,WIL_PLA,A,153,153,ILE,ILE,True
3050,ThermoMPNN,WIL_PLA,1.5920958518981934,152,I,M,WIL_PLA,A,153,153,ILE,ILE,True
3051,ThermoMPNN,WIL_PLA,3.5678093433380127,152,I,N,WIL_PLA,A,153,153,ILE,ILE,True
3052,ThermoMPNN,WIL_PLA,3.751863956451416,152,I,P,WIL_PLA,A,153,153,ILE,ILE,True
3053,ThermoMPNN,WIL_PLA,3.1616718769073486,152,I,Q,WIL_PLA,A,153,153,ILE,ILE,True
3054,ThermoMPNN,WIL_PLA,2.99782395362854,152,I,R,WIL_PLA,A,153,153,ILE,ILE,True
3055,ThermoMPNN,WIL_PLA,3.1669435501098637,152,I,S,WIL_PLA,A,153,153,ILE,ILE,True
3056,ThermoMPNN,WIL_PLA,2.3818376064300537,152,I,T,WIL_PLA,A,153,153,ILE,ILE,True
3057,ThermoMPNN,WIL_PLA,0.7086727619171143,152,I,V,WIL_PLA,A,153,153,ILE,ILE,True
3058,ThermoMPNN,WIL_PLA,1.9885623455047607,152,I,W,WIL_PLA,A,153,153,ILE,ILE,True
3059,ThermoMPNN,WIL_PLA,1.9500198364257808,152,I,Y,WIL_PLA,A,153,153,ILE,ILE,True
3060,ThermoMPNN,WIL_PLA,0.4489970207214355,153,T,A,WIL_PLA,A,154,154,THR,THR,True
3061,ThermoMPNN,WIL_PLA,0.1696956157684326,153,T,C,WIL_PLA,A,154,154,THR,THR,True
3062,ThermoMPNN,WIL_PLA,1.81006932258606,153,T,D,WIL_PLA,A,154,154,THR,THR,True
3063,ThermoMPNN,WIL_PLA,1.310185432434082,153,T,E,WIL_PLA,A,154,154,THR,THR,True
3064,ThermoMPNN,WIL_PLA,0.2286638021469116,153,T,F,WIL_PLA,A,154,154,THR,THR,True
3065,ThermoMPNN,WIL_PLA,1.2825883626937866,153,T,G,WIL_PLA,A,154,154,THR,THR,True
3066,ThermoMPNN,WIL_PLA,0.4397981762886047,153,T,H,WIL_PLA,A,154,154,THR,THR,True
3067,ThermoMPNN,WIL_PLA,-0.0992617607116699,153,T,I,WIL_PLA,A,154,154,THR,THR,True
3068,ThermoMPNN,WIL_PLA,-0.0653761625289917,153,T,K,WIL_PLA,A,154,154,THR,THR,True
3069,ThermoMPNN,WIL_PLA,0.0885467529296875,153,T,L,WIL_PLA,A,154,154,THR,THR,True
3070,ThermoMPNN,WIL_PLA,0.0544314384460449,153,T,M,WIL_PLA,A,154,154,THR,THR,True
3071,ThermoMPNN,WIL_PLA,0.7909610271453857,153,T,N,WIL_PLA,A,154,154,THR,THR,True
3072,ThermoMPNN,WIL_PLA,1.7697585821151731,153,T,P,WIL_PLA,A,154,154,THR,THR,True
3073,ThermoMPNN,WIL_PLA,0.5365555286407471,153,T,Q,WIL_PLA,A,154,154,THR,THR,True
3074,ThermoMPNN,WIL_PLA,-0.3800066709518432,153,T,R,WIL_PLA,A,154,154,THR,THR,True
3075,ThermoMPNN,WIL_PLA,0.4641415476799011,153,T,S,WIL_PLA,A,154,154,THR,THR,True
3076,ThermoMPNN,WIL_PLA,0.0,153,T,T,WIL_PLA,A,154,154,THR,THR,True
3077,ThermoMPNN,WIL_PLA,0.0481129884719848,153,T,V,WIL_PLA,A,154,154,THR,THR,True
3078,ThermoMPNN,WIL_PLA,0.25595223903656,153,T,W,WIL_PLA,A,154,154,THR,THR,True
3079,ThermoMPNN,WIL_PLA,0.0907864570617675,153,T,Y,WIL_PLA,A,154,154,THR,THR,True
3080,ThermoMPNN,WIL_PLA,-0.2482311725616455,154,S,A,WIL_PLA,A,155,155,SER,SER,True
3081,ThermoMPNN,WIL_PLA,-0.0538868904113769,154,S,C,WIL_PLA,A,155,155,SER,SER,True
3082,ThermoMPNN,WIL_PLA,0.4946145713329315,154,S,D,WIL_PLA,A,155,155,SER,SER,True
3083,ThermoMPNN,WIL_PLA,0.1552910208702087,154,S,E,WIL_PLA,A,155,155,SER,SER,True
3084,ThermoMPNN,WIL_PLA,0.1974030137062072,154,S,F,WIL_PLA,A,155,155,SER,SER,True
3085,ThermoMPNN,WIL_PLA,0.4372138381004333,154,S,G,WIL_PLA,A,155,155,SER,SER,True
3086,ThermoMPNN,WIL_PLA,0.0950886607170105,154,S,H,WIL_PLA,A,155,155,SER,SER,True
3087,ThermoMPNN,WIL_PLA,0.0155705213546752,154,S,I,WIL_PLA,A,155,155,SER,SER,True
3088,ThermoMPNN,WIL_PLA,-0.1728971004486084,154,S,K,WIL_PLA,A,155,155,SER,SER,True
3089,ThermoMPNN,WIL_PLA,0.0842502117156982,154,S,L,WIL_PLA,A,155,155,SER,SER,True
3090,ThermoMPNN,WIL_PLA,0.0047648549079895,154,S,M,WIL_PLA,A,155,155,SER,SER,True
3091,ThermoMPNN,WIL_PLA,0.2683059573173523,154,S,N,WIL_PLA,A,155,155,SER,SER,True
3092,ThermoMPNN,WIL_PLA,1.7397024631500244,154,S,P,WIL_PLA,A,155,155,SER,SER,True
3093,ThermoMPNN,WIL_PLA,-0.0215665698051452,154,S,Q,WIL_PLA,A,155,155,SER,SER,True
3094,ThermoMPNN,WIL_PLA,-0.2701278924942016,154,S,R,WIL_PLA,A,155,155,SER,SER,True
3095,ThermoMPNN,WIL_PLA,0.0,154,S,S,WIL_PLA,A,155,155,SER,SER,True
3096,ThermoMPNN,WIL_PLA,0.1322314143180847,154,S,T,WIL_PLA,A,155,155,SER,SER,True
3097,ThermoMPNN,WIL_PLA,0.1572988033294677,154,S,V,WIL_PLA,A,155,155,SER,SER,True
3098,ThermoMPNN,WIL_PLA,0.0790347456932067,154,S,W,WIL_PLA,A,155,155,SER,SER,True
3099,ThermoMPNN,WIL_PLA,0.0736557841300964,154,S,Y,WIL_PLA,A,155,155,SER,SER,True
3100,ThermoMPNN,WIL_PLA,0.5410761833190918,155,K,A,WIL_PLA,A,156,156,LYS,LYS,True
3101,ThermoMPNN,WIL_PLA,0.370119571685791,155,K,C,WIL_PLA,A,156,156,LYS,LYS,True
3102,ThermoMPNN,WIL_PLA,2.073615074157715,155,K,D,WIL_PLA,A,156,156,LYS,LYS,True
3103,ThermoMPNN,WIL_PLA,1.5684950351715088,155,K,E,WIL_PLA,A,156,156,LYS,LYS,True
3104,ThermoMPNN,WIL_PLA,0.5786747336387634,155,K,F,WIL_PLA,A,156,156,LYS,LYS,True
3105,ThermoMPNN,WIL_PLA,1.8181171417236328,155,K,G,WIL_PLA,A,156,156,LYS,LYS,True
3106,ThermoMPNN,WIL_PLA,0.745429515838623,155,K,H,WIL_PLA,A,156,156,LYS,LYS,True
3107,ThermoMPNN,WIL_PLA,-0.199966549873352,155,K,I,WIL_PLA,A,156,156,LYS,LYS,True
3108,ThermoMPNN,WIL_PLA,0.0,155,K,K,WIL_PLA,A,156,156,LYS,LYS,True
3109,ThermoMPNN,WIL_PLA,0.2646769285202026,155,K,L,WIL_PLA,A,156,156,LYS,LYS,True
3110,ThermoMPNN,WIL_PLA,0.1930934190750122,155,K,M,WIL_PLA,A,156,156,LYS,LYS,True
3111,ThermoMPNN,WIL_PLA,1.0749051570892334,155,K,N,WIL_PLA,A,156,156,LYS,LYS,True
3112,ThermoMPNN,WIL_PLA,2.785222053527832,155,K,P,WIL_PLA,A,156,156,LYS,LYS,True
3113,ThermoMPNN,WIL_PLA,0.5705647468566895,155,K,Q,WIL_PLA,A,156,156,LYS,LYS,True
3114,ThermoMPNN,WIL_PLA,-0.1618411540985107,155,K,R,WIL_PLA,A,156,156,LYS,LYS,True
3115,ThermoMPNN,WIL_PLA,0.6448994278907776,155,K,S,WIL_PLA,A,156,156,LYS,LYS,True
3116,ThermoMPNN,WIL_PLA,0.2051185369491577,155,K,T,WIL_PLA,A,156,156,LYS,LYS,True
3117,ThermoMPNN,WIL_PLA,0.0093570947647094,155,K,V,WIL_PLA,A,156,156,LYS,LYS,True
3118,ThermoMPNN,WIL_PLA,0.7453861832618713,155,K,W,WIL_PLA,A,156,156,LYS,LYS,True
3119,ThermoMPNN,WIL_PLA,0.5099265575408936,155,K,Y,WIL_PLA,A,156,156,LYS,LYS,True
3120,ThermoMPNN,WIL_PLA,2.0264816284179688,156,V,A,WIL_PLA,A,157,157,VAL,VAL,True
3121,ThermoMPNN,WIL_PLA,1.211715817451477,156,V,C,WIL_PLA,A,157,157,VAL,VAL,True
3122,ThermoMPNN,WIL_PLA,3.358949661254883,156,V,D,WIL_PLA,A,157,157,VAL,VAL,True
3123,ThermoMPNN,WIL_PLA,3.060898542404175,156,V,E,WIL_PLA,A,157,157,VAL,VAL,True
3124,ThermoMPNN,WIL_PLA,1.300053358078003,156,V,F,WIL_PLA,A,157,157,VAL,VAL,True
3125,ThermoMPNN,WIL_PLA,2.859195709228516,156,V,G,WIL_PLA,A,157,157,VAL,VAL,True
3126,ThermoMPNN,WIL_PLA,2.851153612136841,156,V,H,WIL_PLA,A,157,157,VAL,VAL,True
3127,ThermoMPNN,WIL_PLA,-0.2921426296234131,156,V,I,WIL_PLA,A,157,157,VAL,VAL,True
3128,ThermoMPNN,WIL_PLA,2.879220962524414,156,V,K,WIL_PLA,A,157,157,VAL,VAL,True
3129,ThermoMPNN,WIL_PLA,0.1975290775299072,156,V,L,WIL_PLA,A,157,157,VAL,VAL,True
3130,ThermoMPNN,WIL_PLA,1.0155411958694458,156,V,M,WIL_PLA,A,157,157,VAL,VAL,True
3131,ThermoMPNN,WIL_PLA,3.154106378555298,156,V,N,WIL_PLA,A,157,157,VAL,VAL,True
3132,ThermoMPNN,WIL_PLA,2.968705892562866,156,V,P,WIL_PLA,A,157,157,VAL,VAL,True
3133,ThermoMPNN,WIL_PLA,2.9925122261047363,156,V,Q,WIL_PLA,A,157,157,VAL,VAL,True
3134,ThermoMPNN,WIL_PLA,2.7463619709014893,156,V,R,WIL_PLA,A,157,157,VAL,VAL,True
3135,ThermoMPNN,WIL_PLA,2.898566007614136,156,V,S,WIL_PLA,A,157,157,VAL,VAL,True
3136,ThermoMPNN,WIL_PLA,2.0982205867767334,156,V,T,WIL_PLA,A,157,157,VAL,VAL,True
3137,ThermoMPNN,WIL_PLA,0.0,156,V,V,WIL_PLA,A,157,157,VAL,VAL,True
3138,ThermoMPNN,WIL_PLA,1.7473716735839844,156,V,W,WIL_PLA,A,157,157,VAL,VAL,True
3139,ThermoMPNN,WIL_PLA,1.826671123504639,156,V,Y,WIL_PLA,A,157,157,VAL,VAL,True
3140,ThermoMPNN,WIL_PLA,-0.4185280799865722,157,E,A,WIL_PLA,A,158,158,GLU,GLU,True
3141,ThermoMPNN,WIL_PLA,-0.3290632963180542,157,E,C,WIL_PLA,A,158,158,GLU,GLU,True
3142,ThermoMPNN,WIL_PLA,0.4187114536762237,157,E,D,WIL_PLA,A,158,158,GLU,GLU,True
3143,ThermoMPNN,WIL_PLA,0.0,157,E,E,WIL_PLA,A,158,158,GLU,GLU,True
3144,ThermoMPNN,WIL_PLA,-0.1165904998779296,157,E,F,WIL_PLA,A,158,158,GLU,GLU,True
3145,ThermoMPNN,WIL_PLA,0.3328484296798706,157,E,G,WIL_PLA,A,158,158,GLU,GLU,True
3146,ThermoMPNN,WIL_PLA,-0.1299696564674377,157,E,H,WIL_PLA,A,158,158,GLU,GLU,True
3147,ThermoMPNN,WIL_PLA,-0.3622440099716186,157,E,I,WIL_PLA,A,158,158,GLU,GLU,True
3148,ThermoMPNN,WIL_PLA,-0.3756241798400879,157,E,K,WIL_PLA,A,158,158,GLU,GLU,True
3149,ThermoMPNN,WIL_PLA,-0.2179526090621948,157,E,L,WIL_PLA,A,158,158,GLU,GLU,True
3150,ThermoMPNN,WIL_PLA,-0.3345551490783691,157,E,M,WIL_PLA,A,158,158,GLU,GLU,True
3151,ThermoMPNN,WIL_PLA,0.0946191549301147,157,E,N,WIL_PLA,A,158,158,GLU,GLU,True
3152,ThermoMPNN,WIL_PLA,2.1609606742858887,157,E,P,WIL_PLA,A,158,158,GLU,GLU,True
3153,ThermoMPNN,WIL_PLA,-0.3380711078643799,157,E,Q,WIL_PLA,A,158,158,GLU,GLU,True
3154,ThermoMPNN,WIL_PLA,-0.4572021961212158,157,E,R,WIL_PLA,A,158,158,GLU,GLU,True
3155,ThermoMPNN,WIL_PLA,-0.1376797556877136,157,E,S,WIL_PLA,A,158,158,GLU,GLU,True
3156,ThermoMPNN,WIL_PLA,-0.1623071432113647,157,E,T,WIL_PLA,A,158,158,GLU,GLU,True
3157,ThermoMPNN,WIL_PLA,-0.2223339080810547,157,E,V,WIL_PLA,A,158,158,GLU,GLU,True
3158,ThermoMPNN,WIL_PLA,-0.1600865125656128,157,E,W,WIL_PLA,A,158,158,GLU,GLU,True
3159,ThermoMPNN,WIL_PLA,-0.2289271354675293,157,E,Y,WIL_PLA,A,158,158,GLU,GLU,True
3160,ThermoMPNN,WIL_PLA,0.0,158,A,A,WIL_PLA,A,159,159,ALA,ALA,True
3161,ThermoMPNN,WIL_PLA,-0.0069977641105651,158,A,C,WIL_PLA,A,159,159,ALA,ALA,True
3162,ThermoMPNN,WIL_PLA,0.3649091124534607,158,A,D,WIL_PLA,A,159,159,ALA,ALA,True
3163,ThermoMPNN,WIL_PLA,0.0766608715057373,158,A,E,WIL_PLA,A,159,159,ALA,ALA,True
3164,ThermoMPNN,WIL_PLA,0.1947734355926513,158,A,F,WIL_PLA,A,159,159,ALA,ALA,True
3165,ThermoMPNN,WIL_PLA,0.6560426950454712,158,A,G,WIL_PLA,A,159,159,ALA,ALA,True
3166,ThermoMPNN,WIL_PLA,0.1525948643684387,158,A,H,WIL_PLA,A,159,159,ALA,ALA,True
3167,ThermoMPNN,WIL_PLA,0.0584458112716674,158,A,I,WIL_PLA,A,159,159,ALA,ALA,True
3168,ThermoMPNN,WIL_PLA,0.0419219732284545,158,A,K,WIL_PLA,A,159,159,ALA,ALA,True
3169,ThermoMPNN,WIL_PLA,0.0305700302124023,158,A,L,WIL_PLA,A,159,159,ALA,ALA,True
3170,ThermoMPNN,WIL_PLA,0.0207465291023254,158,A,M,WIL_PLA,A,159,159,ALA,ALA,True
3171,ThermoMPNN,WIL_PLA,0.2925194501876831,158,A,N,WIL_PLA,A,159,159,ALA,ALA,True
3172,ThermoMPNN,WIL_PLA,1.936880111694336,158,A,P,WIL_PLA,A,159,159,ALA,ALA,True
3173,ThermoMPNN,WIL_PLA,-0.0150706768035888,158,A,Q,WIL_PLA,A,159,159,ALA,ALA,True
3174,ThermoMPNN,WIL_PLA,-0.0134838223457336,158,A,R,WIL_PLA,A,159,159,ALA,ALA,True
3175,ThermoMPNN,WIL_PLA,0.1409730315208435,158,A,S,WIL_PLA,A,159,159,ALA,ALA,True
3176,ThermoMPNN,WIL_PLA,0.0832390785217285,158,A,T,WIL_PLA,A,159,159,ALA,ALA,True
3177,ThermoMPNN,WIL_PLA,0.0964360833168029,158,A,V,WIL_PLA,A,159,159,ALA,ALA,True
3178,ThermoMPNN,WIL_PLA,0.0462006330490112,158,A,W,WIL_PLA,A,159,159,ALA,ALA,True
3179,ThermoMPNN,WIL_PLA,0.076579213142395,158,A,Y,WIL_PLA,A,159,159,ALA,ALA,True
3180,ThermoMPNN,WIL_PLA,0.0,159,A,A,WIL_PLA,A,160,160,ALA,ALA,True
3181,ThermoMPNN,WIL_PLA,0.2404099702835083,159,A,C,WIL_PLA,A,160,160,ALA,ALA,True
3182,ThermoMPNN,WIL_PLA,2.0930838584899902,159,A,D,WIL_PLA,A,160,160,ALA,ALA,True
3183,ThermoMPNN,WIL_PLA,1.577189326286316,159,A,E,WIL_PLA,A,160,160,ALA,ALA,True
3184,ThermoMPNN,WIL_PLA,0.1642128229141235,159,A,F,WIL_PLA,A,160,160,ALA,ALA,True
3185,ThermoMPNN,WIL_PLA,1.8710579872131348,159,A,G,WIL_PLA,A,160,160,ALA,ALA,True
3186,ThermoMPNN,WIL_PLA,1.1764202117919922,159,A,H,WIL_PLA,A,160,160,ALA,ALA,True
3187,ThermoMPNN,WIL_PLA,0.1461732387542724,159,A,I,WIL_PLA,A,160,160,ALA,ALA,True
3188,ThermoMPNN,WIL_PLA,1.607039213180542,159,A,K,WIL_PLA,A,160,160,ALA,ALA,True
3189,ThermoMPNN,WIL_PLA,0.0002064704895019,159,A,L,WIL_PLA,A,160,160,ALA,ALA,True
3190,ThermoMPNN,WIL_PLA,0.0931471586227417,159,A,M,WIL_PLA,A,160,160,ALA,ALA,True
3191,ThermoMPNN,WIL_PLA,1.6816551685333252,159,A,N,WIL_PLA,A,160,160,ALA,ALA,True
3192,ThermoMPNN,WIL_PLA,2.409397840499878,159,A,P,WIL_PLA,A,160,160,ALA,ALA,True
3193,ThermoMPNN,WIL_PLA,1.3864151239395142,159,A,Q,WIL_PLA,A,160,160,ALA,ALA,True
3194,ThermoMPNN,WIL_PLA,1.484469294548035,159,A,R,WIL_PLA,A,160,160,ALA,ALA,True
3195,ThermoMPNN,WIL_PLA,1.0217771530151367,159,A,S,WIL_PLA,A,160,160,ALA,ALA,True
3196,ThermoMPNN,WIL_PLA,0.8558182716369629,159,A,T,WIL_PLA,A,160,160,ALA,ALA,True
3197,ThermoMPNN,WIL_PLA,0.2693402767181396,159,A,V,WIL_PLA,A,160,160,ALA,ALA,True
3198,ThermoMPNN,WIL_PLA,0.2972059249877929,159,A,W,WIL_PLA,A,160,160,ALA,ALA,True
3199,ThermoMPNN,WIL_PLA,0.2219337224960327,159,A,Y,WIL_PLA,A,160,160,ALA,ALA,True
3200,ThermoMPNN,WIL_PLA,0.9168938398361206,160,V,A,WIL_PLA,A,161,161,VAL,VAL,True
3201,ThermoMPNN,WIL_PLA,0.2819124460220337,160,V,C,WIL_PLA,A,161,161,VAL,VAL,True
3202,ThermoMPNN,WIL_PLA,2.34060001373291,160,V,D,WIL_PLA,A,161,161,VAL,VAL,True
3203,ThermoMPNN,WIL_PLA,1.802140951156616,160,V,E,WIL_PLA,A,161,161,VAL,VAL,True
3204,ThermoMPNN,WIL_PLA,0.6703258156776428,160,V,F,WIL_PLA,A,161,161,VAL,VAL,True
3205,ThermoMPNN,WIL_PLA,1.6560754776000977,160,V,G,WIL_PLA,A,161,161,VAL,VAL,True
3206,ThermoMPNN,WIL_PLA,1.0267744064331057,160,V,H,WIL_PLA,A,161,161,VAL,VAL,True
3207,ThermoMPNN,WIL_PLA,-0.059654951095581,160,V,I,WIL_PLA,A,161,161,VAL,VAL,True
3208,ThermoMPNN,WIL_PLA,0.3859399557113647,160,V,K,WIL_PLA,A,161,161,VAL,VAL,True
3209,ThermoMPNN,WIL_PLA,0.0598478317260742,160,V,L,WIL_PLA,A,161,161,VAL,VAL,True
3210,ThermoMPNN,WIL_PLA,0.2064871788024902,160,V,M,WIL_PLA,A,161,161,VAL,VAL,True
3211,ThermoMPNN,WIL_PLA,1.3876023292541504,160,V,N,WIL_PLA,A,161,161,VAL,VAL,True
3212,ThermoMPNN,WIL_PLA,2.172743320465088,160,V,P,WIL_PLA,A,161,161,VAL,VAL,True
3213,ThermoMPNN,WIL_PLA,0.9582427144050598,160,V,Q,WIL_PLA,A,161,161,VAL,VAL,True
3214,ThermoMPNN,WIL_PLA,0.1941416263580322,160,V,R,WIL_PLA,A,161,161,VAL,VAL,True
3215,ThermoMPNN,WIL_PLA,1.140541434288025,160,V,S,WIL_PLA,A,161,161,VAL,VAL,True
3216,ThermoMPNN,WIL_PLA,0.7606251835823059,160,V,T,WIL_PLA,A,161,161,VAL,VAL,True
3217,ThermoMPNN,WIL_PLA,0.0,160,V,V,WIL_PLA,A,161,161,VAL,VAL,True
3218,ThermoMPNN,WIL_PLA,0.6639962196350098,160,V,W,WIL_PLA,A,161,161,VAL,VAL,True
3219,ThermoMPNN,WIL_PLA,0.6617421507835388,160,V,Y,WIL_PLA,A,161,161,VAL,VAL,True
3220,ThermoMPNN,WIL_PLA,-0.2035440802574157,161,S,A,WIL_PLA,A,162,162,SER,SER,True
3221,ThermoMPNN,WIL_PLA,-0.0947619080543518,161,S,C,WIL_PLA,A,162,162,SER,SER,True
3222,ThermoMPNN,WIL_PLA,0.3650451302528381,161,S,D,WIL_PLA,A,162,162,SER,SER,True
3223,ThermoMPNN,WIL_PLA,0.0839768052101135,161,S,E,WIL_PLA,A,162,162,SER,SER,True
3224,ThermoMPNN,WIL_PLA,0.0665535330772399,161,S,F,WIL_PLA,A,162,162,SER,SER,True
3225,ThermoMPNN,WIL_PLA,0.4712161719799042,161,S,G,WIL_PLA,A,162,162,SER,SER,True
3226,ThermoMPNN,WIL_PLA,0.0160226821899414,161,S,H,WIL_PLA,A,162,162,SER,SER,True
3227,ThermoMPNN,WIL_PLA,-0.1242868900299072,161,S,I,WIL_PLA,A,162,162,SER,SER,True
3228,ThermoMPNN,WIL_PLA,-0.2928869128227234,161,S,K,WIL_PLA,A,162,162,SER,SER,True
3229,ThermoMPNN,WIL_PLA,-0.0831940770149231,161,S,L,WIL_PLA,A,162,162,SER,SER,True
3230,ThermoMPNN,WIL_PLA,-0.1052821278572082,161,S,M,WIL_PLA,A,162,162,SER,SER,True
3231,ThermoMPNN,WIL_PLA,0.0612744092941284,161,S,N,WIL_PLA,A,162,162,SER,SER,True
3232,ThermoMPNN,WIL_PLA,1.9766783714294436,161,S,P,WIL_PLA,A,162,162,SER,SER,True
3233,ThermoMPNN,WIL_PLA,-0.1396582722663879,161,S,Q,WIL_PLA,A,162,162,SER,SER,True
3234,ThermoMPNN,WIL_PLA,-0.4035215973854065,161,S,R,WIL_PLA,A,162,162,SER,SER,True
3235,ThermoMPNN,WIL_PLA,0.0,161,S,S,WIL_PLA,A,162,162,SER,SER,True
3236,ThermoMPNN,WIL_PLA,0.008596658706665,161,S,T,WIL_PLA,A,162,162,SER,SER,True
3237,ThermoMPNN,WIL_PLA,0.0095166563987731,161,S,V,WIL_PLA,A,162,162,SER,SER,True
3238,ThermoMPNN,WIL_PLA,0.0463516116142272,161,S,W,WIL_PLA,A,162,162,SER,SER,True
3239,ThermoMPNN,WIL_PLA,-0.0163629055023193,161,S,Y,WIL_PLA,A,162,162,SER,SER,True
3240,ThermoMPNN,WIL_PLA,-0.2723634243011474,162,S,A,WIL_PLA,A,163,163,SER,SER,True
3241,ThermoMPNN,WIL_PLA,-0.0458934903144836,162,S,C,WIL_PLA,A,163,163,SER,SER,True
3242,ThermoMPNN,WIL_PLA,0.4770817160606384,162,S,D,WIL_PLA,A,163,163,SER,SER,True
3243,ThermoMPNN,WIL_PLA,0.1250199079513549,162,S,E,WIL_PLA,A,163,163,SER,SER,True
3244,ThermoMPNN,WIL_PLA,0.2192704081535339,162,S,F,WIL_PLA,A,163,163,SER,SER,True
3245,ThermoMPNN,WIL_PLA,0.5558968782424927,162,S,G,WIL_PLA,A,163,163,SER,SER,True
3246,ThermoMPNN,WIL_PLA,0.0797657966613769,162,S,H,WIL_PLA,A,163,163,SER,SER,True
3247,ThermoMPNN,WIL_PLA,-0.0066681504249572,162,S,I,WIL_PLA,A,163,163,SER,SER,True
3248,ThermoMPNN,WIL_PLA,-0.2868359088897705,162,S,K,WIL_PLA,A,163,163,SER,SER,True
3249,ThermoMPNN,WIL_PLA,-0.0522804260253906,162,S,L,WIL_PLA,A,163,163,SER,SER,True
3250,ThermoMPNN,WIL_PLA,-0.1209592819213867,162,S,M,WIL_PLA,A,163,163,SER,SER,True
3251,ThermoMPNN,WIL_PLA,0.1623499989509582,162,S,N,WIL_PLA,A,163,163,SER,SER,True
3252,ThermoMPNN,WIL_PLA,2.170326471328736,162,S,P,WIL_PLA,A,163,163,SER,SER,True
3253,ThermoMPNN,WIL_PLA,-0.1788574457168579,162,S,Q,WIL_PLA,A,163,163,SER,SER,True
3254,ThermoMPNN,WIL_PLA,-0.3290115594863891,162,S,R,WIL_PLA,A,163,163,SER,SER,True
3255,ThermoMPNN,WIL_PLA,0.0,162,S,S,WIL_PLA,A,163,163,SER,SER,True
3256,ThermoMPNN,WIL_PLA,0.1267532706260681,162,S,T,WIL_PLA,A,163,163,SER,SER,True
3257,ThermoMPNN,WIL_PLA,0.1804255843162536,162,S,V,WIL_PLA,A,163,163,SER,SER,True
3258,ThermoMPNN,WIL_PLA,0.1224450469017028,162,S,W,WIL_PLA,A,163,163,SER,SER,True
3259,ThermoMPNN,WIL_PLA,0.1180379390716552,162,S,Y,WIL_PLA,A,163,163,SER,SER,True
3260,ThermoMPNN,WIL_PLA,1.3834962844848633,163,Y,A,WIL_PLA,A,164,164,TYR,TYR,True
3261,ThermoMPNN,WIL_PLA,0.5531587600708008,163,Y,C,WIL_PLA,A,164,164,TYR,TYR,True
3262,ThermoMPNN,WIL_PLA,2.1397573947906494,163,Y,D,WIL_PLA,A,164,164,TYR,TYR,True
3263,ThermoMPNN,WIL_PLA,2.015817403793335,163,Y,E,WIL_PLA,A,164,164,TYR,TYR,True
3264,ThermoMPNN,WIL_PLA,0.2138706445693969,163,Y,F,WIL_PLA,A,164,164,TYR,TYR,True
3265,ThermoMPNN,WIL_PLA,1.8538917303085327,163,Y,G,WIL_PLA,A,164,164,TYR,TYR,True
3266,ThermoMPNN,WIL_PLA,0.4671376943588257,163,Y,H,WIL_PLA,A,164,164,TYR,TYR,True
3267,ThermoMPNN,WIL_PLA,1.5089375972747805,163,Y,I,WIL_PLA,A,164,164,TYR,TYR,True
3268,ThermoMPNN,WIL_PLA,1.1164512634277344,163,Y,K,WIL_PLA,A,164,164,TYR,TYR,True
3269,ThermoMPNN,WIL_PLA,1.0979933738708496,163,Y,L,WIL_PLA,A,164,164,TYR,TYR,True
3270,ThermoMPNN,WIL_PLA,1.222702980041504,163,Y,M,WIL_PLA,A,164,164,TYR,TYR,True
3271,ThermoMPNN,WIL_PLA,1.0243148803710938,163,Y,N,WIL_PLA,A,164,164,TYR,TYR,True
3272,ThermoMPNN,WIL_PLA,2.7386362552642822,163,Y,P,WIL_PLA,A,164,164,TYR,TYR,True
3273,ThermoMPNN,WIL_PLA,1.4196945428848269,163,Y,Q,WIL_PLA,A,164,164,TYR,TYR,True
3274,ThermoMPNN,WIL_PLA,0.9181366562843324,163,Y,R,WIL_PLA,A,164,164,TYR,TYR,True
3275,ThermoMPNN,WIL_PLA,1.4581618309020996,163,Y,S,WIL_PLA,A,164,164,TYR,TYR,True
3276,ThermoMPNN,WIL_PLA,1.4743942022323608,163,Y,T,WIL_PLA,A,164,164,TYR,TYR,True
3277,ThermoMPNN,WIL_PLA,1.339003562927246,163,Y,V,WIL_PLA,A,164,164,TYR,TYR,True
3278,ThermoMPNN,WIL_PLA,0.283557653427124,163,Y,W,WIL_PLA,A,164,164,TYR,TYR,True
3279,ThermoMPNN,WIL_PLA,0.0,163,Y,Y,WIL_PLA,A,164,164,TYR,TYR,True
3280,ThermoMPNN,WIL_PLA,0.5907479524612427,164,P,A,WIL_PLA,A,165,165,PRO,PRO,True
3281,ThermoMPNN,WIL_PLA,0.373161256313324,164,P,C,WIL_PLA,A,165,165,PRO,PRO,True
3282,ThermoMPNN,WIL_PLA,1.3185465335845947,164,P,D,WIL_PLA,A,165,165,PRO,PRO,True
3283,ThermoMPNN,WIL_PLA,1.118870496749878,164,P,E,WIL_PLA,A,165,165,PRO,PRO,True
3284,ThermoMPNN,WIL_PLA,0.804058313369751,164,P,F,WIL_PLA,A,165,165,PRO,PRO,True
3285,ThermoMPNN,WIL_PLA,0.7254394888877869,164,P,G,WIL_PLA,A,165,165,PRO,PRO,True
3286,ThermoMPNN,WIL_PLA,0.9723573923110962,164,P,H,WIL_PLA,A,165,165,PRO,PRO,True
3287,ThermoMPNN,WIL_PLA,0.5167174339294434,164,P,I,WIL_PLA,A,165,165,PRO,PRO,True
3288,ThermoMPNN,WIL_PLA,0.5902299284934998,164,P,K,WIL_PLA,A,165,165,PRO,PRO,True
3289,ThermoMPNN,WIL_PLA,0.697441041469574,164,P,L,WIL_PLA,A,165,165,PRO,PRO,True
3290,ThermoMPNN,WIL_PLA,0.6712849736213684,164,P,M,WIL_PLA,A,165,165,PRO,PRO,True
3291,ThermoMPNN,WIL_PLA,0.9891014099121094,164,P,N,WIL_PLA,A,165,165,PRO,PRO,True
3292,ThermoMPNN,WIL_PLA,0.0,164,P,P,WIL_PLA,A,165,165,PRO,PRO,True
3293,ThermoMPNN,WIL_PLA,0.8042383193969727,164,P,Q,WIL_PLA,A,165,165,PRO,PRO,True
3294,ThermoMPNN,WIL_PLA,0.7072324156761169,164,P,R,WIL_PLA,A,165,165,PRO,PRO,True
3295,ThermoMPNN,WIL_PLA,0.7021740674972534,164,P,S,WIL_PLA,A,165,165,PRO,PRO,True
3296,ThermoMPNN,WIL_PLA,0.5954092144966125,164,P,T,WIL_PLA,A,165,165,PRO,PRO,True
3297,ThermoMPNN,WIL_PLA,0.4487056136131286,164,P,V,WIL_PLA,A,165,165,PRO,PRO,True
3298,ThermoMPNN,WIL_PLA,0.7895268797874451,164,P,W,WIL_PLA,A,165,165,PRO,PRO,True
3299,ThermoMPNN,WIL_PLA,0.8482040166854858,164,P,Y,WIL_PLA,A,165,165,PRO,PRO,True
3300,ThermoMPNN,WIL_PLA,-0.402560144662857,165,D,A,WIL_PLA,A,166,166,ASP,ASP,True
3301,ThermoMPNN,WIL_PLA,-0.5734356641769409,165,D,C,WIL_PLA,A,166,166,ASP,ASP,True
3302,ThermoMPNN,WIL_PLA,0.0,165,D,D,WIL_PLA,A,166,166,ASP,ASP,True
3303,ThermoMPNN,WIL_PLA,-0.1514500677585601,165,D,E,WIL_PLA,A,166,166,ASP,ASP,True
3304,ThermoMPNN,WIL_PLA,-0.4203143417835235,165,D,F,WIL_PLA,A,166,166,ASP,ASP,True
3305,ThermoMPNN,WIL_PLA,-0.2119713723659515,165,D,G,WIL_PLA,A,166,166,ASP,ASP,True
3306,ThermoMPNN,WIL_PLA,-0.4390754401683807,165,D,H,WIL_PLA,A,166,166,ASP,ASP,True
3307,ThermoMPNN,WIL_PLA,-0.0783950388431549,165,D,I,WIL_PLA,A,166,166,ASP,ASP,True
3308,ThermoMPNN,WIL_PLA,-0.3853192627429962,165,D,K,WIL_PLA,A,166,166,ASP,ASP,True
3309,ThermoMPNN,WIL_PLA,-0.2815115749835968,165,D,L,WIL_PLA,A,166,166,ASP,ASP,True
3310,ThermoMPNN,WIL_PLA,-0.2572073638439178,165,D,M,WIL_PLA,A,166,166,ASP,ASP,True
3311,ThermoMPNN,WIL_PLA,-0.3537014424800873,165,D,N,WIL_PLA,A,166,166,ASP,ASP,True
3312,ThermoMPNN,WIL_PLA,0.6301706433296204,165,D,P,WIL_PLA,A,166,166,ASP,ASP,True
3313,ThermoMPNN,WIL_PLA,-0.2717187702655792,165,D,Q,WIL_PLA,A,166,166,ASP,ASP,True
3314,ThermoMPNN,WIL_PLA,-0.369505912065506,165,D,R,WIL_PLA,A,166,166,ASP,ASP,True
3315,ThermoMPNN,WIL_PLA,-0.3629617989063263,165,D,S,WIL_PLA,A,166,166,ASP,ASP,True
3316,ThermoMPNN,WIL_PLA,-0.4339829981327057,165,D,T,WIL_PLA,A,166,166,ASP,ASP,True
3317,ThermoMPNN,WIL_PLA,-0.1140796244144439,165,D,V,WIL_PLA,A,166,166,ASP,ASP,True
3318,ThermoMPNN,WIL_PLA,-0.4488888084888458,165,D,W,WIL_PLA,A,166,166,ASP,ASP,True
3319,ThermoMPNN,WIL_PLA,-0.5246241092681885,165,D,Y,WIL_PLA,A,166,166,ASP,ASP,True
3320,ThermoMPNN,WIL_PLA,1.153921365737915,166,Y,A,WIL_PLA,A,167,167,TYR,TYR,True
3321,ThermoMPNN,WIL_PLA,1.0157501697540283,166,Y,C,WIL_PLA,A,167,167,TYR,TYR,True
3322,ThermoMPNN,WIL_PLA,3.105794668197632,166,Y,D,WIL_PLA,A,167,167,TYR,TYR,True
3323,ThermoMPNN,WIL_PLA,3.074397563934326,166,Y,E,WIL_PLA,A,167,167,TYR,TYR,True
3324,ThermoMPNN,WIL_PLA,0.3164491653442383,166,Y,F,WIL_PLA,A,167,167,TYR,TYR,True
3325,ThermoMPNN,WIL_PLA,2.2399561405181885,166,Y,G,WIL_PLA,A,167,167,TYR,TYR,True
3326,ThermoMPNN,WIL_PLA,1.1513789892196655,166,Y,H,WIL_PLA,A,167,167,TYR,TYR,True
3327,ThermoMPNN,WIL_PLA,1.4608638286590576,166,Y,I,WIL_PLA,A,167,167,TYR,TYR,True
3328,ThermoMPNN,WIL_PLA,1.650876760482788,166,Y,K,WIL_PLA,A,167,167,TYR,TYR,True
3329,ThermoMPNN,WIL_PLA,0.8116295337677002,166,Y,L,WIL_PLA,A,167,167,TYR,TYR,True
3330,ThermoMPNN,WIL_PLA,0.9165246486663818,166,Y,M,WIL_PLA,A,167,167,TYR,TYR,True
3331,ThermoMPNN,WIL_PLA,2.060063600540161,166,Y,N,WIL_PLA,A,167,167,TYR,TYR,True
3332,ThermoMPNN,WIL_PLA,3.0794386863708496,166,Y,P,WIL_PLA,A,167,167,TYR,TYR,True
3333,ThermoMPNN,WIL_PLA,2.095270872116089,166,Y,Q,WIL_PLA,A,167,167,TYR,TYR,True
3334,ThermoMPNN,WIL_PLA,1.2129101753234863,166,Y,R,WIL_PLA,A,167,167,TYR,TYR,True
3335,ThermoMPNN,WIL_PLA,1.9710239171981807,166,Y,S,WIL_PLA,A,167,167,TYR,TYR,True
3336,ThermoMPNN,WIL_PLA,2.142816066741944,166,Y,T,WIL_PLA,A,167,167,TYR,TYR,True
3337,ThermoMPNN,WIL_PLA,1.6685363054275513,166,Y,V,WIL_PLA,A,167,167,TYR,TYR,True
3338,ThermoMPNN,WIL_PLA,0.6740051507949829,166,Y,W,WIL_PLA,A,167,167,TYR,TYR,True
3339,ThermoMPNN,WIL_PLA,0.0,166,Y,Y,WIL_PLA,A,167,167,TYR,TYR,True
3340,ThermoMPNN,WIL_PLA,0.5701342821121216,167,T,A,WIL_PLA,A,168,168,THR,THR,True
3341,ThermoMPNN,WIL_PLA,0.3641412854194641,167,T,C,WIL_PLA,A,168,168,THR,THR,True
3342,ThermoMPNN,WIL_PLA,1.5448569059371948,167,T,D,WIL_PLA,A,168,168,THR,THR,True
3343,ThermoMPNN,WIL_PLA,1.1655824184417725,167,T,E,WIL_PLA,A,168,168,THR,THR,True
3344,ThermoMPNN,WIL_PLA,0.6227972507476807,167,T,F,WIL_PLA,A,168,168,THR,THR,True
3345,ThermoMPNN,WIL_PLA,1.095189332962036,167,T,G,WIL_PLA,A,168,168,THR,THR,True
3346,ThermoMPNN,WIL_PLA,0.5206758379936218,167,T,H,WIL_PLA,A,168,168,THR,THR,True
3347,ThermoMPNN,WIL_PLA,0.1270705461502075,167,T,I,WIL_PLA,A,168,168,THR,THR,True
3348,ThermoMPNN,WIL_PLA,-0.1308491230010986,167,T,K,WIL_PLA,A,168,168,THR,THR,True
3349,ThermoMPNN,WIL_PLA,0.627692699432373,167,T,L,WIL_PLA,A,168,168,THR,THR,True
3350,ThermoMPNN,WIL_PLA,0.4387485384941101,167,T,M,WIL_PLA,A,168,168,THR,THR,True
3351,ThermoMPNN,WIL_PLA,0.6665177345275879,167,T,N,WIL_PLA,A,168,168,THR,THR,True
3352,ThermoMPNN,WIL_PLA,1.8810880184173584,167,T,P,WIL_PLA,A,168,168,THR,THR,True
3353,ThermoMPNN,WIL_PLA,0.534034013748169,167,T,Q,WIL_PLA,A,168,168,THR,THR,True
3354,ThermoMPNN,WIL_PLA,-0.4132094383239746,167,T,R,WIL_PLA,A,168,168,THR,THR,True
3355,ThermoMPNN,WIL_PLA,0.3312737941741943,167,T,S,WIL_PLA,A,168,168,THR,THR,True
3356,ThermoMPNN,WIL_PLA,0.0,167,T,T,WIL_PLA,A,168,168,THR,THR,True
3357,ThermoMPNN,WIL_PLA,0.3331544995307922,167,T,V,WIL_PLA,A,168,168,THR,THR,True
3358,ThermoMPNN,WIL_PLA,0.856906533241272,167,T,W,WIL_PLA,A,168,168,THR,THR,True
3359,ThermoMPNN,WIL_PLA,0.6454294919967651,167,T,Y,WIL_PLA,A,168,168,THR,THR,True
3360,ThermoMPNN,WIL_PLA,1.5460412502288818,168,L,A,WIL_PLA,A,169,169,LEU,LEU,True
3361,ThermoMPNN,WIL_PLA,0.7910393476486206,168,L,C,WIL_PLA,A,169,169,LEU,LEU,True
3362,ThermoMPNN,WIL_PLA,2.440202474594116,168,L,D,WIL_PLA,A,169,169,LEU,LEU,True
3363,ThermoMPNN,WIL_PLA,2.2306902408599854,168,L,E,WIL_PLA,A,169,169,LEU,LEU,True
3364,ThermoMPNN,WIL_PLA,0.995811939239502,168,L,F,WIL_PLA,A,169,169,LEU,LEU,True
3365,ThermoMPNN,WIL_PLA,2.18037486076355,168,L,G,WIL_PLA,A,169,169,LEU,LEU,True
3366,ThermoMPNN,WIL_PLA,2.0263140201568604,168,L,H,WIL_PLA,A,169,169,LEU,LEU,True
3367,ThermoMPNN,WIL_PLA,0.4983810186386108,168,L,I,WIL_PLA,A,169,169,LEU,LEU,True
3368,ThermoMPNN,WIL_PLA,2.0039255619049072,168,L,K,WIL_PLA,A,169,169,LEU,LEU,True
3369,ThermoMPNN,WIL_PLA,0.0,168,L,L,WIL_PLA,A,169,169,LEU,LEU,True
3370,ThermoMPNN,WIL_PLA,0.8035167455673218,168,L,M,WIL_PLA,A,169,169,LEU,LEU,True
3371,ThermoMPNN,WIL_PLA,2.182487964630127,168,L,N,WIL_PLA,A,169,169,LEU,LEU,True
3372,ThermoMPNN,WIL_PLA,1.9257619380950928,168,L,P,WIL_PLA,A,169,169,LEU,LEU,True
3373,ThermoMPNN,WIL_PLA,2.039494514465332,168,L,Q,WIL_PLA,A,169,169,LEU,LEU,True
3374,ThermoMPNN,WIL_PLA,2.200669288635254,168,L,R,WIL_PLA,A,169,169,LEU,LEU,True
3375,ThermoMPNN,WIL_PLA,2.054494857788086,168,L,S,WIL_PLA,A,169,169,LEU,LEU,True
3376,ThermoMPNN,WIL_PLA,1.8278571367263796,168,L,T,WIL_PLA,A,169,169,LEU,LEU,True
3377,ThermoMPNN,WIL_PLA,0.6347236633300781,168,L,V,WIL_PLA,A,169,169,LEU,LEU,True
3378,ThermoMPNN,WIL_PLA,1.0152435302734375,168,L,W,WIL_PLA,A,169,169,LEU,LEU,True
3379,ThermoMPNN,WIL_PLA,1.315453052520752,168,L,Y,WIL_PLA,A,169,169,LEU,LEU,True
3380,ThermoMPNN,WIL_PLA,0.784437894821167,169,V,A,WIL_PLA,A,170,170,VAL,VAL,True
3381,ThermoMPNN,WIL_PLA,0.6962027549743652,169,V,C,WIL_PLA,A,170,170,VAL,VAL,True
3382,ThermoMPNN,WIL_PLA,2.8350558280944824,169,V,D,WIL_PLA,A,170,170,VAL,VAL,True
3383,ThermoMPNN,WIL_PLA,2.758866548538208,169,V,E,WIL_PLA,A,170,170,VAL,VAL,True
3384,ThermoMPNN,WIL_PLA,1.027660608291626,169,V,F,WIL_PLA,A,170,170,VAL,VAL,True
3385,ThermoMPNN,WIL_PLA,2.052060604095459,169,V,G,WIL_PLA,A,170,170,VAL,VAL,True
3386,ThermoMPNN,WIL_PLA,1.765022039413452,169,V,H,WIL_PLA,A,170,170,VAL,VAL,True
3387,ThermoMPNN,WIL_PLA,0.5271925926208496,169,V,I,WIL_PLA,A,170,170,VAL,VAL,True
3388,ThermoMPNN,WIL_PLA,2.039646863937378,169,V,K,WIL_PLA,A,170,170,VAL,VAL,True
3389,ThermoMPNN,WIL_PLA,1.2829513549804688,169,V,L,WIL_PLA,A,170,170,VAL,VAL,True
3390,ThermoMPNN,WIL_PLA,1.528771162033081,169,V,M,WIL_PLA,A,170,170,VAL,VAL,True
3391,ThermoMPNN,WIL_PLA,2.33278226852417,169,V,N,WIL_PLA,A,170,170,VAL,VAL,True
3392,ThermoMPNN,WIL_PLA,2.514331817626953,169,V,P,WIL_PLA,A,170,170,VAL,VAL,True
3393,ThermoMPNN,WIL_PLA,2.264790296554565,169,V,Q,WIL_PLA,A,170,170,VAL,VAL,True
3394,ThermoMPNN,WIL_PLA,1.9395897388458248,169,V,R,WIL_PLA,A,170,170,VAL,VAL,True
3395,ThermoMPNN,WIL_PLA,1.8608804941177368,169,V,S,WIL_PLA,A,170,170,VAL,VAL,True
3396,ThermoMPNN,WIL_PLA,1.5287398099899292,169,V,T,WIL_PLA,A,170,170,VAL,VAL,True
3397,ThermoMPNN,WIL_PLA,0.0,169,V,V,WIL_PLA,A,170,170,VAL,VAL,True
3398,ThermoMPNN,WIL_PLA,1.161060094833374,169,V,W,WIL_PLA,A,170,170,VAL,VAL,True
3399,ThermoMPNN,WIL_PLA,0.9120469093322754,169,V,Y,WIL_PLA,A,170,170,VAL,VAL,True
3400,ThermoMPNN,WIL_PLA,1.1499748229980469,170,F,A,WIL_PLA,A,171,171,PHE,PHE,True
3401,ThermoMPNN,WIL_PLA,0.5046015977859497,170,F,C,WIL_PLA,A,171,171,PHE,PHE,True
3402,ThermoMPNN,WIL_PLA,2.932945966720581,170,F,D,WIL_PLA,A,171,171,PHE,PHE,True
3403,ThermoMPNN,WIL_PLA,2.512347221374512,170,F,E,WIL_PLA,A,171,171,PHE,PHE,True
3404,ThermoMPNN,WIL_PLA,0.0,170,F,F,WIL_PLA,A,171,171,PHE,PHE,True
3405,ThermoMPNN,WIL_PLA,1.8588709831237795,170,F,G,WIL_PLA,A,171,171,PHE,PHE,True
3406,ThermoMPNN,WIL_PLA,1.9575659036636357,170,F,H,WIL_PLA,A,171,171,PHE,PHE,True
3407,ThermoMPNN,WIL_PLA,-0.2219822406768798,170,F,I,WIL_PLA,A,171,171,PHE,PHE,True
3408,ThermoMPNN,WIL_PLA,2.095149517059326,170,F,K,WIL_PLA,A,171,171,PHE,PHE,True
3409,ThermoMPNN,WIL_PLA,0.070345401763916,170,F,L,WIL_PLA,A,171,171,PHE,PHE,True
3410,ThermoMPNN,WIL_PLA,0.3840310573577881,170,F,M,WIL_PLA,A,171,171,PHE,PHE,True
3411,ThermoMPNN,WIL_PLA,2.3644845485687256,170,F,N,WIL_PLA,A,171,171,PHE,PHE,True
3412,ThermoMPNN,WIL_PLA,1.9448575973510744,170,F,P,WIL_PLA,A,171,171,PHE,PHE,True
3413,ThermoMPNN,WIL_PLA,2.25319766998291,170,F,Q,WIL_PLA,A,171,171,PHE,PHE,True
3414,ThermoMPNN,WIL_PLA,2.0815443992614746,170,F,R,WIL_PLA,A,171,171,PHE,PHE,True
3415,ThermoMPNN,WIL_PLA,1.8782317638397217,170,F,S,WIL_PLA,A,171,171,PHE,PHE,True
3416,ThermoMPNN,WIL_PLA,1.517870306968689,170,F,T,WIL_PLA,A,171,171,PHE,PHE,True
3417,ThermoMPNN,WIL_PLA,0.2194653749465942,170,F,V,WIL_PLA,A,171,171,PHE,PHE,True
3418,ThermoMPNN,WIL_PLA,1.208330154418945,170,F,W,WIL_PLA,A,171,171,PHE,PHE,True
3419,ThermoMPNN,WIL_PLA,0.8816242814064026,170,F,Y,WIL_PLA,A,171,171,PHE,PHE,True
3420,ThermoMPNN,WIL_PLA,0.8223832845687866,171,T,A,WIL_PLA,A,172,172,THR,THR,True
3421,ThermoMPNN,WIL_PLA,0.3514019250869751,171,T,C,WIL_PLA,A,172,172,THR,THR,True
3422,ThermoMPNN,WIL_PLA,2.912010431289673,171,T,D,WIL_PLA,A,172,172,THR,THR,True
3423,ThermoMPNN,WIL_PLA,2.5831003189086914,171,T,E,WIL_PLA,A,172,172,THR,THR,True
3424,ThermoMPNN,WIL_PLA,0.9427688717842102,171,T,F,WIL_PLA,A,172,172,THR,THR,True
3425,ThermoMPNN,WIL_PLA,1.6872349977493286,171,T,G,WIL_PLA,A,172,172,THR,THR,True
3426,ThermoMPNN,WIL_PLA,2.025908946990967,171,T,H,WIL_PLA,A,172,172,THR,THR,True
3427,ThermoMPNN,WIL_PLA,0.3616437911987304,171,T,I,WIL_PLA,A,172,172,THR,THR,True
3428,ThermoMPNN,WIL_PLA,2.304394006729126,171,T,K,WIL_PLA,A,172,172,THR,THR,True
3429,ThermoMPNN,WIL_PLA,1.0672016143798828,171,T,L,WIL_PLA,A,172,172,THR,THR,True
3430,ThermoMPNN,WIL_PLA,1.189537763595581,171,T,M,WIL_PLA,A,172,172,THR,THR,True
3431,ThermoMPNN,WIL_PLA,2.2458531856536865,171,T,N,WIL_PLA,A,172,172,THR,THR,True
3432,ThermoMPNN,WIL_PLA,2.0675952434539795,171,T,P,WIL_PLA,A,172,172,THR,THR,True
3433,ThermoMPNN,WIL_PLA,2.2532708644866943,171,T,Q,WIL_PLA,A,172,172,THR,THR,True
3434,ThermoMPNN,WIL_PLA,2.1289353370666504,171,T,R,WIL_PLA,A,172,172,THR,THR,True
3435,ThermoMPNN,WIL_PLA,0.9940658807754515,171,T,S,WIL_PLA,A,172,172,THR,THR,True
3436,ThermoMPNN,WIL_PLA,0.0,171,T,T,WIL_PLA,A,172,172,THR,THR,True
3437,ThermoMPNN,WIL_PLA,-0.059355616569519,171,T,V,WIL_PLA,A,172,172,THR,THR,True
3438,ThermoMPNN,WIL_PLA,1.6319135427474976,171,T,W,WIL_PLA,A,172,172,THR,THR,True
3439,ThermoMPNN,WIL_PLA,1.1885724067687988,171,T,Y,WIL_PLA,A,172,172,THR,THR,True
3440,ThermoMPNN,WIL_PLA,2.280237436294556,172,G,A,WIL_PLA,A,173,173,GLY,GLY,True
3441,ThermoMPNN,WIL_PLA,1.837207555770874,172,G,C,WIL_PLA,A,173,173,GLY,GLY,True
3442,ThermoMPNN,WIL_PLA,3.1251940727233887,172,G,D,WIL_PLA,A,173,173,GLY,GLY,True
3443,ThermoMPNN,WIL_PLA,3.181851863861084,172,G,E,WIL_PLA,A,173,173,GLY,GLY,True
3444,ThermoMPNN,WIL_PLA,1.702675461769104,172,G,F,WIL_PLA,A,173,173,GLY,GLY,True
3445,ThermoMPNN,WIL_PLA,0.0,172,G,G,WIL_PLA,A,173,173,GLY,GLY,True
3446,ThermoMPNN,WIL_PLA,2.704676866531372,172,G,H,WIL_PLA,A,173,173,GLY,GLY,True
3447,ThermoMPNN,WIL_PLA,2.18705415725708,172,G,I,WIL_PLA,A,173,173,GLY,GLY,True
3448,ThermoMPNN,WIL_PLA,2.9766058921813965,172,G,K,WIL_PLA,A,173,173,GLY,GLY,True
3449,ThermoMPNN,WIL_PLA,2.1264235973358154,172,G,L,WIL_PLA,A,173,173,GLY,GLY,True
3450,ThermoMPNN,WIL_PLA,2.1868152618408203,172,G,M,WIL_PLA,A,173,173,GLY,GLY,True
3451,ThermoMPNN,WIL_PLA,2.955742120742798,172,G,N,WIL_PLA,A,173,173,GLY,GLY,True
3452,ThermoMPNN,WIL_PLA,2.478599786758423,172,G,P,WIL_PLA,A,173,173,GLY,GLY,True
3453,ThermoMPNN,WIL_PLA,2.8910467624664307,172,G,Q,WIL_PLA,A,173,173,GLY,GLY,True
3454,ThermoMPNN,WIL_PLA,2.8652868270874023,172,G,R,WIL_PLA,A,173,173,GLY,GLY,True
3455,ThermoMPNN,WIL_PLA,2.5988471508026123,172,G,S,WIL_PLA,A,173,173,GLY,GLY,True
3456,ThermoMPNN,WIL_PLA,2.739704132080078,172,G,T,WIL_PLA,A,173,173,GLY,GLY,True
3457,ThermoMPNN,WIL_PLA,2.0686941146850586,172,G,V,WIL_PLA,A,173,173,GLY,GLY,True
3458,ThermoMPNN,WIL_PLA,1.914681434631348,172,G,W,WIL_PLA,A,173,173,GLY,GLY,True
3459,ThermoMPNN,WIL_PLA,1.940725326538086,172,G,Y,WIL_PLA,A,173,173,GLY,GLY,True
3460,ThermoMPNN,WIL_PLA,1.7464686632156372,173,H,A,WIL_PLA,A,174,174,HIS,HIS,True
3461,ThermoMPNN,WIL_PLA,1.264509201049805,173,H,C,WIL_PLA,A,174,174,HIS,HIS,True
3462,ThermoMPNN,WIL_PLA,2.991018533706665,173,H,D,WIL_PLA,A,174,174,HIS,HIS,True
3463,ThermoMPNN,WIL_PLA,2.91184663772583,173,H,E,WIL_PLA,A,174,174,HIS,HIS,True
3464,ThermoMPNN,WIL_PLA,0.6753859519958496,173,H,F,WIL_PLA,A,174,174,HIS,HIS,True
3465,ThermoMPNN,WIL_PLA,2.5556728839874268,173,H,G,WIL_PLA,A,174,174,HIS,HIS,True
3466,ThermoMPNN,WIL_PLA,0.0,173,H,H,WIL_PLA,A,174,174,HIS,HIS,True
3467,ThermoMPNN,WIL_PLA,2.09089469909668,173,H,I,WIL_PLA,A,174,174,HIS,HIS,True
3468,ThermoMPNN,WIL_PLA,1.9499646425247192,173,H,K,WIL_PLA,A,174,174,HIS,HIS,True
3469,ThermoMPNN,WIL_PLA,2.057280302047729,173,H,L,WIL_PLA,A,174,174,HIS,HIS,True
3470,ThermoMPNN,WIL_PLA,1.6477421522140503,173,H,M,WIL_PLA,A,174,174,HIS,HIS,True
3471,ThermoMPNN,WIL_PLA,1.926619052886963,173,H,N,WIL_PLA,A,174,174,HIS,HIS,True
3472,ThermoMPNN,WIL_PLA,2.526517391204834,173,H,P,WIL_PLA,A,174,174,HIS,HIS,True
3473,ThermoMPNN,WIL_PLA,1.6084940433502195,173,H,Q,WIL_PLA,A,174,174,HIS,HIS,True
3474,ThermoMPNN,WIL_PLA,1.6241064071655271,173,H,R,WIL_PLA,A,174,174,HIS,HIS,True
3475,ThermoMPNN,WIL_PLA,1.731628179550171,173,H,S,WIL_PLA,A,174,174,HIS,HIS,True
3476,ThermoMPNN,WIL_PLA,2.48022198677063,173,H,T,WIL_PLA,A,174,174,HIS,HIS,True
3477,ThermoMPNN,WIL_PLA,2.298436164855957,173,H,V,WIL_PLA,A,174,174,HIS,HIS,True
3478,ThermoMPNN,WIL_PLA,0.2355897426605224,173,H,W,WIL_PLA,A,174,174,HIS,HIS,True
3479,ThermoMPNN,WIL_PLA,-0.2176220417022705,173,H,Y,WIL_PLA,A,174,174,HIS,HIS,True
3480,ThermoMPNN,WIL_PLA,0.5401356220245361,174,S,A,WIL_PLA,A,175,175,SER,SER,True
3481,ThermoMPNN,WIL_PLA,1.2837320566177368,174,S,C,WIL_PLA,A,175,175,SER,SER,True
3482,ThermoMPNN,WIL_PLA,3.1716694831848145,174,S,D,WIL_PLA,A,175,175,SER,SER,True
3483,ThermoMPNN,WIL_PLA,2.947946786880493,174,S,E,WIL_PLA,A,175,175,SER,SER,True
3484,ThermoMPNN,WIL_PLA,3.571594715118408,174,S,F,WIL_PLA,A,175,175,SER,SER,True
3485,ThermoMPNN,WIL_PLA,2.2348079681396484,174,S,G,WIL_PLA,A,175,175,SER,SER,True
3486,ThermoMPNN,WIL_PLA,2.7424564361572266,174,S,H,WIL_PLA,A,175,175,SER,SER,True
3487,ThermoMPNN,WIL_PLA,2.50434947013855,174,S,I,WIL_PLA,A,175,175,SER,SER,True
3488,ThermoMPNN,WIL_PLA,1.5257360935211182,174,S,K,WIL_PLA,A,175,175,SER,SER,True
3489,ThermoMPNN,WIL_PLA,2.68227481842041,174,S,L,WIL_PLA,A,175,175,SER,SER,True
3490,ThermoMPNN,WIL_PLA,1.8760571479797363,174,S,M,WIL_PLA,A,175,175,SER,SER,True
3491,ThermoMPNN,WIL_PLA,2.2784204483032227,174,S,N,WIL_PLA,A,175,175,SER,SER,True
3492,ThermoMPNN,WIL_PLA,1.9540210962295528,174,S,P,WIL_PLA,A,175,175,SER,SER,True
3493,ThermoMPNN,WIL_PLA,2.034364700317383,174,S,Q,WIL_PLA,A,175,175,SER,SER,True
3494,ThermoMPNN,WIL_PLA,1.1042449474334717,174,S,R,WIL_PLA,A,175,175,SER,SER,True
3495,ThermoMPNN,WIL_PLA,0.0,174,S,S,WIL_PLA,A,175,175,SER,SER,True
3496,ThermoMPNN,WIL_PLA,1.073922634124756,174,S,T,WIL_PLA,A,175,175,SER,SER,True
3497,ThermoMPNN,WIL_PLA,2.0924947261810303,174,S,V,WIL_PLA,A,175,175,SER,SER,True
3498,ThermoMPNN,WIL_PLA,3.17077112197876,174,S,W,WIL_PLA,A,175,175,SER,SER,True
3499,ThermoMPNN,WIL_PLA,3.5346500873565674,174,S,Y,WIL_PLA,A,175,175,SER,SER,True
3500,ThermoMPNN,WIL_PLA,2.489360809326172,175,Y,A,WIL_PLA,A,176,176,TYR,TYR,True
3501,ThermoMPNN,WIL_PLA,1.6070477962493896,175,Y,C,WIL_PLA,A,176,176,TYR,TYR,True
3502,ThermoMPNN,WIL_PLA,3.2231128215789795,175,Y,D,WIL_PLA,A,176,176,TYR,TYR,True
3503,ThermoMPNN,WIL_PLA,2.832005262374878,175,Y,E,WIL_PLA,A,176,176,TYR,TYR,True
3504,ThermoMPNN,WIL_PLA,0.2937769889831543,175,Y,F,WIL_PLA,A,176,176,TYR,TYR,True
3505,ThermoMPNN,WIL_PLA,2.733706474304199,175,Y,G,WIL_PLA,A,176,176,TYR,TYR,True
3506,ThermoMPNN,WIL_PLA,2.153679132461548,175,Y,H,WIL_PLA,A,176,176,TYR,TYR,True
3507,ThermoMPNN,WIL_PLA,2.128422260284424,175,Y,I,WIL_PLA,A,176,176,TYR,TYR,True
3508,ThermoMPNN,WIL_PLA,2.5765504837036133,175,Y,K,WIL_PLA,A,176,176,TYR,TYR,True
3509,ThermoMPNN,WIL_PLA,1.6317778825759888,175,Y,L,WIL_PLA,A,176,176,TYR,TYR,True
3510,ThermoMPNN,WIL_PLA,1.7298436164855957,175,Y,M,WIL_PLA,A,176,176,TYR,TYR,True
3511,ThermoMPNN,WIL_PLA,2.890228271484375,175,Y,N,WIL_PLA,A,176,176,TYR,TYR,True
3512,ThermoMPNN,WIL_PLA,2.9274284839630127,175,Y,P,WIL_PLA,A,176,176,TYR,TYR,True
3513,ThermoMPNN,WIL_PLA,2.699959278106689,175,Y,Q,WIL_PLA,A,176,176,TYR,TYR,True
3514,ThermoMPNN,WIL_PLA,2.264000654220581,175,Y,R,WIL_PLA,A,176,176,TYR,TYR,True
3515,ThermoMPNN,WIL_PLA,2.8669841289520264,175,Y,S,WIL_PLA,A,176,176,TYR,TYR,True
3516,ThermoMPNN,WIL_PLA,2.797929525375366,175,Y,T,WIL_PLA,A,176,176,TYR,TYR,True
3517,ThermoMPNN,WIL_PLA,2.26491379737854,175,Y,V,WIL_PLA,A,176,176,TYR,TYR,True
3518,ThermoMPNN,WIL_PLA,0.0744581222534179,175,Y,W,WIL_PLA,A,176,176,TYR,TYR,True
3519,ThermoMPNN,WIL_PLA,0.0,175,Y,Y,WIL_PLA,A,176,176,TYR,TYR,True
3520,ThermoMPNN,WIL_PLA,2.1155333518981934,176,G,A,WIL_PLA,A,177,177,GLY,GLY,True
3521,ThermoMPNN,WIL_PLA,1.8597862720489504,176,G,C,WIL_PLA,A,177,177,GLY,GLY,True
3522,ThermoMPNN,WIL_PLA,2.9929184913635254,176,G,D,WIL_PLA,A,177,177,GLY,GLY,True
3523,ThermoMPNN,WIL_PLA,3.051637649536133,176,G,E,WIL_PLA,A,177,177,GLY,GLY,True
3524,ThermoMPNN,WIL_PLA,1.9014530181884768,176,G,F,WIL_PLA,A,177,177,GLY,GLY,True
3525,ThermoMPNN,WIL_PLA,0.0,176,G,G,WIL_PLA,A,177,177,GLY,GLY,True
3526,ThermoMPNN,WIL_PLA,2.6665024757385254,176,G,H,WIL_PLA,A,177,177,GLY,GLY,True
3527,ThermoMPNN,WIL_PLA,2.391591310501098,176,G,I,WIL_PLA,A,177,177,GLY,GLY,True
3528,ThermoMPNN,WIL_PLA,2.948695659637451,176,G,K,WIL_PLA,A,177,177,GLY,GLY,True
3529,ThermoMPNN,WIL_PLA,2.3602957725524902,176,G,L,WIL_PLA,A,177,177,GLY,GLY,True
3530,ThermoMPNN,WIL_PLA,2.2427148818969727,176,G,M,WIL_PLA,A,177,177,GLY,GLY,True
3531,ThermoMPNN,WIL_PLA,2.864893913269043,176,G,N,WIL_PLA,A,177,177,GLY,GLY,True
3532,ThermoMPNN,WIL_PLA,2.502560377120972,176,G,P,WIL_PLA,A,177,177,GLY,GLY,True
3533,ThermoMPNN,WIL_PLA,2.814581871032715,176,G,Q,WIL_PLA,A,177,177,GLY,GLY,True
3534,ThermoMPNN,WIL_PLA,2.766042470932007,176,G,R,WIL_PLA,A,177,177,GLY,GLY,True
3535,ThermoMPNN,WIL_PLA,2.4310531616210938,176,G,S,WIL_PLA,A,177,177,GLY,GLY,True
3536,ThermoMPNN,WIL_PLA,2.591871976852417,176,G,T,WIL_PLA,A,177,177,GLY,GLY,True
3537,ThermoMPNN,WIL_PLA,2.22481632232666,176,G,V,WIL_PLA,A,177,177,GLY,GLY,True
3538,ThermoMPNN,WIL_PLA,2.002220630645752,176,G,W,WIL_PLA,A,177,177,GLY,GLY,True
3539,ThermoMPNN,WIL_PLA,2.123080253601074,176,G,Y,WIL_PLA,A,177,177,GLY,GLY,True
3540,ThermoMPNN,WIL_PLA,0.0,177,A,A,WIL_PLA,A,178,178,ALA,ALA,True
3541,ThermoMPNN,WIL_PLA,0.701768159866333,177,A,C,WIL_PLA,A,178,178,ALA,ALA,True
3542,ThermoMPNN,WIL_PLA,1.703923225402832,177,A,D,WIL_PLA,A,178,178,ALA,ALA,True
3543,ThermoMPNN,WIL_PLA,1.7362273931503296,177,A,E,WIL_PLA,A,178,178,ALA,ALA,True
3544,ThermoMPNN,WIL_PLA,0.861972451210022,177,A,F,WIL_PLA,A,178,178,ALA,ALA,True
3545,ThermoMPNN,WIL_PLA,0.6533230543136597,177,A,G,WIL_PLA,A,178,178,ALA,ALA,True
3546,ThermoMPNN,WIL_PLA,1.4312894344329834,177,A,H,WIL_PLA,A,178,178,ALA,ALA,True
3547,ThermoMPNN,WIL_PLA,1.0246776342391968,177,A,I,WIL_PLA,A,178,178,ALA,ALA,True
3548,ThermoMPNN,WIL_PLA,1.390000581741333,177,A,K,WIL_PLA,A,178,178,ALA,ALA,True
3549,ThermoMPNN,WIL_PLA,1.1168032884597778,177,A,L,WIL_PLA,A,178,178,ALA,ALA,True
3550,ThermoMPNN,WIL_PLA,1.046846866607666,177,A,M,WIL_PLA,A,178,178,ALA,ALA,True
3551,ThermoMPNN,WIL_PLA,1.7086302042007446,177,A,N,WIL_PLA,A,178,178,ALA,ALA,True
3552,ThermoMPNN,WIL_PLA,1.6645597219467163,177,A,P,WIL_PLA,A,178,178,ALA,ALA,True
3553,ThermoMPNN,WIL_PLA,1.496822714805603,177,A,Q,WIL_PLA,A,178,178,ALA,ALA,True
3554,ThermoMPNN,WIL_PLA,1.2583436965942385,177,A,R,WIL_PLA,A,178,178,ALA,ALA,True
3555,ThermoMPNN,WIL_PLA,0.9161813259124756,177,A,S,WIL_PLA,A,178,178,ALA,ALA,True
3556,ThermoMPNN,WIL_PLA,1.2350730895996094,177,A,T,WIL_PLA,A,178,178,ALA,ALA,True
3557,ThermoMPNN,WIL_PLA,0.9532867074012756,177,A,V,WIL_PLA,A,178,178,ALA,ALA,True
3558,ThermoMPNN,WIL_PLA,0.8465672731399536,177,A,W,WIL_PLA,A,178,178,ALA,ALA,True
3559,ThermoMPNN,WIL_PLA,1.0165168046951294,177,A,Y,WIL_PLA,A,178,178,ALA,ALA,True
3560,ThermoMPNN,WIL_PLA,0.0,178,A,A,WIL_PLA,A,179,179,ALA,ALA,True
3561,ThermoMPNN,WIL_PLA,0.4146356582641601,178,A,C,WIL_PLA,A,179,179,ALA,ALA,True
3562,ThermoMPNN,WIL_PLA,1.8199045658111568,178,A,D,WIL_PLA,A,179,179,ALA,ALA,True
3563,ThermoMPNN,WIL_PLA,1.7142794132232666,178,A,E,WIL_PLA,A,179,179,ALA,ALA,True
3564,ThermoMPNN,WIL_PLA,0.83234041929245,178,A,F,WIL_PLA,A,179,179,ALA,ALA,True
3565,ThermoMPNN,WIL_PLA,0.8689669966697693,178,A,G,WIL_PLA,A,179,179,ALA,ALA,True
3566,ThermoMPNN,WIL_PLA,1.445576786994934,178,A,H,WIL_PLA,A,179,179,ALA,ALA,True
3567,ThermoMPNN,WIL_PLA,0.7838377952575684,178,A,I,WIL_PLA,A,179,179,ALA,ALA,True
3568,ThermoMPNN,WIL_PLA,1.6506105661392212,178,A,K,WIL_PLA,A,179,179,ALA,ALA,True
3569,ThermoMPNN,WIL_PLA,0.787630558013916,178,A,L,WIL_PLA,A,179,179,ALA,ALA,True
3570,ThermoMPNN,WIL_PLA,0.8143814206123352,178,A,M,WIL_PLA,A,179,179,ALA,ALA,True
3571,ThermoMPNN,WIL_PLA,1.698184609413147,178,A,N,WIL_PLA,A,179,179,ALA,ALA,True
3572,ThermoMPNN,WIL_PLA,2.0571205615997314,178,A,P,WIL_PLA,A,179,179,ALA,ALA,True
3573,ThermoMPNN,WIL_PLA,1.5443735122680664,178,A,Q,WIL_PLA,A,179,179,ALA,ALA,True
3574,ThermoMPNN,WIL_PLA,1.6010007858276367,178,A,R,WIL_PLA,A,179,179,ALA,ALA,True
3575,ThermoMPNN,WIL_PLA,0.8443199992179871,178,A,S,WIL_PLA,A,179,179,ALA,ALA,True
3576,ThermoMPNN,WIL_PLA,1.014992594718933,178,A,T,WIL_PLA,A,179,179,ALA,ALA,True
3577,ThermoMPNN,WIL_PLA,0.7019695043563843,178,A,V,WIL_PLA,A,179,179,ALA,ALA,True
3578,ThermoMPNN,WIL_PLA,0.7545467615127563,178,A,W,WIL_PLA,A,179,179,ALA,ALA,True
3579,ThermoMPNN,WIL_PLA,0.8961146473884583,178,A,Y,WIL_PLA,A,179,179,ALA,ALA,True
3580,ThermoMPNN,WIL_PLA,3.086642265319824,179,L,A,WIL_PLA,A,180,180,LEU,LEU,True
3581,ThermoMPNN,WIL_PLA,1.9064432382583616,179,L,C,WIL_PLA,A,180,180,LEU,LEU,True
3582,ThermoMPNN,WIL_PLA,3.738104343414306,179,L,D,WIL_PLA,A,180,180,LEU,LEU,True
3583,ThermoMPNN,WIL_PLA,3.458247423171997,179,L,E,WIL_PLA,A,180,180,LEU,LEU,True
3584,ThermoMPNN,WIL_PLA,1.8868995904922483,179,L,F,WIL_PLA,A,180,180,LEU,LEU,True
3585,ThermoMPNN,WIL_PLA,3.5357983112335205,179,L,G,WIL_PLA,A,180,180,LEU,LEU,True
3586,ThermoMPNN,WIL_PLA,3.05105972290039,179,L,H,WIL_PLA,A,180,180,LEU,LEU,True
3587,ThermoMPNN,WIL_PLA,1.2106739282608032,179,L,I,WIL_PLA,A,180,180,LEU,LEU,True
3588,ThermoMPNN,WIL_PLA,2.8556957244873047,179,L,K,WIL_PLA,A,180,180,LEU,LEU,True
3589,ThermoMPNN,WIL_PLA,0.0,179,L,L,WIL_PLA,A,180,180,LEU,LEU,True
3590,ThermoMPNN,WIL_PLA,1.3507754802703855,179,L,M,WIL_PLA,A,180,180,LEU,LEU,True
3591,ThermoMPNN,WIL_PLA,3.3980050086975098,179,L,N,WIL_PLA,A,180,180,LEU,LEU,True
3592,ThermoMPNN,WIL_PLA,3.5031726360321045,179,L,P,WIL_PLA,A,180,180,LEU,LEU,True
3593,ThermoMPNN,WIL_PLA,3.181217670440674,179,L,Q,WIL_PLA,A,180,180,LEU,LEU,True
3594,ThermoMPNN,WIL_PLA,2.821062564849853,179,L,R,WIL_PLA,A,180,180,LEU,LEU,True
3595,ThermoMPNN,WIL_PLA,3.4146528244018555,179,L,S,WIL_PLA,A,180,180,LEU,LEU,True
3596,ThermoMPNN,WIL_PLA,3.133627891540528,179,L,T,WIL_PLA,A,180,180,LEU,LEU,True
3597,ThermoMPNN,WIL_PLA,1.9359142780303955,179,L,V,WIL_PLA,A,180,180,LEU,LEU,True
3598,ThermoMPNN,WIL_PLA,2.374636650085449,179,L,W,WIL_PLA,A,180,180,LEU,LEU,True
3599,ThermoMPNN,WIL_PLA,2.2713239192962646,179,L,Y,WIL_PLA,A,180,180,LEU,LEU,True
3600,ThermoMPNN,WIL_PLA,0.0,180,A,A,WIL_PLA,A,181,181,ALA,ALA,True
3601,ThermoMPNN,WIL_PLA,1.0569859743118286,180,A,C,WIL_PLA,A,181,181,ALA,ALA,True
3602,ThermoMPNN,WIL_PLA,2.5394861698150635,180,A,D,WIL_PLA,A,181,181,ALA,ALA,True
3603,ThermoMPNN,WIL_PLA,2.2981560230255127,180,A,E,WIL_PLA,A,181,181,ALA,ALA,True
3604,ThermoMPNN,WIL_PLA,1.7561075687408447,180,A,F,WIL_PLA,A,181,181,ALA,ALA,True
3605,ThermoMPNN,WIL_PLA,1.7234176397323608,180,A,G,WIL_PLA,A,181,181,ALA,ALA,True
3606,ThermoMPNN,WIL_PLA,2.225594997406006,180,A,H,WIL_PLA,A,181,181,ALA,ALA,True
3607,ThermoMPNN,WIL_PLA,1.540272235870361,180,A,I,WIL_PLA,A,181,181,ALA,ALA,True
3608,ThermoMPNN,WIL_PLA,2.089988470077514,180,A,K,WIL_PLA,A,181,181,ALA,ALA,True
3609,ThermoMPNN,WIL_PLA,1.5570982694625854,180,A,L,WIL_PLA,A,181,181,ALA,ALA,True
3610,ThermoMPNN,WIL_PLA,1.5023579597473145,180,A,M,WIL_PLA,A,181,181,ALA,ALA,True
3611,ThermoMPNN,WIL_PLA,2.3386833667755127,180,A,N,WIL_PLA,A,181,181,ALA,ALA,True
3612,ThermoMPNN,WIL_PLA,2.56367826461792,180,A,P,WIL_PLA,A,181,181,ALA,ALA,True
3613,ThermoMPNN,WIL_PLA,2.2278807163238525,180,A,Q,WIL_PLA,A,181,181,ALA,ALA,True
3614,ThermoMPNN,WIL_PLA,1.9717942476272583,180,A,R,WIL_PLA,A,181,181,ALA,ALA,True
3615,ThermoMPNN,WIL_PLA,1.216617226600647,180,A,S,WIL_PLA,A,181,181,ALA,ALA,True
3616,ThermoMPNN,WIL_PLA,1.7168822288513184,180,A,T,WIL_PLA,A,181,181,ALA,ALA,True
3617,ThermoMPNN,WIL_PLA,1.3368141651153564,180,A,V,WIL_PLA,A,181,181,ALA,ALA,True
3618,ThermoMPNN,WIL_PLA,1.7964738607406616,180,A,W,WIL_PLA,A,181,181,ALA,ALA,True
3619,ThermoMPNN,WIL_PLA,1.7585492134094238,180,A,Y,WIL_PLA,A,181,181,ALA,ALA,True
3620,ThermoMPNN,WIL_PLA,0.0,181,A,A,WIL_PLA,A,182,182,ALA,ALA,True
3621,ThermoMPNN,WIL_PLA,0.0138361454010009,181,A,C,WIL_PLA,A,182,182,ALA,ALA,True
3622,ThermoMPNN,WIL_PLA,1.9074918031692505,181,A,D,WIL_PLA,A,182,182,ALA,ALA,True
3623,ThermoMPNN,WIL_PLA,1.2487030029296875,181,A,E,WIL_PLA,A,182,182,ALA,ALA,True
3624,ThermoMPNN,WIL_PLA,0.6456276774406433,181,A,F,WIL_PLA,A,182,182,ALA,ALA,True
3625,ThermoMPNN,WIL_PLA,1.5525106191635132,181,A,G,WIL_PLA,A,182,182,ALA,ALA,True
3626,ThermoMPNN,WIL_PLA,1.3869094848632812,181,A,H,WIL_PLA,A,182,182,ALA,ALA,True
3627,ThermoMPNN,WIL_PLA,0.3156125545501709,181,A,I,WIL_PLA,A,182,182,ALA,ALA,True
3628,ThermoMPNN,WIL_PLA,1.4421144723892212,181,A,K,WIL_PLA,A,182,182,ALA,ALA,True
3629,ThermoMPNN,WIL_PLA,0.4075847864151001,181,A,L,WIL_PLA,A,182,182,ALA,ALA,True
3630,ThermoMPNN,WIL_PLA,0.2443048954010009,181,A,M,WIL_PLA,A,182,182,ALA,ALA,True
3631,ThermoMPNN,WIL_PLA,1.7127622365951538,181,A,N,WIL_PLA,A,182,182,ALA,ALA,True
3632,ThermoMPNN,WIL_PLA,2.6077466011047363,181,A,P,WIL_PLA,A,182,182,ALA,ALA,True
3633,ThermoMPNN,WIL_PLA,1.0505081415176392,181,A,Q,WIL_PLA,A,182,182,ALA,ALA,True
3634,ThermoMPNN,WIL_PLA,1.3645108938217163,181,A,R,WIL_PLA,A,182,182,ALA,ALA,True
3635,ThermoMPNN,WIL_PLA,0.4105024337768554,181,A,S,WIL_PLA,A,182,182,ALA,ALA,True
3636,ThermoMPNN,WIL_PLA,-0.0781284570693969,181,A,T,WIL_PLA,A,182,182,ALA,ALA,True
3637,ThermoMPNN,WIL_PLA,-0.0094367265701293,181,A,V,WIL_PLA,A,182,182,ALA,ALA,True
3638,ThermoMPNN,WIL_PLA,0.9886043071746826,181,A,W,WIL_PLA,A,182,182,ALA,ALA,True
3639,ThermoMPNN,WIL_PLA,0.8436778783798218,181,A,Y,WIL_PLA,A,182,182,ALA,ALA,True
3640,ThermoMPNN,WIL_PLA,2.0897457599639893,182,V,A,WIL_PLA,A,183,183,VAL,VAL,True
3641,ThermoMPNN,WIL_PLA,1.3526993989944458,182,V,C,WIL_PLA,A,183,183,VAL,VAL,True
3642,ThermoMPNN,WIL_PLA,3.425483703613281,182,V,D,WIL_PLA,A,183,183,VAL,VAL,True
3643,ThermoMPNN,WIL_PLA,3.1692657470703125,182,V,E,WIL_PLA,A,183,183,VAL,VAL,True
3644,ThermoMPNN,WIL_PLA,1.7927772998809814,182,V,F,WIL_PLA,A,183,183,VAL,VAL,True
3645,ThermoMPNN,WIL_PLA,2.987072706222534,182,V,G,WIL_PLA,A,183,183,VAL,VAL,True
3646,ThermoMPNN,WIL_PLA,2.9931774139404297,182,V,H,WIL_PLA,A,183,183,VAL,VAL,True
3647,ThermoMPNN,WIL_PLA,-0.1226677894592285,182,V,I,WIL_PLA,A,183,183,VAL,VAL,True
3648,ThermoMPNN,WIL_PLA,2.9480912685394287,182,V,K,WIL_PLA,A,183,183,VAL,VAL,True
3649,ThermoMPNN,WIL_PLA,0.7871397733688354,182,V,L,WIL_PLA,A,183,183,VAL,VAL,True
3650,ThermoMPNN,WIL_PLA,1.6221895217895508,182,V,M,WIL_PLA,A,183,183,VAL,VAL,True
3651,ThermoMPNN,WIL_PLA,3.2490859031677246,182,V,N,WIL_PLA,A,183,183,VAL,VAL,True
3652,ThermoMPNN,WIL_PLA,3.299769639968872,182,V,P,WIL_PLA,A,183,183,VAL,VAL,True
3653,ThermoMPNN,WIL_PLA,3.050661087036133,182,V,Q,WIL_PLA,A,183,183,VAL,VAL,True
3654,ThermoMPNN,WIL_PLA,2.926304817199707,182,V,R,WIL_PLA,A,183,183,VAL,VAL,True
3655,ThermoMPNN,WIL_PLA,2.918555974960327,182,V,S,WIL_PLA,A,183,183,VAL,VAL,True
3656,ThermoMPNN,WIL_PLA,1.8795390129089355,182,V,T,WIL_PLA,A,183,183,VAL,VAL,True
3657,ThermoMPNN,WIL_PLA,0.0,182,V,V,WIL_PLA,A,183,183,VAL,VAL,True
3658,ThermoMPNN,WIL_PLA,2.156015634536743,182,V,W,WIL_PLA,A,183,183,VAL,VAL,True
3659,ThermoMPNN,WIL_PLA,2.106910228729248,182,V,Y,WIL_PLA,A,183,183,VAL,VAL,True
3660,ThermoMPNN,WIL_PLA,0.0,183,A,A,WIL_PLA,A,184,184,ALA,ALA,True
3661,ThermoMPNN,WIL_PLA,0.7695116996765137,183,A,C,WIL_PLA,A,184,184,ALA,ALA,True
3662,ThermoMPNN,WIL_PLA,3.1822586059570312,183,A,D,WIL_PLA,A,184,184,ALA,ALA,True
3663,ThermoMPNN,WIL_PLA,2.63946795463562,183,A,E,WIL_PLA,A,184,184,ALA,ALA,True
3664,ThermoMPNN,WIL_PLA,0.9214016199111938,183,A,F,WIL_PLA,A,184,184,ALA,ALA,True
3665,ThermoMPNN,WIL_PLA,2.1662938594818115,183,A,G,WIL_PLA,A,184,184,ALA,ALA,True
3666,ThermoMPNN,WIL_PLA,2.1633129119873047,183,A,H,WIL_PLA,A,184,184,ALA,ALA,True
3667,ThermoMPNN,WIL_PLA,1.1877237558364868,183,A,I,WIL_PLA,A,184,184,ALA,ALA,True
3668,ThermoMPNN,WIL_PLA,2.4069743156433105,183,A,K,WIL_PLA,A,184,184,ALA,ALA,True
3669,ThermoMPNN,WIL_PLA,0.8492050170898438,183,A,L,WIL_PLA,A,184,184,ALA,ALA,True
3670,ThermoMPNN,WIL_PLA,1.0031546354293823,183,A,M,WIL_PLA,A,184,184,ALA,ALA,True
3671,ThermoMPNN,WIL_PLA,2.695077657699585,183,A,N,WIL_PLA,A,184,184,ALA,ALA,True
3672,ThermoMPNN,WIL_PLA,3.4088830947875977,183,A,P,WIL_PLA,A,184,184,ALA,ALA,True
3673,ThermoMPNN,WIL_PLA,2.413971185684204,183,A,Q,WIL_PLA,A,184,184,ALA,ALA,True
3674,ThermoMPNN,WIL_PLA,2.280304431915283,183,A,R,WIL_PLA,A,184,184,ALA,ALA,True
3675,ThermoMPNN,WIL_PLA,1.6047658920288086,183,A,S,WIL_PLA,A,184,184,ALA,ALA,True
3676,ThermoMPNN,WIL_PLA,1.8131895065307615,183,A,T,WIL_PLA,A,184,184,ALA,ALA,True
3677,ThermoMPNN,WIL_PLA,1.0172326564788818,183,A,V,WIL_PLA,A,184,184,ALA,ALA,True
3678,ThermoMPNN,WIL_PLA,1.0856645107269287,183,A,W,WIL_PLA,A,184,184,ALA,ALA,True
3679,ThermoMPNN,WIL_PLA,0.9583135843276978,183,A,Y,WIL_PLA,A,184,184,ALA,ALA,True
3680,ThermoMPNN,WIL_PLA,0.0,184,A,A,WIL_PLA,A,185,185,ALA,ALA,True
3681,ThermoMPNN,WIL_PLA,0.2204771041870117,184,A,C,WIL_PLA,A,185,185,ALA,ALA,True
3682,ThermoMPNN,WIL_PLA,1.9011547565460205,184,A,D,WIL_PLA,A,185,185,ALA,ALA,True
3683,ThermoMPNN,WIL_PLA,1.5194380283355713,184,A,E,WIL_PLA,A,185,185,ALA,ALA,True
3684,ThermoMPNN,WIL_PLA,-0.299823522567749,184,A,F,WIL_PLA,A,185,185,ALA,ALA,True
3685,ThermoMPNN,WIL_PLA,1.5753865242004397,184,A,G,WIL_PLA,A,185,185,ALA,ALA,True
3686,ThermoMPNN,WIL_PLA,1.124718427658081,184,A,H,WIL_PLA,A,185,185,ALA,ALA,True
3687,ThermoMPNN,WIL_PLA,0.1709915399551391,184,A,I,WIL_PLA,A,185,185,ALA,ALA,True
3688,ThermoMPNN,WIL_PLA,1.5485527515411377,184,A,K,WIL_PLA,A,185,185,ALA,ALA,True
3689,ThermoMPNN,WIL_PLA,0.3236699104309082,184,A,L,WIL_PLA,A,185,185,ALA,ALA,True
3690,ThermoMPNN,WIL_PLA,0.2227368354797363,184,A,M,WIL_PLA,A,185,185,ALA,ALA,True
3691,ThermoMPNN,WIL_PLA,1.6224589347839355,184,A,N,WIL_PLA,A,185,185,ALA,ALA,True
3692,ThermoMPNN,WIL_PLA,2.5453357696533203,184,A,P,WIL_PLA,A,185,185,ALA,ALA,True
3693,ThermoMPNN,WIL_PLA,1.3008149862289429,184,A,Q,WIL_PLA,A,185,185,ALA,ALA,True
3694,ThermoMPNN,WIL_PLA,1.237433910369873,184,A,R,WIL_PLA,A,185,185,ALA,ALA,True
3695,ThermoMPNN,WIL_PLA,0.8453375697135925,184,A,S,WIL_PLA,A,185,185,ALA,ALA,True
3696,ThermoMPNN,WIL_PLA,0.7243869304656982,184,A,T,WIL_PLA,A,185,185,ALA,ALA,True
3697,ThermoMPNN,WIL_PLA,-0.0598138570785522,184,A,V,WIL_PLA,A,185,185,ALA,ALA,True
3698,ThermoMPNN,WIL_PLA,-0.216339111328125,184,A,W,WIL_PLA,A,185,185,ALA,ALA,True
3699,ThermoMPNN,WIL_PLA,-0.292975902557373,184,A,Y,WIL_PLA,A,185,185,ALA,ALA,True
3700,ThermoMPNN,WIL_PLA,0.6546298265457153,185,T,A,WIL_PLA,A,186,186,THR,THR,True
3701,ThermoMPNN,WIL_PLA,-0.1111782193183898,185,T,C,WIL_PLA,A,186,186,THR,THR,True
3702,ThermoMPNN,WIL_PLA,2.2703287601470947,185,T,D,WIL_PLA,A,186,186,THR,THR,True
3703,ThermoMPNN,WIL_PLA,1.6758395433425903,185,T,E,WIL_PLA,A,186,186,THR,THR,True
3704,ThermoMPNN,WIL_PLA,-0.8795976042747498,185,T,F,WIL_PLA,A,186,186,THR,THR,True
3705,ThermoMPNN,WIL_PLA,2.066912889480591,185,T,G,WIL_PLA,A,186,186,THR,THR,True
3706,ThermoMPNN,WIL_PLA,1.0315792560577393,185,T,H,WIL_PLA,A,186,186,THR,THR,True
3707,ThermoMPNN,WIL_PLA,-0.94475120306015,185,T,I,WIL_PLA,A,186,186,THR,THR,True
3708,ThermoMPNN,WIL_PLA,1.4371458292007446,185,T,K,WIL_PLA,A,186,186,THR,THR,True
3709,ThermoMPNN,WIL_PLA,-0.9378319382667542,185,T,L,WIL_PLA,A,186,186,THR,THR,True
3710,ThermoMPNN,WIL_PLA,-0.5924161076545715,185,T,M,WIL_PLA,A,186,186,THR,THR,True
3711,ThermoMPNN,WIL_PLA,1.3046133518218994,185,T,N,WIL_PLA,A,186,186,THR,THR,True
3712,ThermoMPNN,WIL_PLA,2.424757242202759,185,T,P,WIL_PLA,A,186,186,THR,THR,True
3713,ThermoMPNN,WIL_PLA,1.2927305698394775,185,T,Q,WIL_PLA,A,186,186,THR,THR,True
3714,ThermoMPNN,WIL_PLA,1.0772300958633425,185,T,R,WIL_PLA,A,186,186,THR,THR,True
3715,ThermoMPNN,WIL_PLA,0.7038141489028931,185,T,S,WIL_PLA,A,186,186,THR,THR,True
3716,ThermoMPNN,WIL_PLA,0.0,185,T,T,WIL_PLA,A,186,186,THR,THR,True
3717,ThermoMPNN,WIL_PLA,-0.5623125433921814,185,T,V,WIL_PLA,A,186,186,THR,THR,True
3718,ThermoMPNN,WIL_PLA,-0.2900223135948181,185,T,W,WIL_PLA,A,186,186,THR,THR,True
3719,ThermoMPNN,WIL_PLA,-0.2905934453010559,185,T,Y,WIL_PLA,A,186,186,THR,THR,True
3720,ThermoMPNN,WIL_PLA,0.8080012202262878,186,V,A,WIL_PLA,A,187,187,VAL,VAL,True
3721,ThermoMPNN,WIL_PLA,0.2282212972640991,186,V,C,WIL_PLA,A,187,187,VAL,VAL,True
3722,ThermoMPNN,WIL_PLA,2.398085832595825,186,V,D,WIL_PLA,A,187,187,VAL,VAL,True
3723,ThermoMPNN,WIL_PLA,1.7565279006958008,186,V,E,WIL_PLA,A,187,187,VAL,VAL,True
3724,ThermoMPNN,WIL_PLA,0.2262489795684814,186,V,F,WIL_PLA,A,187,187,VAL,VAL,True
3725,ThermoMPNN,WIL_PLA,1.917384505271912,186,V,G,WIL_PLA,A,187,187,VAL,VAL,True
3726,ThermoMPNN,WIL_PLA,1.108007550239563,186,V,H,WIL_PLA,A,187,187,VAL,VAL,True
3727,ThermoMPNN,WIL_PLA,0.0995062589645385,186,V,I,WIL_PLA,A,187,187,VAL,VAL,True
3728,ThermoMPNN,WIL_PLA,1.0065429210662842,186,V,K,WIL_PLA,A,187,187,VAL,VAL,True
3729,ThermoMPNN,WIL_PLA,0.2792108058929443,186,V,L,WIL_PLA,A,187,187,VAL,VAL,True
3730,ThermoMPNN,WIL_PLA,0.3494554758071899,186,V,M,WIL_PLA,A,187,187,VAL,VAL,True
3731,ThermoMPNN,WIL_PLA,1.6369562149047852,186,V,N,WIL_PLA,A,187,187,VAL,VAL,True
3732,ThermoMPNN,WIL_PLA,2.6207163333892822,186,V,P,WIL_PLA,A,187,187,VAL,VAL,True
3733,ThermoMPNN,WIL_PLA,1.1927258968353271,186,V,Q,WIL_PLA,A,187,187,VAL,VAL,True
3734,ThermoMPNN,WIL_PLA,0.8867564797401428,186,V,R,WIL_PLA,A,187,187,VAL,VAL,True
3735,ThermoMPNN,WIL_PLA,1.459497332572937,186,V,S,WIL_PLA,A,187,187,VAL,VAL,True
3736,ThermoMPNN,WIL_PLA,1.1459791660308838,186,V,T,WIL_PLA,A,187,187,VAL,VAL,True
3737,ThermoMPNN,WIL_PLA,0.0,186,V,V,WIL_PLA,A,187,187,VAL,VAL,True
3738,ThermoMPNN,WIL_PLA,0.2954174280166626,186,V,W,WIL_PLA,A,187,187,VAL,VAL,True
3739,ThermoMPNN,WIL_PLA,0.2452682256698608,186,V,Y,WIL_PLA,A,187,187,VAL,VAL,True
3740,ThermoMPNN,WIL_PLA,1.9309728145599363,187,L,A,WIL_PLA,A,188,188,LEU,LEU,True
3741,ThermoMPNN,WIL_PLA,1.118586778640747,187,L,C,WIL_PLA,A,188,188,LEU,LEU,True
3742,ThermoMPNN,WIL_PLA,3.07335901260376,187,L,D,WIL_PLA,A,188,188,LEU,LEU,True
3743,ThermoMPNN,WIL_PLA,2.6684961318969727,187,L,E,WIL_PLA,A,188,188,LEU,LEU,True
3744,ThermoMPNN,WIL_PLA,0.6007934808731079,187,L,F,WIL_PLA,A,188,188,LEU,LEU,True
3745,ThermoMPNN,WIL_PLA,2.3923139572143555,187,L,G,WIL_PLA,A,188,188,LEU,LEU,True
3746,ThermoMPNN,WIL_PLA,2.086376905441284,187,L,H,WIL_PLA,A,188,188,LEU,LEU,True
3747,ThermoMPNN,WIL_PLA,1.176039457321167,187,L,I,WIL_PLA,A,188,188,LEU,LEU,True
3748,ThermoMPNN,WIL_PLA,2.4365265369415283,187,L,K,WIL_PLA,A,188,188,LEU,LEU,True
3749,ThermoMPNN,WIL_PLA,0.0,187,L,L,WIL_PLA,A,188,188,LEU,LEU,True
3750,ThermoMPNN,WIL_PLA,0.4723109006881714,187,L,M,WIL_PLA,A,188,188,LEU,LEU,True
3751,ThermoMPNN,WIL_PLA,2.5608720779418945,187,L,N,WIL_PLA,A,188,188,LEU,LEU,True
3752,ThermoMPNN,WIL_PLA,2.998157501220703,187,L,P,WIL_PLA,A,188,188,LEU,LEU,True
3753,ThermoMPNN,WIL_PLA,2.26565933227539,187,L,Q,WIL_PLA,A,188,188,LEU,LEU,True
3754,ThermoMPNN,WIL_PLA,2.291623592376709,187,L,R,WIL_PLA,A,188,188,LEU,LEU,True
3755,ThermoMPNN,WIL_PLA,2.4807398319244385,187,L,S,WIL_PLA,A,188,188,LEU,LEU,True
3756,ThermoMPNN,WIL_PLA,2.401875734329224,187,L,T,WIL_PLA,A,188,188,LEU,LEU,True
3757,ThermoMPNN,WIL_PLA,1.5918340682983398,187,L,V,WIL_PLA,A,188,188,LEU,LEU,True
3758,ThermoMPNN,WIL_PLA,0.9342988729476928,187,L,W,WIL_PLA,A,188,188,LEU,LEU,True
3759,ThermoMPNN,WIL_PLA,0.9464658498764038,187,L,Y,WIL_PLA,A,188,188,LEU,LEU,True
3760,ThermoMPNN,WIL_PLA,2.2996954917907715,188,R,A,WIL_PLA,A,189,189,ARG,ARG,True
3761,ThermoMPNN,WIL_PLA,2.6014506816864014,188,R,C,WIL_PLA,A,189,189,ARG,ARG,True
3762,ThermoMPNN,WIL_PLA,4.373189926147461,188,R,D,WIL_PLA,A,189,189,ARG,ARG,True
3763,ThermoMPNN,WIL_PLA,3.467134475708008,188,R,E,WIL_PLA,A,189,189,ARG,ARG,True
3764,ThermoMPNN,WIL_PLA,2.730450391769409,188,R,F,WIL_PLA,A,189,189,ARG,ARG,True
3765,ThermoMPNN,WIL_PLA,3.270257472991944,188,R,G,WIL_PLA,A,189,189,ARG,ARG,True
3766,ThermoMPNN,WIL_PLA,2.508931875228882,188,R,H,WIL_PLA,A,189,189,ARG,ARG,True
3767,ThermoMPNN,WIL_PLA,2.167767286300659,188,R,I,WIL_PLA,A,189,189,ARG,ARG,True
3768,ThermoMPNN,WIL_PLA,0.7808005809783936,188,R,K,WIL_PLA,A,189,189,ARG,ARG,True
3769,ThermoMPNN,WIL_PLA,2.300811767578125,188,R,L,WIL_PLA,A,189,189,ARG,ARG,True
3770,ThermoMPNN,WIL_PLA,1.7003482580184937,188,R,M,WIL_PLA,A,189,189,ARG,ARG,True
3771,ThermoMPNN,WIL_PLA,3.122232437133789,188,R,N,WIL_PLA,A,189,189,ARG,ARG,True
3772,ThermoMPNN,WIL_PLA,4.222534656524658,188,R,P,WIL_PLA,A,189,189,ARG,ARG,True
3773,ThermoMPNN,WIL_PLA,1.7024673223495483,188,R,Q,WIL_PLA,A,189,189,ARG,ARG,True
3774,ThermoMPNN,WIL_PLA,0.0,188,R,R,WIL_PLA,A,189,189,ARG,ARG,True
3775,ThermoMPNN,WIL_PLA,2.5195775032043457,188,R,S,WIL_PLA,A,189,189,ARG,ARG,True
3776,ThermoMPNN,WIL_PLA,2.3222155570983887,188,R,T,WIL_PLA,A,189,189,ARG,ARG,True
3777,ThermoMPNN,WIL_PLA,2.431232213973999,188,R,V,WIL_PLA,A,189,189,ARG,ARG,True
3778,ThermoMPNN,WIL_PLA,2.503870725631714,188,R,W,WIL_PLA,A,189,189,ARG,ARG,True
3779,ThermoMPNN,WIL_PLA,2.693190336227417,188,R,Y,WIL_PLA,A,189,189,ARG,ARG,True
3780,ThermoMPNN,WIL_PLA,-0.1314710974693298,189,N,A,WIL_PLA,A,190,190,ASN,ASN,True
3781,ThermoMPNN,WIL_PLA,-0.3127835988998413,189,N,C,WIL_PLA,A,190,190,ASN,ASN,True
3782,ThermoMPNN,WIL_PLA,0.4209777414798736,189,N,D,WIL_PLA,A,190,190,ASN,ASN,True
3783,ThermoMPNN,WIL_PLA,0.1995702385902404,189,N,E,WIL_PLA,A,190,190,ASN,ASN,True
3784,ThermoMPNN,WIL_PLA,-0.0134398937225341,189,N,F,WIL_PLA,A,190,190,ASN,ASN,True
3785,ThermoMPNN,WIL_PLA,0.3974741101264953,189,N,G,WIL_PLA,A,190,190,ASN,ASN,True
3786,ThermoMPNN,WIL_PLA,-0.1346052289009094,189,N,H,WIL_PLA,A,190,190,ASN,ASN,True
3787,ThermoMPNN,WIL_PLA,-0.1864251494407653,189,N,I,WIL_PLA,A,190,190,ASN,ASN,True
3788,ThermoMPNN,WIL_PLA,-0.2474489212036132,189,N,K,WIL_PLA,A,190,190,ASN,ASN,True
3789,ThermoMPNN,WIL_PLA,-0.162502646446228,189,N,L,WIL_PLA,A,190,190,ASN,ASN,True
3790,ThermoMPNN,WIL_PLA,-0.2498592138290405,189,N,M,WIL_PLA,A,190,190,ASN,ASN,True
3791,ThermoMPNN,WIL_PLA,0.0,189,N,N,WIL_PLA,A,190,190,ASN,ASN,True
3792,ThermoMPNN,WIL_PLA,1.790731430053711,189,N,P,WIL_PLA,A,190,190,ASN,ASN,True
3793,ThermoMPNN,WIL_PLA,-0.1722100377082824,189,N,Q,WIL_PLA,A,190,190,ASN,ASN,True
3794,ThermoMPNN,WIL_PLA,-0.4609795808792114,189,N,R,WIL_PLA,A,190,190,ASN,ASN,True
3795,ThermoMPNN,WIL_PLA,-0.1718819737434387,189,N,S,WIL_PLA,A,190,190,ASN,ASN,True
3796,ThermoMPNN,WIL_PLA,-0.2529126405715942,189,N,T,WIL_PLA,A,190,190,ASN,ASN,True
3797,ThermoMPNN,WIL_PLA,-0.240768551826477,189,N,V,WIL_PLA,A,190,190,ASN,ASN,True
3798,ThermoMPNN,WIL_PLA,-0.0733225345611572,189,N,W,WIL_PLA,A,190,190,ASN,ASN,True
3799,ThermoMPNN,WIL_PLA,-0.1105862259864807,189,N,Y,WIL_PLA,A,190,190,ASN,ASN,True
3800,ThermoMPNN,WIL_PLA,0.0,190,A,A,WIL_PLA,A,191,191,ALA,ALA,True
3801,ThermoMPNN,WIL_PLA,-0.0624796748161315,190,A,C,WIL_PLA,A,191,191,ALA,ALA,True
3802,ThermoMPNN,WIL_PLA,1.3248863220214844,190,A,D,WIL_PLA,A,191,191,ALA,ALA,True
3803,ThermoMPNN,WIL_PLA,0.8670927286148071,190,A,E,WIL_PLA,A,191,191,ALA,ALA,True
3804,ThermoMPNN,WIL_PLA,0.0686409473419189,190,A,F,WIL_PLA,A,191,191,ALA,ALA,True
3805,ThermoMPNN,WIL_PLA,0.9157701730728148,190,A,G,WIL_PLA,A,191,191,ALA,ALA,True
3806,ThermoMPNN,WIL_PLA,0.0050045847892761,190,A,H,WIL_PLA,A,191,191,ALA,ALA,True
3807,ThermoMPNN,WIL_PLA,0.1932389736175537,190,A,I,WIL_PLA,A,191,191,ALA,ALA,True
3808,ThermoMPNN,WIL_PLA,-0.8530982136726379,190,A,K,WIL_PLA,A,191,191,ALA,ALA,True
3809,ThermoMPNN,WIL_PLA,-0.2584077715873718,190,A,L,WIL_PLA,A,191,191,ALA,ALA,True
3810,ThermoMPNN,WIL_PLA,-0.3214494585990906,190,A,M,WIL_PLA,A,191,191,ALA,ALA,True
3811,ThermoMPNN,WIL_PLA,0.2525012493133545,190,A,N,WIL_PLA,A,191,191,ALA,ALA,True
3812,ThermoMPNN,WIL_PLA,2.4855287075042725,190,A,P,WIL_PLA,A,191,191,ALA,ALA,True
3813,ThermoMPNN,WIL_PLA,-0.0785449147224426,190,A,Q,WIL_PLA,A,191,191,ALA,ALA,True
3814,ThermoMPNN,WIL_PLA,-1.2746140956878662,190,A,R,WIL_PLA,A,191,191,ALA,ALA,True
3815,ThermoMPNN,WIL_PLA,0.3795332908630371,190,A,S,WIL_PLA,A,191,191,ALA,ALA,True
3816,ThermoMPNN,WIL_PLA,0.4630819857120514,190,A,T,WIL_PLA,A,191,191,ALA,ALA,True
3817,ThermoMPNN,WIL_PLA,0.385068416595459,190,A,V,WIL_PLA,A,191,191,ALA,ALA,True
3818,ThermoMPNN,WIL_PLA,0.1941059827804565,190,A,W,WIL_PLA,A,191,191,ALA,ALA,True
3819,ThermoMPNN,WIL_PLA,0.1134030222892761,190,A,Y,WIL_PLA,A,191,191,ALA,ALA,True
3820,ThermoMPNN,WIL_PLA,1.6381235122680664,191,G,A,WIL_PLA,A,192,192,GLY,GLY,True
3821,ThermoMPNN,WIL_PLA,1.0651707649230957,191,G,C,WIL_PLA,A,192,192,GLY,GLY,True
3822,ThermoMPNN,WIL_PLA,2.025080919265747,191,G,D,WIL_PLA,A,192,192,GLY,GLY,True
3823,ThermoMPNN,WIL_PLA,2.151376485824585,191,G,E,WIL_PLA,A,192,192,GLY,GLY,True
3824,ThermoMPNN,WIL_PLA,1.3502442836761477,191,G,F,WIL_PLA,A,192,192,GLY,GLY,True
3825,ThermoMPNN,WIL_PLA,0.0,191,G,G,WIL_PLA,A,192,192,GLY,GLY,True
3826,ThermoMPNN,WIL_PLA,1.4817397594451904,191,G,H,WIL_PLA,A,192,192,GLY,GLY,True
3827,ThermoMPNN,WIL_PLA,1.8762917518615725,191,G,I,WIL_PLA,A,192,192,GLY,GLY,True
3828,ThermoMPNN,WIL_PLA,1.878756403923035,191,G,K,WIL_PLA,A,192,192,GLY,GLY,True
3829,ThermoMPNN,WIL_PLA,1.5662442445755005,191,G,L,WIL_PLA,A,192,192,GLY,GLY,True
3830,ThermoMPNN,WIL_PLA,1.5892343521118164,191,G,M,WIL_PLA,A,192,192,GLY,GLY,True
3831,ThermoMPNN,WIL_PLA,1.6467485427856443,191,G,N,WIL_PLA,A,192,192,GLY,GLY,True
3832,ThermoMPNN,WIL_PLA,2.3332645893096924,191,G,P,WIL_PLA,A,192,192,GLY,GLY,True
3833,ThermoMPNN,WIL_PLA,1.7612226009368896,191,G,Q,WIL_PLA,A,192,192,GLY,GLY,True
3834,ThermoMPNN,WIL_PLA,1.8865872621536253,191,G,R,WIL_PLA,A,192,192,GLY,GLY,True
3835,ThermoMPNN,WIL_PLA,1.791235327720642,191,G,S,WIL_PLA,A,192,192,GLY,GLY,True
3836,ThermoMPNN,WIL_PLA,2.0778324604034424,191,G,T,WIL_PLA,A,192,192,GLY,GLY,True
3837,ThermoMPNN,WIL_PLA,1.841693878173828,191,G,V,WIL_PLA,A,192,192,GLY,GLY,True
3838,ThermoMPNN,WIL_PLA,1.2611184120178225,191,G,W,WIL_PLA,A,192,192,GLY,GLY,True
3839,ThermoMPNN,WIL_PLA,1.3947174549102783,191,G,Y,WIL_PLA,A,192,192,GLY,GLY,True
3840,ThermoMPNN,WIL_PLA,1.814583778381348,192,Y,A,WIL_PLA,A,193,193,TYR,TYR,True
3841,ThermoMPNN,WIL_PLA,0.923764944076538,192,Y,C,WIL_PLA,A,193,193,TYR,TYR,True
3842,ThermoMPNN,WIL_PLA,2.808102607727051,192,Y,D,WIL_PLA,A,193,193,TYR,TYR,True
3843,ThermoMPNN,WIL_PLA,2.5326473712921143,192,Y,E,WIL_PLA,A,193,193,TYR,TYR,True
3844,ThermoMPNN,WIL_PLA,0.2651301622390747,192,Y,F,WIL_PLA,A,193,193,TYR,TYR,True
3845,ThermoMPNN,WIL_PLA,2.6124415397644043,192,Y,G,WIL_PLA,A,193,193,TYR,TYR,True
3846,ThermoMPNN,WIL_PLA,1.1023659706115725,192,Y,H,WIL_PLA,A,193,193,TYR,TYR,True
3847,ThermoMPNN,WIL_PLA,0.941359043121338,192,Y,I,WIL_PLA,A,193,193,TYR,TYR,True
3848,ThermoMPNN,WIL_PLA,1.0553126335144043,192,Y,K,WIL_PLA,A,193,193,TYR,TYR,True
3849,ThermoMPNN,WIL_PLA,0.625746488571167,192,Y,L,WIL_PLA,A,193,193,TYR,TYR,True
3850,ThermoMPNN,WIL_PLA,0.949449896812439,192,Y,M,WIL_PLA,A,193,193,TYR,TYR,True
3851,ThermoMPNN,WIL_PLA,1.8774125576019287,192,Y,N,WIL_PLA,A,193,193,TYR,TYR,True
3852,ThermoMPNN,WIL_PLA,2.563363075256348,192,Y,P,WIL_PLA,A,193,193,TYR,TYR,True
3853,ThermoMPNN,WIL_PLA,1.698365569114685,192,Y,Q,WIL_PLA,A,193,193,TYR,TYR,True
3854,ThermoMPNN,WIL_PLA,0.7639738321304321,192,Y,R,WIL_PLA,A,193,193,TYR,TYR,True
3855,ThermoMPNN,WIL_PLA,1.977164626121521,192,Y,S,WIL_PLA,A,193,193,TYR,TYR,True
3856,ThermoMPNN,WIL_PLA,1.8157641887664795,192,Y,T,WIL_PLA,A,193,193,TYR,TYR,True
3857,ThermoMPNN,WIL_PLA,1.2555420398712158,192,Y,V,WIL_PLA,A,193,193,TYR,TYR,True
3858,ThermoMPNN,WIL_PLA,0.2087206840515136,192,Y,W,WIL_PLA,A,193,193,TYR,TYR,True
3859,ThermoMPNN,WIL_PLA,0.0,192,Y,Y,WIL_PLA,A,193,193,TYR,TYR,True
3860,ThermoMPNN,WIL_PLA,0.7180781364440918,193,T,A,WIL_PLA,A,194,194,THR,THR,True
3861,ThermoMPNN,WIL_PLA,-0.0255627632141113,193,T,C,WIL_PLA,A,194,194,THR,THR,True
3862,ThermoMPNN,WIL_PLA,1.199582815170288,193,T,D,WIL_PLA,A,194,194,THR,THR,True
3863,ThermoMPNN,WIL_PLA,0.9279443025588988,193,T,E,WIL_PLA,A,194,194,THR,THR,True
3864,ThermoMPNN,WIL_PLA,0.0898461937904357,193,T,F,WIL_PLA,A,194,194,THR,THR,True
3865,ThermoMPNN,WIL_PLA,1.2835520505905151,193,T,G,WIL_PLA,A,194,194,THR,THR,True
3866,ThermoMPNN,WIL_PLA,0.077832281589508,193,T,H,WIL_PLA,A,194,194,THR,THR,True
3867,ThermoMPNN,WIL_PLA,-0.3068325519561767,193,T,I,WIL_PLA,A,194,194,THR,THR,True
3868,ThermoMPNN,WIL_PLA,0.2826758027076721,193,T,K,WIL_PLA,A,194,194,THR,THR,True
3869,ThermoMPNN,WIL_PLA,0.2420589327812194,193,T,L,WIL_PLA,A,194,194,THR,THR,True
3870,ThermoMPNN,WIL_PLA,0.3385420441627502,193,T,M,WIL_PLA,A,194,194,THR,THR,True
3871,ThermoMPNN,WIL_PLA,0.5234556794166565,193,T,N,WIL_PLA,A,194,194,THR,THR,True
3872,ThermoMPNN,WIL_PLA,1.5287880897521973,193,T,P,WIL_PLA,A,194,194,THR,THR,True
3873,ThermoMPNN,WIL_PLA,0.5440396070480347,193,T,Q,WIL_PLA,A,194,194,THR,THR,True
3874,ThermoMPNN,WIL_PLA,0.1666345000267028,193,T,R,WIL_PLA,A,194,194,THR,THR,True
3875,ThermoMPNN,WIL_PLA,0.4241893291473388,193,T,S,WIL_PLA,A,194,194,THR,THR,True
3876,ThermoMPNN,WIL_PLA,0.0,193,T,T,WIL_PLA,A,194,194,THR,THR,True
3877,ThermoMPNN,WIL_PLA,-0.1654115915298462,193,T,V,WIL_PLA,A,194,194,THR,THR,True
3878,ThermoMPNN,WIL_PLA,0.0282803773880004,193,T,W,WIL_PLA,A,194,194,THR,THR,True
3879,ThermoMPNN,WIL_PLA,-0.1110783815383911,193,T,Y,WIL_PLA,A,194,194,THR,THR,True
3880,ThermoMPNN,WIL_PLA,1.815279245376587,194,L,A,WIL_PLA,A,195,195,LEU,LEU,True
3881,ThermoMPNN,WIL_PLA,0.8914322853088379,194,L,C,WIL_PLA,A,195,195,LEU,LEU,True
3882,ThermoMPNN,WIL_PLA,3.5241427421569824,194,L,D,WIL_PLA,A,195,195,LEU,LEU,True
3883,ThermoMPNN,WIL_PLA,3.199791431427002,194,L,E,WIL_PLA,A,195,195,LEU,LEU,True
3884,ThermoMPNN,WIL_PLA,1.4452950954437256,194,L,F,WIL_PLA,A,195,195,LEU,LEU,True
3885,ThermoMPNN,WIL_PLA,1.9325897693634035,194,L,G,WIL_PLA,A,195,195,LEU,LEU,True
3886,ThermoMPNN,WIL_PLA,3.124098300933838,194,L,H,WIL_PLA,A,195,195,LEU,LEU,True
3887,ThermoMPNN,WIL_PLA,0.6072161197662354,194,L,I,WIL_PLA,A,195,195,LEU,LEU,True
3888,ThermoMPNN,WIL_PLA,3.237908363342285,194,L,K,WIL_PLA,A,195,195,LEU,LEU,True
3889,ThermoMPNN,WIL_PLA,0.0,194,L,L,WIL_PLA,A,195,195,LEU,LEU,True
3890,ThermoMPNN,WIL_PLA,1.0827105045318604,194,L,M,WIL_PLA,A,195,195,LEU,LEU,True
3891,ThermoMPNN,WIL_PLA,3.117307662963867,194,L,N,WIL_PLA,A,195,195,LEU,LEU,True
3892,ThermoMPNN,WIL_PLA,3.1771693229675293,194,L,P,WIL_PLA,A,195,195,LEU,LEU,True
3893,ThermoMPNN,WIL_PLA,3.241842269897461,194,L,Q,WIL_PLA,A,195,195,LEU,LEU,True
3894,ThermoMPNN,WIL_PLA,3.287268877029419,194,L,R,WIL_PLA,A,195,195,LEU,LEU,True
3895,ThermoMPNN,WIL_PLA,2.5995514392852783,194,L,S,WIL_PLA,A,195,195,LEU,LEU,True
3896,ThermoMPNN,WIL_PLA,2.492282629013061,194,L,T,WIL_PLA,A,195,195,LEU,LEU,True
3897,ThermoMPNN,WIL_PLA,0.6524200439453125,194,L,V,WIL_PLA,A,195,195,LEU,LEU,True
3898,ThermoMPNN,WIL_PLA,2.076592445373535,194,L,W,WIL_PLA,A,195,195,LEU,LEU,True
3899,ThermoMPNN,WIL_PLA,2.262434482574463,194,L,Y,WIL_PLA,A,195,195,LEU,LEU,True
3900,ThermoMPNN,WIL_PLA,0.987591028213501,195,D,A,WIL_PLA,A,196,196,ASP,ASP,True
3901,ThermoMPNN,WIL_PLA,0.3651596307754516,195,D,C,WIL_PLA,A,196,196,ASP,ASP,True
3902,ThermoMPNN,WIL_PLA,0.0,195,D,D,WIL_PLA,A,196,196,ASP,ASP,True
3903,ThermoMPNN,WIL_PLA,0.9668278694152832,195,D,E,WIL_PLA,A,196,196,ASP,ASP,True
3904,ThermoMPNN,WIL_PLA,0.7643225193023682,195,D,F,WIL_PLA,A,196,196,ASP,ASP,True
3905,ThermoMPNN,WIL_PLA,1.7722978591918943,195,D,G,WIL_PLA,A,196,196,ASP,ASP,True
3906,ThermoMPNN,WIL_PLA,0.4410239458084106,195,D,H,WIL_PLA,A,196,196,ASP,ASP,True
3907,ThermoMPNN,WIL_PLA,0.5429580807685852,195,D,I,WIL_PLA,A,196,196,ASP,ASP,True
3908,ThermoMPNN,WIL_PLA,1.3518627882003784,195,D,K,WIL_PLA,A,196,196,ASP,ASP,True
3909,ThermoMPNN,WIL_PLA,0.7121651768684387,195,D,L,WIL_PLA,A,196,196,ASP,ASP,True
3910,ThermoMPNN,WIL_PLA,0.8664171099662781,195,D,M,WIL_PLA,A,196,196,ASP,ASP,True
3911,ThermoMPNN,WIL_PLA,0.1952784061431884,195,D,N,WIL_PLA,A,196,196,ASP,ASP,True
3912,ThermoMPNN,WIL_PLA,2.8978896141052246,195,D,P,WIL_PLA,A,196,196,ASP,ASP,True
3913,ThermoMPNN,WIL_PLA,0.9319723844528198,195,D,Q,WIL_PLA,A,196,196,ASP,ASP,True
3914,ThermoMPNN,WIL_PLA,1.126343846321106,195,D,R,WIL_PLA,A,196,196,ASP,ASP,True
3915,ThermoMPNN,WIL_PLA,0.6586728692054749,195,D,S,WIL_PLA,A,196,196,ASP,ASP,True
3916,ThermoMPNN,WIL_PLA,0.8236811757087708,195,D,T,WIL_PLA,A,196,196,ASP,ASP,True
3917,ThermoMPNN,WIL_PLA,0.5292413830757141,195,D,V,WIL_PLA,A,196,196,ASP,ASP,True
3918,ThermoMPNN,WIL_PLA,0.8306242227554321,195,D,W,WIL_PLA,A,196,196,ASP,ASP,True
3919,ThermoMPNN,WIL_PLA,0.6926024556159973,195,D,Y,WIL_PLA,A,196,196,ASP,ASP,True
3920,ThermoMPNN,WIL_PLA,2.1821630001068115,196,L,A,WIL_PLA,A,197,197,LEU,LEU,True
3921,ThermoMPNN,WIL_PLA,1.1935267448425293,196,L,C,WIL_PLA,A,197,197,LEU,LEU,True
3922,ThermoMPNN,WIL_PLA,2.551021099090576,196,L,D,WIL_PLA,A,197,197,LEU,LEU,True
3923,ThermoMPNN,WIL_PLA,2.467060089111328,196,L,E,WIL_PLA,A,197,197,LEU,LEU,True
3924,ThermoMPNN,WIL_PLA,0.6539468765258789,196,L,F,WIL_PLA,A,197,197,LEU,LEU,True
3925,ThermoMPNN,WIL_PLA,2.814645528793335,196,L,G,WIL_PLA,A,197,197,LEU,LEU,True
3926,ThermoMPNN,WIL_PLA,2.130268812179565,196,L,H,WIL_PLA,A,197,197,LEU,LEU,True
3927,ThermoMPNN,WIL_PLA,0.657417893409729,196,L,I,WIL_PLA,A,197,197,LEU,LEU,True
3928,ThermoMPNN,WIL_PLA,2.3901073932647705,196,L,K,WIL_PLA,A,197,197,LEU,LEU,True
3929,ThermoMPNN,WIL_PLA,0.0,196,L,L,WIL_PLA,A,197,197,LEU,LEU,True
3930,ThermoMPNN,WIL_PLA,0.804651141166687,196,L,M,WIL_PLA,A,197,197,LEU,LEU,True
3931,ThermoMPNN,WIL_PLA,2.448113203048706,196,L,N,WIL_PLA,A,197,197,LEU,LEU,True
3932,ThermoMPNN,WIL_PLA,2.5930280685424805,196,L,P,WIL_PLA,A,197,197,LEU,LEU,True
3933,ThermoMPNN,WIL_PLA,2.3682918548583984,196,L,Q,WIL_PLA,A,197,197,LEU,LEU,True
3934,ThermoMPNN,WIL_PLA,2.2580416202545166,196,L,R,WIL_PLA,A,197,197,LEU,LEU,True
3935,ThermoMPNN,WIL_PLA,2.2422068119049072,196,L,S,WIL_PLA,A,197,197,LEU,LEU,True
3936,ThermoMPNN,WIL_PLA,1.8667205572128296,196,L,T,WIL_PLA,A,197,197,LEU,LEU,True
3937,ThermoMPNN,WIL_PLA,1.029065489768982,196,L,V,WIL_PLA,A,197,197,LEU,LEU,True
3938,ThermoMPNN,WIL_PLA,1.2174533605575562,196,L,W,WIL_PLA,A,197,197,LEU,LEU,True
3939,ThermoMPNN,WIL_PLA,1.2182974815368652,196,L,Y,WIL_PLA,A,197,197,LEU,LEU,True
3940,ThermoMPNN,WIL_PLA,2.487155675888061,197,Y,A,WIL_PLA,A,198,198,TYR,TYR,True
3941,ThermoMPNN,WIL_PLA,1.81823205947876,197,Y,C,WIL_PLA,A,198,198,TYR,TYR,True
3942,ThermoMPNN,WIL_PLA,3.40360689163208,197,Y,D,WIL_PLA,A,198,198,TYR,TYR,True
3943,ThermoMPNN,WIL_PLA,3.0959489345550537,197,Y,E,WIL_PLA,A,198,198,TYR,TYR,True
3944,ThermoMPNN,WIL_PLA,0.3627960681915283,197,Y,F,WIL_PLA,A,198,198,TYR,TYR,True
3945,ThermoMPNN,WIL_PLA,3.1750142574310303,197,Y,G,WIL_PLA,A,198,198,TYR,TYR,True
3946,ThermoMPNN,WIL_PLA,2.2070412635803223,197,Y,H,WIL_PLA,A,198,198,TYR,TYR,True
3947,ThermoMPNN,WIL_PLA,1.2220282554626465,197,Y,I,WIL_PLA,A,198,198,TYR,TYR,True
3948,ThermoMPNN,WIL_PLA,2.731431007385254,197,Y,K,WIL_PLA,A,198,198,TYR,TYR,True
3949,ThermoMPNN,WIL_PLA,1.471975326538086,197,Y,L,WIL_PLA,A,198,198,TYR,TYR,True
3950,ThermoMPNN,WIL_PLA,1.8348398208618164,197,Y,M,WIL_PLA,A,198,198,TYR,TYR,True
3951,ThermoMPNN,WIL_PLA,2.993104219436645,197,Y,N,WIL_PLA,A,198,198,TYR,TYR,True
3952,ThermoMPNN,WIL_PLA,2.9817473888397217,197,Y,P,WIL_PLA,A,198,198,TYR,TYR,True
3953,ThermoMPNN,WIL_PLA,2.8861284255981445,197,Y,Q,WIL_PLA,A,198,198,TYR,TYR,True
3954,ThermoMPNN,WIL_PLA,2.5328457355499268,197,Y,R,WIL_PLA,A,198,198,TYR,TYR,True
3955,ThermoMPNN,WIL_PLA,2.979921102523804,197,Y,S,WIL_PLA,A,198,198,TYR,TYR,True
3956,ThermoMPNN,WIL_PLA,2.515650987625122,197,Y,T,WIL_PLA,A,198,198,TYR,TYR,True
3957,ThermoMPNN,WIL_PLA,1.4282307624816897,197,Y,V,WIL_PLA,A,198,198,TYR,TYR,True
3958,ThermoMPNN,WIL_PLA,0.6994384527206421,197,Y,W,WIL_PLA,A,198,198,TYR,TYR,True
3959,ThermoMPNN,WIL_PLA,0.0,197,Y,Y,WIL_PLA,A,198,198,TYR,TYR,True
3960,ThermoMPNN,WIL_PLA,0.0436251759529113,198,N,A,WIL_PLA,A,199,199,ASN,ASN,True
3961,ThermoMPNN,WIL_PLA,-0.6268659234046936,198,N,C,WIL_PLA,A,199,199,ASN,ASN,True
3962,ThermoMPNN,WIL_PLA,0.5368791222572327,198,N,D,WIL_PLA,A,199,199,ASN,ASN,True
3963,ThermoMPNN,WIL_PLA,0.8410748243331909,198,N,E,WIL_PLA,A,199,199,ASN,ASN,True
3964,ThermoMPNN,WIL_PLA,-0.1773867607116699,198,N,F,WIL_PLA,A,199,199,ASN,ASN,True
3965,ThermoMPNN,WIL_PLA,-0.4463642239570617,198,N,G,WIL_PLA,A,199,199,ASN,ASN,True
3966,ThermoMPNN,WIL_PLA,0.2205174565315246,198,N,H,WIL_PLA,A,199,199,ASN,ASN,True
3967,ThermoMPNN,WIL_PLA,0.1761833727359771,198,N,I,WIL_PLA,A,199,199,ASN,ASN,True
3968,ThermoMPNN,WIL_PLA,0.580445408821106,198,N,K,WIL_PLA,A,199,199,ASN,ASN,True
3969,ThermoMPNN,WIL_PLA,-0.211017370223999,198,N,L,WIL_PLA,A,199,199,ASN,ASN,True
3970,ThermoMPNN,WIL_PLA,-0.0320337414741516,198,N,M,WIL_PLA,A,199,199,ASN,ASN,True
3971,ThermoMPNN,WIL_PLA,0.0,198,N,N,WIL_PLA,A,199,199,ASN,ASN,True
3972,ThermoMPNN,WIL_PLA,1.4768240451812744,198,N,P,WIL_PLA,A,199,199,ASN,ASN,True
3973,ThermoMPNN,WIL_PLA,0.4761754274368286,198,N,Q,WIL_PLA,A,199,199,ASN,ASN,True
3974,ThermoMPNN,WIL_PLA,0.5158160328865051,198,N,R,WIL_PLA,A,199,199,ASN,ASN,True
3975,ThermoMPNN,WIL_PLA,-0.3666349649429321,198,N,S,WIL_PLA,A,199,199,ASN,ASN,True
3976,ThermoMPNN,WIL_PLA,-0.7629868388175964,198,N,T,WIL_PLA,A,199,199,ASN,ASN,True
3977,ThermoMPNN,WIL_PLA,-0.0829679369926452,198,N,V,WIL_PLA,A,199,199,ASN,ASN,True
3978,ThermoMPNN,WIL_PLA,0.1376402378082275,198,N,W,WIL_PLA,A,199,199,ASN,ASN,True
3979,ThermoMPNN,WIL_PLA,0.0833299756050109,198,N,Y,WIL_PLA,A,199,199,ASN,ASN,True
3980,ThermoMPNN,WIL_PLA,2.5055739879608154,199,F,A,WIL_PLA,A,200,200,PHE,PHE,True
3981,ThermoMPNN,WIL_PLA,1.439331293106079,199,F,C,WIL_PLA,A,200,200,PHE,PHE,True
3982,ThermoMPNN,WIL_PLA,2.4047927856445312,199,F,D,WIL_PLA,A,200,200,PHE,PHE,True
3983,ThermoMPNN,WIL_PLA,2.493151426315308,199,F,E,WIL_PLA,A,200,200,PHE,PHE,True
3984,ThermoMPNN,WIL_PLA,0.0,199,F,F,WIL_PLA,A,200,200,PHE,PHE,True
3985,ThermoMPNN,WIL_PLA,2.3189210891723637,199,F,G,WIL_PLA,A,200,200,PHE,PHE,True
3986,ThermoMPNN,WIL_PLA,2.045072317123413,199,F,H,WIL_PLA,A,200,200,PHE,PHE,True
3987,ThermoMPNN,WIL_PLA,1.6574039459228516,199,F,I,WIL_PLA,A,200,200,PHE,PHE,True
3988,ThermoMPNN,WIL_PLA,2.2977294921875,199,F,K,WIL_PLA,A,200,200,PHE,PHE,True
3989,ThermoMPNN,WIL_PLA,1.489771604537964,199,F,L,WIL_PLA,A,200,200,PHE,PHE,True
3990,ThermoMPNN,WIL_PLA,1.6138765811920166,199,F,M,WIL_PLA,A,200,200,PHE,PHE,True
3991,ThermoMPNN,WIL_PLA,2.323649883270264,199,F,N,WIL_PLA,A,200,200,PHE,PHE,True
3992,ThermoMPNN,WIL_PLA,2.4224114418029785,199,F,P,WIL_PLA,A,200,200,PHE,PHE,True
3993,ThermoMPNN,WIL_PLA,2.466542482376098,199,F,Q,WIL_PLA,A,200,200,PHE,PHE,True
3994,ThermoMPNN,WIL_PLA,2.200075149536133,199,F,R,WIL_PLA,A,200,200,PHE,PHE,True
3995,ThermoMPNN,WIL_PLA,2.330830812454224,199,F,S,WIL_PLA,A,200,200,PHE,PHE,True
3996,ThermoMPNN,WIL_PLA,2.2425854206085205,199,F,T,WIL_PLA,A,200,200,PHE,PHE,True
3997,ThermoMPNN,WIL_PLA,1.9895596504211424,199,F,V,WIL_PLA,A,200,200,PHE,PHE,True
3998,ThermoMPNN,WIL_PLA,1.006452560424805,199,F,W,WIL_PLA,A,200,200,PHE,PHE,True
3999,ThermoMPNN,WIL_PLA,0.7713140249252319,199,F,Y,WIL_PLA,A,200,200,PHE,PHE,True
4000,ThermoMPNN,WIL_PLA,1.570095419883728,200,G,A,WIL_PLA,A,201,201,GLY,GLY,True
4001,ThermoMPNN,WIL_PLA,1.556626319885254,200,G,C,WIL_PLA,A,201,201,GLY,GLY,True
4002,ThermoMPNN,WIL_PLA,2.653472900390625,200,G,D,WIL_PLA,A,201,201,GLY,GLY,True
4003,ThermoMPNN,WIL_PLA,2.9735021591186523,200,G,E,WIL_PLA,A,201,201,GLY,GLY,True
4004,ThermoMPNN,WIL_PLA,2.1341207027435303,200,G,F,WIL_PLA,A,201,201,GLY,GLY,True
4005,ThermoMPNN,WIL_PLA,0.0,200,G,G,WIL_PLA,A,201,201,GLY,GLY,True
4006,ThermoMPNN,WIL_PLA,2.454991102218628,200,G,H,WIL_PLA,A,201,201,GLY,GLY,True
4007,ThermoMPNN,WIL_PLA,2.6140077114105225,200,G,I,WIL_PLA,A,201,201,GLY,GLY,True
4008,ThermoMPNN,WIL_PLA,2.750965118408203,200,G,K,WIL_PLA,A,201,201,GLY,GLY,True
4009,ThermoMPNN,WIL_PLA,2.5998306274414062,200,G,L,WIL_PLA,A,201,201,GLY,GLY,True
4010,ThermoMPNN,WIL_PLA,2.240907669067383,200,G,M,WIL_PLA,A,201,201,GLY,GLY,True
4011,ThermoMPNN,WIL_PLA,2.550485849380493,200,G,N,WIL_PLA,A,201,201,GLY,GLY,True
4012,ThermoMPNN,WIL_PLA,3.0727553367614746,200,G,P,WIL_PLA,A,201,201,GLY,GLY,True
4013,ThermoMPNN,WIL_PLA,2.661942720413208,200,G,Q,WIL_PLA,A,201,201,GLY,GLY,True
4014,ThermoMPNN,WIL_PLA,2.5920002460479736,200,G,R,WIL_PLA,A,201,201,GLY,GLY,True
4015,ThermoMPNN,WIL_PLA,1.988980054855347,200,G,S,WIL_PLA,A,201,201,GLY,GLY,True
4016,ThermoMPNN,WIL_PLA,2.2589352130889893,200,G,T,WIL_PLA,A,201,201,GLY,GLY,True
4017,ThermoMPNN,WIL_PLA,2.469550848007202,200,G,V,WIL_PLA,A,201,201,GLY,GLY,True
4018,ThermoMPNN,WIL_PLA,2.35357666015625,200,G,W,WIL_PLA,A,201,201,GLY,GLY,True
4019,ThermoMPNN,WIL_PLA,2.2740249633789062,200,G,Y,WIL_PLA,A,201,201,GLY,GLY,True
4020,ThermoMPNN,WIL_PLA,-0.3395571708679199,201,Q,A,WIL_PLA,A,202,202,GLN,GLN,True
4021,ThermoMPNN,WIL_PLA,-0.6764587759971619,201,Q,C,WIL_PLA,A,202,202,GLN,GLN,True
4022,ThermoMPNN,WIL_PLA,0.6549107432365417,201,Q,D,WIL_PLA,A,202,202,GLN,GLN,True
4023,ThermoMPNN,WIL_PLA,0.1622204482555389,201,Q,E,WIL_PLA,A,202,202,GLN,GLN,True
4024,ThermoMPNN,WIL_PLA,-0.3690243363380432,201,Q,F,WIL_PLA,A,202,202,GLN,GLN,True
4025,ThermoMPNN,WIL_PLA,0.1292234361171722,201,Q,G,WIL_PLA,A,202,202,GLN,GLN,True
4026,ThermoMPNN,WIL_PLA,0.1388049721717834,201,Q,H,WIL_PLA,A,202,202,GLN,GLN,True
4027,ThermoMPNN,WIL_PLA,-0.5943604111671448,201,Q,I,WIL_PLA,A,202,202,GLN,GLN,True
4028,ThermoMPNN,WIL_PLA,0.6747502684593201,201,Q,K,WIL_PLA,A,202,202,GLN,GLN,True
4029,ThermoMPNN,WIL_PLA,-0.1045558452606201,201,Q,L,WIL_PLA,A,202,202,GLN,GLN,True
4030,ThermoMPNN,WIL_PLA,-0.5589801669120789,201,Q,M,WIL_PLA,A,202,202,GLN,GLN,True
4031,ThermoMPNN,WIL_PLA,0.5635392069816589,201,Q,N,WIL_PLA,A,202,202,GLN,GLN,True
4032,ThermoMPNN,WIL_PLA,0.3478297293186188,201,Q,P,WIL_PLA,A,202,202,GLN,GLN,True
4033,ThermoMPNN,WIL_PLA,0.0,201,Q,Q,WIL_PLA,A,202,202,GLN,GLN,True
4034,ThermoMPNN,WIL_PLA,0.5744562149047852,201,Q,R,WIL_PLA,A,202,202,GLN,GLN,True
4035,ThermoMPNN,WIL_PLA,-0.2201569080352783,201,Q,S,WIL_PLA,A,202,202,GLN,GLN,True
4036,ThermoMPNN,WIL_PLA,-0.4042497873306274,201,Q,T,WIL_PLA,A,202,202,GLN,GLN,True
4037,ThermoMPNN,WIL_PLA,-0.5620949864387512,201,Q,V,WIL_PLA,A,202,202,GLN,GLN,True
4038,ThermoMPNN,WIL_PLA,-0.1844906210899353,201,Q,W,WIL_PLA,A,202,202,GLN,GLN,True
4039,ThermoMPNN,WIL_PLA,-0.2404117584228515,201,Q,Y,WIL_PLA,A,202,202,GLN,GLN,True
4040,ThermoMPNN,WIL_PLA,0.5425387620925903,202,P,A,WIL_PLA,A,203,203,PRO,PRO,True
4041,ThermoMPNN,WIL_PLA,0.8100428581237793,202,P,C,WIL_PLA,A,203,203,PRO,PRO,True
4042,ThermoMPNN,WIL_PLA,1.9134970903396609,202,P,D,WIL_PLA,A,203,203,PRO,PRO,True
4043,ThermoMPNN,WIL_PLA,1.5823668241500854,202,P,E,WIL_PLA,A,203,203,PRO,PRO,True
4044,ThermoMPNN,WIL_PLA,0.5033485889434814,202,P,F,WIL_PLA,A,203,203,PRO,PRO,True
4045,ThermoMPNN,WIL_PLA,0.7622171640396118,202,P,G,WIL_PLA,A,203,203,PRO,PRO,True
4046,ThermoMPNN,WIL_PLA,1.0978103876113892,202,P,H,WIL_PLA,A,203,203,PRO,PRO,True
4047,ThermoMPNN,WIL_PLA,1.0663009881973269,202,P,I,WIL_PLA,A,203,203,PRO,PRO,True
4048,ThermoMPNN,WIL_PLA,1.414434552192688,202,P,K,WIL_PLA,A,203,203,PRO,PRO,True
4049,ThermoMPNN,WIL_PLA,1.164034128189087,202,P,L,WIL_PLA,A,203,203,PRO,PRO,True
4050,ThermoMPNN,WIL_PLA,0.9826663732528688,202,P,M,WIL_PLA,A,203,203,PRO,PRO,True
4051,ThermoMPNN,WIL_PLA,1.5760717391967771,202,P,N,WIL_PLA,A,203,203,PRO,PRO,True
4052,ThermoMPNN,WIL_PLA,0.0,202,P,P,WIL_PLA,A,203,203,PRO,PRO,True
4053,ThermoMPNN,WIL_PLA,1.3603054285049438,202,P,Q,WIL_PLA,A,203,203,PRO,PRO,True
4054,ThermoMPNN,WIL_PLA,1.234929442405701,202,P,R,WIL_PLA,A,203,203,PRO,PRO,True
4055,ThermoMPNN,WIL_PLA,1.2172356843948364,202,P,S,WIL_PLA,A,203,203,PRO,PRO,True
4056,ThermoMPNN,WIL_PLA,1.275784254074097,202,P,T,WIL_PLA,A,203,203,PRO,PRO,True
4057,ThermoMPNN,WIL_PLA,1.1581850051879885,202,P,V,WIL_PLA,A,203,203,PRO,PRO,True
4058,ThermoMPNN,WIL_PLA,1.0939514636993408,202,P,W,WIL_PLA,A,203,203,PRO,PRO,True
4059,ThermoMPNN,WIL_PLA,0.5856359004974365,202,P,Y,WIL_PLA,A,203,203,PRO,PRO,True
4060,ThermoMPNN,WIL_PLA,1.993373990058899,203,R,A,WIL_PLA,A,204,204,ARG,ARG,True
4061,ThermoMPNN,WIL_PLA,2.1289596557617188,203,R,C,WIL_PLA,A,204,204,ARG,ARG,True
4062,ThermoMPNN,WIL_PLA,3.346399545669556,203,R,D,WIL_PLA,A,204,204,ARG,ARG,True
4063,ThermoMPNN,WIL_PLA,3.421572685241699,203,R,E,WIL_PLA,A,204,204,ARG,ARG,True
4064,ThermoMPNN,WIL_PLA,2.432445526123047,203,R,F,WIL_PLA,A,204,204,ARG,ARG,True
4065,ThermoMPNN,WIL_PLA,2.191254138946533,203,R,G,WIL_PLA,A,204,204,ARG,ARG,True
4066,ThermoMPNN,WIL_PLA,2.067502498626709,203,R,H,WIL_PLA,A,204,204,ARG,ARG,True
4067,ThermoMPNN,WIL_PLA,2.792958498001098,203,R,I,WIL_PLA,A,204,204,ARG,ARG,True
4068,ThermoMPNN,WIL_PLA,0.4497160911560058,203,R,K,WIL_PLA,A,204,204,ARG,ARG,True
4069,ThermoMPNN,WIL_PLA,2.265330076217652,203,R,L,WIL_PLA,A,204,204,ARG,ARG,True
4070,ThermoMPNN,WIL_PLA,2.165912628173828,203,R,M,WIL_PLA,A,204,204,ARG,ARG,True
4071,ThermoMPNN,WIL_PLA,2.467761754989624,203,R,N,WIL_PLA,A,204,204,ARG,ARG,True
4072,ThermoMPNN,WIL_PLA,1.9534671306610107,203,R,P,WIL_PLA,A,204,204,ARG,ARG,True
4073,ThermoMPNN,WIL_PLA,2.019082307815552,203,R,Q,WIL_PLA,A,204,204,ARG,ARG,True
4074,ThermoMPNN,WIL_PLA,0.0,203,R,R,WIL_PLA,A,204,204,ARG,ARG,True
4075,ThermoMPNN,WIL_PLA,2.072122573852539,203,R,S,WIL_PLA,A,204,204,ARG,ARG,True
4076,ThermoMPNN,WIL_PLA,2.368237018585205,203,R,T,WIL_PLA,A,204,204,ARG,ARG,True
4077,ThermoMPNN,WIL_PLA,2.922173023223877,203,R,V,WIL_PLA,A,204,204,ARG,ARG,True
4078,ThermoMPNN,WIL_PLA,2.6437435150146484,203,R,W,WIL_PLA,A,204,204,ARG,ARG,True
4079,ThermoMPNN,WIL_PLA,2.35937762260437,203,R,Y,WIL_PLA,A,204,204,ARG,ARG,True
4080,ThermoMPNN,WIL_PLA,1.5844697952270508,204,I,A,WIL_PLA,A,205,205,ILE,ILE,True
4081,ThermoMPNN,WIL_PLA,0.940571427345276,204,I,C,WIL_PLA,A,205,205,ILE,ILE,True
4082,ThermoMPNN,WIL_PLA,2.2294061183929443,204,I,D,WIL_PLA,A,205,205,ILE,ILE,True
4083,ThermoMPNN,WIL_PLA,1.915499329566956,204,I,E,WIL_PLA,A,205,205,ILE,ILE,True
4084,ThermoMPNN,WIL_PLA,1.2917659282684326,204,I,F,WIL_PLA,A,205,205,ILE,ILE,True
4085,ThermoMPNN,WIL_PLA,2.150397062301636,204,I,G,WIL_PLA,A,205,205,ILE,ILE,True
4086,ThermoMPNN,WIL_PLA,2.076622724533081,204,I,H,WIL_PLA,A,205,205,ILE,ILE,True
4087,ThermoMPNN,WIL_PLA,0.0,204,I,I,WIL_PLA,A,205,205,ILE,ILE,True
4088,ThermoMPNN,WIL_PLA,2.0702528953552246,204,I,K,WIL_PLA,A,205,205,ILE,ILE,True
4089,ThermoMPNN,WIL_PLA,0.5810747146606445,204,I,L,WIL_PLA,A,205,205,ILE,ILE,True
4090,ThermoMPNN,WIL_PLA,0.9732415676116944,204,I,M,WIL_PLA,A,205,205,ILE,ILE,True
4091,ThermoMPNN,WIL_PLA,2.130765438079834,204,I,N,WIL_PLA,A,205,205,ILE,ILE,True
4092,ThermoMPNN,WIL_PLA,2.173214912414551,204,I,P,WIL_PLA,A,205,205,ILE,ILE,True
4093,ThermoMPNN,WIL_PLA,1.9413200616836548,204,I,Q,WIL_PLA,A,205,205,ILE,ILE,True
4094,ThermoMPNN,WIL_PLA,2.148791551589966,204,I,R,WIL_PLA,A,205,205,ILE,ILE,True
4095,ThermoMPNN,WIL_PLA,1.9103937149047847,204,I,S,WIL_PLA,A,205,205,ILE,ILE,True
4096,ThermoMPNN,WIL_PLA,1.2683762311935425,204,I,T,WIL_PLA,A,205,205,ILE,ILE,True
4097,ThermoMPNN,WIL_PLA,0.3161923885345459,204,I,V,WIL_PLA,A,205,205,ILE,ILE,True
4098,ThermoMPNN,WIL_PLA,1.4720308780670166,204,I,W,WIL_PLA,A,205,205,ILE,ILE,True
4099,ThermoMPNN,WIL_PLA,1.6044096946716309,204,I,Y,WIL_PLA,A,205,205,ILE,ILE,True
4100,ThermoMPNN,WIL_PLA,2.2572834491729736,205,G,A,WIL_PLA,A,206,206,GLY,GLY,True
4101,ThermoMPNN,WIL_PLA,1.9977126121521,205,G,C,WIL_PLA,A,206,206,GLY,GLY,True
4102,ThermoMPNN,WIL_PLA,3.2256109714508057,205,G,D,WIL_PLA,A,206,206,GLY,GLY,True
4103,ThermoMPNN,WIL_PLA,3.220803737640381,205,G,E,WIL_PLA,A,206,206,GLY,GLY,True
4104,ThermoMPNN,WIL_PLA,1.9234139919281008,205,G,F,WIL_PLA,A,206,206,GLY,GLY,True
4105,ThermoMPNN,WIL_PLA,0.0,205,G,G,WIL_PLA,A,206,206,GLY,GLY,True
4106,ThermoMPNN,WIL_PLA,2.815875291824341,205,G,H,WIL_PLA,A,206,206,GLY,GLY,True
4107,ThermoMPNN,WIL_PLA,2.5244436264038086,205,G,I,WIL_PLA,A,206,206,GLY,GLY,True
4108,ThermoMPNN,WIL_PLA,3.1606905460357666,205,G,K,WIL_PLA,A,206,206,GLY,GLY,True
4109,ThermoMPNN,WIL_PLA,2.543247699737549,205,G,L,WIL_PLA,A,206,206,GLY,GLY,True
4110,ThermoMPNN,WIL_PLA,2.357875347137451,205,G,M,WIL_PLA,A,206,206,GLY,GLY,True
4111,ThermoMPNN,WIL_PLA,3.1071078777313232,205,G,N,WIL_PLA,A,206,206,GLY,GLY,True
4112,ThermoMPNN,WIL_PLA,2.761838436126709,205,G,P,WIL_PLA,A,206,206,GLY,GLY,True
4113,ThermoMPNN,WIL_PLA,3.0101473331451416,205,G,Q,WIL_PLA,A,206,206,GLY,GLY,True
4114,ThermoMPNN,WIL_PLA,2.95979642868042,205,G,R,WIL_PLA,A,206,206,GLY,GLY,True
4115,ThermoMPNN,WIL_PLA,2.6732637882232666,205,G,S,WIL_PLA,A,206,206,GLY,GLY,True
4116,ThermoMPNN,WIL_PLA,2.8704946041107178,205,G,T,WIL_PLA,A,206,206,GLY,GLY,True
4117,ThermoMPNN,WIL_PLA,2.449448108673096,205,G,V,WIL_PLA,A,206,206,GLY,GLY,True
4118,ThermoMPNN,WIL_PLA,2.146573781967163,205,G,W,WIL_PLA,A,206,206,GLY,GLY,True
4119,ThermoMPNN,WIL_PLA,2.149303913116455,205,G,Y,WIL_PLA,A,206,206,GLY,GLY,True
4120,ThermoMPNN,WIL_PLA,1.2899383306503296,206,N,A,WIL_PLA,A,207,207,ASN,ASN,True
4121,ThermoMPNN,WIL_PLA,0.8278205990791321,206,N,C,WIL_PLA,A,207,207,ASN,ASN,True
4122,ThermoMPNN,WIL_PLA,1.5227022171020508,206,N,D,WIL_PLA,A,207,207,ASN,ASN,True
4123,ThermoMPNN,WIL_PLA,2.0557072162628174,206,N,E,WIL_PLA,A,207,207,ASN,ASN,True
4124,ThermoMPNN,WIL_PLA,1.460559606552124,206,N,F,WIL_PLA,A,207,207,ASN,ASN,True
4125,ThermoMPNN,WIL_PLA,1.050381422042847,206,N,G,WIL_PLA,A,207,207,ASN,ASN,True
4126,ThermoMPNN,WIL_PLA,0.8326820135116577,206,N,H,WIL_PLA,A,207,207,ASN,ASN,True
4127,ThermoMPNN,WIL_PLA,1.5571327209472656,206,N,I,WIL_PLA,A,207,207,ASN,ASN,True
4128,ThermoMPNN,WIL_PLA,1.033840537071228,206,N,K,WIL_PLA,A,207,207,ASN,ASN,True
4129,ThermoMPNN,WIL_PLA,1.0235838890075684,206,N,L,WIL_PLA,A,207,207,ASN,ASN,True
4130,ThermoMPNN,WIL_PLA,1.3833858966827393,206,N,M,WIL_PLA,A,207,207,ASN,ASN,True
4131,ThermoMPNN,WIL_PLA,0.0,206,N,N,WIL_PLA,A,207,207,ASN,ASN,True
4132,ThermoMPNN,WIL_PLA,1.8605930805206297,206,N,P,WIL_PLA,A,207,207,ASN,ASN,True
4133,ThermoMPNN,WIL_PLA,1.6271460056304932,206,N,Q,WIL_PLA,A,207,207,ASN,ASN,True
4134,ThermoMPNN,WIL_PLA,0.6849818229675293,206,N,R,WIL_PLA,A,207,207,ASN,ASN,True
4135,ThermoMPNN,WIL_PLA,0.6663652658462524,206,N,S,WIL_PLA,A,207,207,ASN,ASN,True
4136,ThermoMPNN,WIL_PLA,0.9361122250556946,206,N,T,WIL_PLA,A,207,207,ASN,ASN,True
4137,ThermoMPNN,WIL_PLA,1.3738499879837036,206,N,V,WIL_PLA,A,207,207,ASN,ASN,True
4138,ThermoMPNN,WIL_PLA,1.5567924976348877,206,N,W,WIL_PLA,A,207,207,ASN,ASN,True
4139,ThermoMPNN,WIL_PLA,1.468529224395752,206,N,Y,WIL_PLA,A,207,207,ASN,ASN,True
4140,ThermoMPNN,WIL_PLA,0.4441019892692566,207,L,A,WIL_PLA,A,208,208,LEU,LEU,True
4141,ThermoMPNN,WIL_PLA,0.3624135255813598,207,L,C,WIL_PLA,A,208,208,LEU,LEU,True
4142,ThermoMPNN,WIL_PLA,1.9482450485229488,207,L,D,WIL_PLA,A,208,208,LEU,LEU,True
4143,ThermoMPNN,WIL_PLA,0.9716231822967528,207,L,E,WIL_PLA,A,208,208,LEU,LEU,True
4144,ThermoMPNN,WIL_PLA,0.3112390041351318,207,L,F,WIL_PLA,A,208,208,LEU,LEU,True
4145,ThermoMPNN,WIL_PLA,1.333100438117981,207,L,G,WIL_PLA,A,208,208,LEU,LEU,True
4146,ThermoMPNN,WIL_PLA,0.605518102645874,207,L,H,WIL_PLA,A,208,208,LEU,LEU,True
4147,ThermoMPNN,WIL_PLA,0.2246007919311523,207,L,I,WIL_PLA,A,208,208,LEU,LEU,True
4148,ThermoMPNN,WIL_PLA,-0.6337054967880249,207,L,K,WIL_PLA,A,208,208,LEU,LEU,True
4149,ThermoMPNN,WIL_PLA,0.0,207,L,L,WIL_PLA,A,208,208,LEU,LEU,True
4150,ThermoMPNN,WIL_PLA,0.1014344692230224,207,L,M,WIL_PLA,A,208,208,LEU,LEU,True
4151,ThermoMPNN,WIL_PLA,1.3276801109313965,207,L,N,WIL_PLA,A,208,208,LEU,LEU,True
4152,ThermoMPNN,WIL_PLA,1.3225404024124146,207,L,P,WIL_PLA,A,208,208,LEU,LEU,True
4153,ThermoMPNN,WIL_PLA,0.0938022136688232,207,L,Q,WIL_PLA,A,208,208,LEU,LEU,True
4154,ThermoMPNN,WIL_PLA,-0.7698197364807129,207,L,R,WIL_PLA,A,208,208,LEU,LEU,True
4155,ThermoMPNN,WIL_PLA,0.8925191164016724,207,L,S,WIL_PLA,A,208,208,LEU,LEU,True
4156,ThermoMPNN,WIL_PLA,0.9532581567764282,207,L,T,WIL_PLA,A,208,208,LEU,LEU,True
4157,ThermoMPNN,WIL_PLA,0.5644069910049438,207,L,V,WIL_PLA,A,208,208,LEU,LEU,True
4158,ThermoMPNN,WIL_PLA,0.5150905251502991,207,L,W,WIL_PLA,A,208,208,LEU,LEU,True
4159,ThermoMPNN,WIL_PLA,0.4631834626197815,207,L,Y,WIL_PLA,A,208,208,LEU,LEU,True
4160,ThermoMPNN,WIL_PLA,0.0,208,A,A,WIL_PLA,A,209,209,ALA,ALA,True
4161,ThermoMPNN,WIL_PLA,-0.0367208123207092,208,A,C,WIL_PLA,A,209,209,ALA,ALA,True
4162,ThermoMPNN,WIL_PLA,1.3335671424865725,208,A,D,WIL_PLA,A,209,209,ALA,ALA,True
4163,ThermoMPNN,WIL_PLA,0.8544450998306274,208,A,E,WIL_PLA,A,209,209,ALA,ALA,True
4164,ThermoMPNN,WIL_PLA,0.4717026948928833,208,A,F,WIL_PLA,A,209,209,ALA,ALA,True
4165,ThermoMPNN,WIL_PLA,1.1374032497406006,208,A,G,WIL_PLA,A,209,209,ALA,ALA,True
4166,ThermoMPNN,WIL_PLA,0.5012919306755066,208,A,H,WIL_PLA,A,209,209,ALA,ALA,True
4167,ThermoMPNN,WIL_PLA,-0.4403379559516907,208,A,I,WIL_PLA,A,209,209,ALA,ALA,True
4168,ThermoMPNN,WIL_PLA,-0.0922306180000305,208,A,K,WIL_PLA,A,209,209,ALA,ALA,True
4169,ThermoMPNN,WIL_PLA,-0.167963445186615,208,A,L,WIL_PLA,A,209,209,ALA,ALA,True
4170,ThermoMPNN,WIL_PLA,-0.0407125353813171,208,A,M,WIL_PLA,A,209,209,ALA,ALA,True
4171,ThermoMPNN,WIL_PLA,0.7941468358039856,208,A,N,WIL_PLA,A,209,209,ALA,ALA,True
4172,ThermoMPNN,WIL_PLA,0.856930673122406,208,A,P,WIL_PLA,A,209,209,ALA,ALA,True
4173,ThermoMPNN,WIL_PLA,0.310687780380249,208,A,Q,WIL_PLA,A,209,209,ALA,ALA,True
4174,ThermoMPNN,WIL_PLA,-0.0625969767570495,208,A,R,WIL_PLA,A,209,209,ALA,ALA,True
4175,ThermoMPNN,WIL_PLA,0.5157111883163452,208,A,S,WIL_PLA,A,209,209,ALA,ALA,True
4176,ThermoMPNN,WIL_PLA,0.2210426926612854,208,A,T,WIL_PLA,A,209,209,ALA,ALA,True
4177,ThermoMPNN,WIL_PLA,-0.4061160683631897,208,A,V,WIL_PLA,A,209,209,ALA,ALA,True
4178,ThermoMPNN,WIL_PLA,0.5099607706069946,208,A,W,WIL_PLA,A,209,209,ALA,ALA,True
4179,ThermoMPNN,WIL_PLA,0.4430582523345947,208,A,Y,WIL_PLA,A,209,209,ALA,ALA,True
4180,ThermoMPNN,WIL_PLA,1.91507351398468,209,L,A,WIL_PLA,A,210,210,LEU,LEU,True
4181,ThermoMPNN,WIL_PLA,1.041094422340393,209,L,C,WIL_PLA,A,210,210,LEU,LEU,True
4182,ThermoMPNN,WIL_PLA,2.907301902770996,209,L,D,WIL_PLA,A,210,210,LEU,LEU,True
4183,ThermoMPNN,WIL_PLA,2.330946445465088,209,L,E,WIL_PLA,A,210,210,LEU,LEU,True
4184,ThermoMPNN,WIL_PLA,0.4866272211074829,209,L,F,WIL_PLA,A,210,210,LEU,LEU,True
4185,ThermoMPNN,WIL_PLA,2.873112201690674,209,L,G,WIL_PLA,A,210,210,LEU,LEU,True
4186,ThermoMPNN,WIL_PLA,2.3343818187713623,209,L,H,WIL_PLA,A,210,210,LEU,LEU,True
4187,ThermoMPNN,WIL_PLA,0.8445851802825928,209,L,I,WIL_PLA,A,210,210,LEU,LEU,True
4188,ThermoMPNN,WIL_PLA,2.6901097297668457,209,L,K,WIL_PLA,A,210,210,LEU,LEU,True
4189,ThermoMPNN,WIL_PLA,0.0,209,L,L,WIL_PLA,A,210,210,LEU,LEU,True
4190,ThermoMPNN,WIL_PLA,0.637718677520752,209,L,M,WIL_PLA,A,210,210,LEU,LEU,True
4191,ThermoMPNN,WIL_PLA,2.7522523403167725,209,L,N,WIL_PLA,A,210,210,LEU,LEU,True
4192,ThermoMPNN,WIL_PLA,2.9650607109069824,209,L,P,WIL_PLA,A,210,210,LEU,LEU,True
4193,ThermoMPNN,WIL_PLA,2.4312400817871094,209,L,Q,WIL_PLA,A,210,210,LEU,LEU,True
4194,ThermoMPNN,WIL_PLA,2.5691044330596924,209,L,R,WIL_PLA,A,210,210,LEU,LEU,True
4195,ThermoMPNN,WIL_PLA,2.4634218215942383,209,L,S,WIL_PLA,A,210,210,LEU,LEU,True
4196,ThermoMPNN,WIL_PLA,2.054883480072021,209,L,T,WIL_PLA,A,210,210,LEU,LEU,True
4197,ThermoMPNN,WIL_PLA,1.1556636095046997,209,L,V,WIL_PLA,A,210,210,LEU,LEU,True
4198,ThermoMPNN,WIL_PLA,0.6186902523040771,209,L,W,WIL_PLA,A,210,210,LEU,LEU,True
4199,ThermoMPNN,WIL_PLA,0.9327131509780884,209,L,Y,WIL_PLA,A,210,210,LEU,LEU,True
4200,ThermoMPNN,WIL_PLA,0.0,210,A,A,WIL_PLA,A,211,211,ALA,ALA,True
4201,ThermoMPNN,WIL_PLA,1.3328958749771118,210,A,C,WIL_PLA,A,211,211,ALA,ALA,True
4202,ThermoMPNN,WIL_PLA,3.036203145980835,210,A,D,WIL_PLA,A,211,211,ALA,ALA,True
4203,ThermoMPNN,WIL_PLA,2.6064133644104004,210,A,E,WIL_PLA,A,211,211,ALA,ALA,True
4204,ThermoMPNN,WIL_PLA,2.084347724914551,210,A,F,WIL_PLA,A,211,211,ALA,ALA,True
4205,ThermoMPNN,WIL_PLA,2.1818161010742188,210,A,G,WIL_PLA,A,211,211,ALA,ALA,True
4206,ThermoMPNN,WIL_PLA,2.5657684803009038,210,A,H,WIL_PLA,A,211,211,ALA,ALA,True
4207,ThermoMPNN,WIL_PLA,2.0456948280334477,210,A,I,WIL_PLA,A,211,211,ALA,ALA,True
4208,ThermoMPNN,WIL_PLA,2.473090410232544,210,A,K,WIL_PLA,A,211,211,ALA,ALA,True
4209,ThermoMPNN,WIL_PLA,2.012856960296631,210,A,L,WIL_PLA,A,211,211,ALA,ALA,True
4210,ThermoMPNN,WIL_PLA,1.9124059677124023,210,A,M,WIL_PLA,A,211,211,ALA,ALA,True
4211,ThermoMPNN,WIL_PLA,2.7456917762756348,210,A,N,WIL_PLA,A,211,211,ALA,ALA,True
4212,ThermoMPNN,WIL_PLA,2.6989850997924805,210,A,P,WIL_PLA,A,211,211,ALA,ALA,True
4213,ThermoMPNN,WIL_PLA,2.615623235702514,210,A,Q,WIL_PLA,A,211,211,ALA,ALA,True
4214,ThermoMPNN,WIL_PLA,2.340458869934082,210,A,R,WIL_PLA,A,211,211,ALA,ALA,True
4215,ThermoMPNN,WIL_PLA,1.634366512298584,210,A,S,WIL_PLA,A,211,211,ALA,ALA,True
4216,ThermoMPNN,WIL_PLA,2.253197431564331,210,A,T,WIL_PLA,A,211,211,ALA,ALA,True
4217,ThermoMPNN,WIL_PLA,1.5142714977264404,210,A,V,WIL_PLA,A,211,211,ALA,ALA,True
4218,ThermoMPNN,WIL_PLA,2.054594755172729,210,A,W,WIL_PLA,A,211,211,ALA,ALA,True
4219,ThermoMPNN,WIL_PLA,2.085771083831787,210,A,Y,WIL_PLA,A,211,211,ALA,ALA,True
4220,ThermoMPNN,WIL_PLA,-0.8048489689826965,211,D,A,WIL_PLA,A,212,212,ASP,ASP,True
4221,ThermoMPNN,WIL_PLA,-1.5093958377838137,211,D,C,WIL_PLA,A,212,212,ASP,ASP,True
4222,ThermoMPNN,WIL_PLA,0.0,211,D,D,WIL_PLA,A,212,212,ASP,ASP,True
4223,ThermoMPNN,WIL_PLA,-0.4556102156639099,211,D,E,WIL_PLA,A,212,212,ASP,ASP,True
4224,ThermoMPNN,WIL_PLA,-1.2661467790603638,211,D,F,WIL_PLA,A,212,212,ASP,ASP,True
4225,ThermoMPNN,WIL_PLA,0.2170247435569763,211,D,G,WIL_PLA,A,212,212,ASP,ASP,True
4226,ThermoMPNN,WIL_PLA,-1.16670560836792,211,D,H,WIL_PLA,A,212,212,ASP,ASP,True
4227,ThermoMPNN,WIL_PLA,-0.9749292135238647,211,D,I,WIL_PLA,A,212,212,ASP,ASP,True
4228,ThermoMPNN,WIL_PLA,-1.3691887855529783,211,D,K,WIL_PLA,A,212,212,ASP,ASP,True
4229,ThermoMPNN,WIL_PLA,-1.3760075569152832,211,D,L,WIL_PLA,A,212,212,ASP,ASP,True
4230,ThermoMPNN,WIL_PLA,-1.4164345264434814,211,D,M,WIL_PLA,A,212,212,ASP,ASP,True
4231,ThermoMPNN,WIL_PLA,-0.8230982422828674,211,D,N,WIL_PLA,A,212,212,ASP,ASP,True
4232,ThermoMPNN,WIL_PLA,2.139514923095703,211,D,P,WIL_PLA,A,212,212,ASP,ASP,True
4233,ThermoMPNN,WIL_PLA,-1.0869581699371338,211,D,Q,WIL_PLA,A,212,212,ASP,ASP,True
4234,ThermoMPNN,WIL_PLA,-1.7351545095443726,211,D,R,WIL_PLA,A,212,212,ASP,ASP,True
4235,ThermoMPNN,WIL_PLA,-0.4896536767482757,211,D,S,WIL_PLA,A,212,212,ASP,ASP,True
4236,ThermoMPNN,WIL_PLA,-0.7058328986167908,211,D,T,WIL_PLA,A,212,212,ASP,ASP,True
4237,ThermoMPNN,WIL_PLA,-0.9536475539207458,211,D,V,WIL_PLA,A,212,212,ASP,ASP,True
4238,ThermoMPNN,WIL_PLA,-1.4586105346679688,211,D,W,WIL_PLA,A,212,212,ASP,ASP,True
4239,ThermoMPNN,WIL_PLA,-1.406935214996338,211,D,Y,WIL_PLA,A,212,212,ASP,ASP,True
4240,ThermoMPNN,WIL_PLA,1.899360418319702,212,Y,A,WIL_PLA,A,213,213,TYR,TYR,True
4241,ThermoMPNN,WIL_PLA,1.3184081315994265,212,Y,C,WIL_PLA,A,213,213,TYR,TYR,True
4242,ThermoMPNN,WIL_PLA,2.7601518630981445,212,Y,D,WIL_PLA,A,213,213,TYR,TYR,True
4243,ThermoMPNN,WIL_PLA,2.712976694107056,212,Y,E,WIL_PLA,A,213,213,TYR,TYR,True
4244,ThermoMPNN,WIL_PLA,0.2067031860351562,212,Y,F,WIL_PLA,A,213,213,TYR,TYR,True
4245,ThermoMPNN,WIL_PLA,2.7618184089660645,212,Y,G,WIL_PLA,A,213,213,TYR,TYR,True
4246,ThermoMPNN,WIL_PLA,1.7221781015396118,212,Y,H,WIL_PLA,A,213,213,TYR,TYR,True
4247,ThermoMPNN,WIL_PLA,1.4461538791656494,212,Y,I,WIL_PLA,A,213,213,TYR,TYR,True
4248,ThermoMPNN,WIL_PLA,2.46455192565918,212,Y,K,WIL_PLA,A,213,213,TYR,TYR,True
4249,ThermoMPNN,WIL_PLA,1.4788528680801392,212,Y,L,WIL_PLA,A,213,213,TYR,TYR,True
4250,ThermoMPNN,WIL_PLA,1.5445516109466553,212,Y,M,WIL_PLA,A,213,213,TYR,TYR,True
4251,ThermoMPNN,WIL_PLA,2.497233867645264,212,Y,N,WIL_PLA,A,213,213,TYR,TYR,True
4252,ThermoMPNN,WIL_PLA,3.201901912689209,212,Y,P,WIL_PLA,A,213,213,TYR,TYR,True
4253,ThermoMPNN,WIL_PLA,2.3761849403381348,212,Y,Q,WIL_PLA,A,213,213,TYR,TYR,True
4254,ThermoMPNN,WIL_PLA,2.302573680877685,212,Y,R,WIL_PLA,A,213,213,TYR,TYR,True
4255,ThermoMPNN,WIL_PLA,2.339211940765381,212,Y,S,WIL_PLA,A,213,213,TYR,TYR,True
4256,ThermoMPNN,WIL_PLA,2.308344602584839,212,Y,T,WIL_PLA,A,213,213,TYR,TYR,True
4257,ThermoMPNN,WIL_PLA,1.5809237957000732,212,Y,V,WIL_PLA,A,213,213,TYR,TYR,True
4258,ThermoMPNN,WIL_PLA,0.3225183486938476,212,Y,W,WIL_PLA,A,213,213,TYR,TYR,True
4259,ThermoMPNN,WIL_PLA,0.0,212,Y,Y,WIL_PLA,A,213,213,TYR,TYR,True
4260,ThermoMPNN,WIL_PLA,1.953302025794983,213,I,A,WIL_PLA,A,214,214,ILE,ILE,True
4261,ThermoMPNN,WIL_PLA,1.1489181518554688,213,I,C,WIL_PLA,A,214,214,ILE,ILE,True
4262,ThermoMPNN,WIL_PLA,2.6975412368774414,213,I,D,WIL_PLA,A,214,214,ILE,ILE,True
4263,ThermoMPNN,WIL_PLA,2.355975389480591,213,I,E,WIL_PLA,A,214,214,ILE,ILE,True
4264,ThermoMPNN,WIL_PLA,0.6930816173553467,213,I,F,WIL_PLA,A,214,214,ILE,ILE,True
4265,ThermoMPNN,WIL_PLA,3.01828670501709,213,I,G,WIL_PLA,A,214,214,ILE,ILE,True
4266,ThermoMPNN,WIL_PLA,2.239561080932617,213,I,H,WIL_PLA,A,214,214,ILE,ILE,True
4267,ThermoMPNN,WIL_PLA,0.0,213,I,I,WIL_PLA,A,214,214,ILE,ILE,True
4268,ThermoMPNN,WIL_PLA,2.6988425254821777,213,I,K,WIL_PLA,A,214,214,ILE,ILE,True
4269,ThermoMPNN,WIL_PLA,0.238369345664978,213,I,L,WIL_PLA,A,214,214,ILE,ILE,True
4270,ThermoMPNN,WIL_PLA,0.3995144367218017,213,I,M,WIL_PLA,A,214,214,ILE,ILE,True
4271,ThermoMPNN,WIL_PLA,2.6936967372894287,213,I,N,WIL_PLA,A,214,214,ILE,ILE,True
4272,ThermoMPNN,WIL_PLA,2.8132143020629883,213,I,P,WIL_PLA,A,214,214,ILE,ILE,True
4273,ThermoMPNN,WIL_PLA,2.239849805831909,213,I,Q,WIL_PLA,A,214,214,ILE,ILE,True
4274,ThermoMPNN,WIL_PLA,2.6572670936584477,213,I,R,WIL_PLA,A,214,214,ILE,ILE,True
4275,ThermoMPNN,WIL_PLA,2.490194320678711,213,I,S,WIL_PLA,A,214,214,ILE,ILE,True
4276,ThermoMPNN,WIL_PLA,2.0858354568481445,213,I,T,WIL_PLA,A,214,214,ILE,ILE,True
4277,ThermoMPNN,WIL_PLA,0.7262322902679443,213,I,V,WIL_PLA,A,214,214,ILE,ILE,True
4278,ThermoMPNN,WIL_PLA,0.9290066957473756,213,I,W,WIL_PLA,A,214,214,ILE,ILE,True
4279,ThermoMPNN,WIL_PLA,1.186318278312683,213,I,Y,WIL_PLA,A,214,214,ILE,ILE,True
4280,ThermoMPNN,WIL_PLA,1.8700013160705569,214,T,A,WIL_PLA,A,215,215,THR,THR,True
4281,ThermoMPNN,WIL_PLA,1.6754987239837646,214,T,C,WIL_PLA,A,215,215,THR,THR,True
4282,ThermoMPNN,WIL_PLA,1.7887465953826904,214,T,D,WIL_PLA,A,215,215,THR,THR,True
4283,ThermoMPNN,WIL_PLA,2.363416910171509,214,T,E,WIL_PLA,A,215,215,THR,THR,True
4284,ThermoMPNN,WIL_PLA,2.550373077392578,214,T,F,WIL_PLA,A,215,215,THR,THR,True
4285,ThermoMPNN,WIL_PLA,2.0489206314086914,214,T,G,WIL_PLA,A,215,215,THR,THR,True
4286,ThermoMPNN,WIL_PLA,2.1570003032684326,214,T,H,WIL_PLA,A,215,215,THR,THR,True
4287,ThermoMPNN,WIL_PLA,2.674419641494751,214,T,I,WIL_PLA,A,215,215,THR,THR,True
4288,ThermoMPNN,WIL_PLA,2.419940948486328,214,T,K,WIL_PLA,A,215,215,THR,THR,True
4289,ThermoMPNN,WIL_PLA,2.5470879077911377,214,T,L,WIL_PLA,A,215,215,THR,THR,True
4290,ThermoMPNN,WIL_PLA,2.334879875183105,214,T,M,WIL_PLA,A,215,215,THR,THR,True
4291,ThermoMPNN,WIL_PLA,1.5794627666473389,214,T,N,WIL_PLA,A,215,215,THR,THR,True
4292,ThermoMPNN,WIL_PLA,3.030405044555664,214,T,P,WIL_PLA,A,215,215,THR,THR,True
4293,ThermoMPNN,WIL_PLA,2.3018739223480225,214,T,Q,WIL_PLA,A,215,215,THR,THR,True
4294,ThermoMPNN,WIL_PLA,2.1484215259552,214,T,R,WIL_PLA,A,215,215,THR,THR,True
4295,ThermoMPNN,WIL_PLA,0.4339923858642578,214,T,S,WIL_PLA,A,215,215,THR,THR,True
4296,ThermoMPNN,WIL_PLA,0.0,214,T,T,WIL_PLA,A,215,215,THR,THR,True
4297,ThermoMPNN,WIL_PLA,2.4652764797210693,214,T,V,WIL_PLA,A,215,215,THR,THR,True
4298,ThermoMPNN,WIL_PLA,2.353705644607544,214,T,W,WIL_PLA,A,215,215,THR,THR,True
4299,ThermoMPNN,WIL_PLA,2.384722948074341,214,T,Y,WIL_PLA,A,215,215,THR,THR,True
4300,ThermoMPNN,WIL_PLA,-0.3774061799049377,215,G,A,WIL_PLA,A,216,216,GLY,GLY,True
4301,ThermoMPNN,WIL_PLA,-0.2211517691612243,215,G,C,WIL_PLA,A,216,216,GLY,GLY,True
4302,ThermoMPNN,WIL_PLA,0.5152837634086609,215,G,D,WIL_PLA,A,216,216,GLY,GLY,True
4303,ThermoMPNN,WIL_PLA,0.4424313604831695,215,G,E,WIL_PLA,A,216,216,GLY,GLY,True
4304,ThermoMPNN,WIL_PLA,0.1388091444969177,215,G,F,WIL_PLA,A,216,216,GLY,GLY,True
4305,ThermoMPNN,WIL_PLA,0.0,215,G,G,WIL_PLA,A,216,216,GLY,GLY,True
4306,ThermoMPNN,WIL_PLA,-0.1294794082641601,215,G,H,WIL_PLA,A,216,216,GLY,GLY,True
4307,ThermoMPNN,WIL_PLA,0.3020907640457153,215,G,I,WIL_PLA,A,216,216,GLY,GLY,True
4308,ThermoMPNN,WIL_PLA,-0.4126456379890442,215,G,K,WIL_PLA,A,216,216,GLY,GLY,True
4309,ThermoMPNN,WIL_PLA,0.0468817949295043,215,G,L,WIL_PLA,A,216,216,GLY,GLY,True
4310,ThermoMPNN,WIL_PLA,-0.0484475493431091,215,G,M,WIL_PLA,A,216,216,GLY,GLY,True
4311,ThermoMPNN,WIL_PLA,-0.1759583950042724,215,G,N,WIL_PLA,A,216,216,GLY,GLY,True
4312,ThermoMPNN,WIL_PLA,1.9834887981414795,215,G,P,WIL_PLA,A,216,216,GLY,GLY,True
4313,ThermoMPNN,WIL_PLA,-0.057732343673706,215,G,Q,WIL_PLA,A,216,216,GLY,GLY,True
4314,ThermoMPNN,WIL_PLA,-0.5678157210350037,215,G,R,WIL_PLA,A,216,216,GLY,GLY,True
4315,ThermoMPNN,WIL_PLA,-0.2197237610816955,215,G,S,WIL_PLA,A,216,216,GLY,GLY,True
4316,ThermoMPNN,WIL_PLA,0.1850087642669677,215,G,T,WIL_PLA,A,216,216,GLY,GLY,True
4317,ThermoMPNN,WIL_PLA,0.3085278868675232,215,G,V,WIL_PLA,A,216,216,GLY,GLY,True
4318,ThermoMPNN,WIL_PLA,0.3499719500541687,215,G,W,WIL_PLA,A,216,216,GLY,GLY,True
4319,ThermoMPNN,WIL_PLA,0.1509961485862732,215,G,Y,WIL_PLA,A,216,216,GLY,GLY,True
4320,ThermoMPNN,WIL_PLA,0.2461608648300171,216,Q,A,WIL_PLA,A,217,217,GLN,GLN,True
4321,ThermoMPNN,WIL_PLA,-0.2671369910240173,216,Q,C,WIL_PLA,A,217,217,GLN,GLN,True
4322,ThermoMPNN,WIL_PLA,0.2622017562389374,216,Q,D,WIL_PLA,A,217,217,GLN,GLN,True
4323,ThermoMPNN,WIL_PLA,0.2613232731819153,216,Q,E,WIL_PLA,A,217,217,GLN,GLN,True
4324,ThermoMPNN,WIL_PLA,-0.0996803641319274,216,Q,F,WIL_PLA,A,217,217,GLN,GLN,True
4325,ThermoMPNN,WIL_PLA,0.8549649715423584,216,Q,G,WIL_PLA,A,217,217,GLN,GLN,True
4326,ThermoMPNN,WIL_PLA,0.4476488828659057,216,Q,H,WIL_PLA,A,217,217,GLN,GLN,True
4327,ThermoMPNN,WIL_PLA,-0.6837615966796875,216,Q,I,WIL_PLA,A,217,217,GLN,GLN,True
4328,ThermoMPNN,WIL_PLA,0.6079770922660828,216,Q,K,WIL_PLA,A,217,217,GLN,GLN,True
4329,ThermoMPNN,WIL_PLA,-1.3366055488586426,216,Q,L,WIL_PLA,A,217,217,GLN,GLN,True
4330,ThermoMPNN,WIL_PLA,-1.0189197063446045,216,Q,M,WIL_PLA,A,217,217,GLN,GLN,True
4331,ThermoMPNN,WIL_PLA,0.5782670974731445,216,Q,N,WIL_PLA,A,217,217,GLN,GLN,True
4332,ThermoMPNN,WIL_PLA,0.8779041171073914,216,Q,P,WIL_PLA,A,217,217,GLN,GLN,True
4333,ThermoMPNN,WIL_PLA,0.0,216,Q,Q,WIL_PLA,A,217,217,GLN,GLN,True
4334,ThermoMPNN,WIL_PLA,0.5423552989959717,216,Q,R,WIL_PLA,A,217,217,GLN,GLN,True
4335,ThermoMPNN,WIL_PLA,0.2016105651855468,216,Q,S,WIL_PLA,A,217,217,GLN,GLN,True
4336,ThermoMPNN,WIL_PLA,0.1880074143409729,216,Q,T,WIL_PLA,A,217,217,GLN,GLN,True
4337,ThermoMPNN,WIL_PLA,-0.2115877270698547,216,Q,V,WIL_PLA,A,217,217,GLN,GLN,True
4338,ThermoMPNN,WIL_PLA,-0.0877049565315246,216,Q,W,WIL_PLA,A,217,217,GLN,GLN,True
4339,ThermoMPNN,WIL_PLA,0.1660898029804229,216,Q,Y,WIL_PLA,A,217,217,GLN,GLN,True
4340,ThermoMPNN,WIL_PLA,-0.0384908318519592,217,N,A,WIL_PLA,A,218,218,ASN,ASN,True
4341,ThermoMPNN,WIL_PLA,-0.0036531686782836,217,N,C,WIL_PLA,A,218,218,ASN,ASN,True
4342,ThermoMPNN,WIL_PLA,0.3894233107566833,217,N,D,WIL_PLA,A,218,218,ASN,ASN,True
4343,ThermoMPNN,WIL_PLA,0.3276464939117431,217,N,E,WIL_PLA,A,218,218,ASN,ASN,True
4344,ThermoMPNN,WIL_PLA,0.2195671796798706,217,N,F,WIL_PLA,A,218,218,ASN,ASN,True
4345,ThermoMPNN,WIL_PLA,0.0653527975082397,217,N,G,WIL_PLA,A,218,218,ASN,ASN,True
4346,ThermoMPNN,WIL_PLA,0.0313233733177185,217,N,H,WIL_PLA,A,218,218,ASN,ASN,True
4347,ThermoMPNN,WIL_PLA,0.3474333882331848,217,N,I,WIL_PLA,A,218,218,ASN,ASN,True
4348,ThermoMPNN,WIL_PLA,-0.0673043727874755,217,N,K,WIL_PLA,A,218,218,ASN,ASN,True
4349,ThermoMPNN,WIL_PLA,0.1445614695549011,217,N,L,WIL_PLA,A,218,218,ASN,ASN,True
4350,ThermoMPNN,WIL_PLA,0.1645948886871338,217,N,M,WIL_PLA,A,218,218,ASN,ASN,True
4351,ThermoMPNN,WIL_PLA,0.0,217,N,N,WIL_PLA,A,218,218,ASN,ASN,True
4352,ThermoMPNN,WIL_PLA,0.7118514180183411,217,N,P,WIL_PLA,A,218,218,ASN,ASN,True
4353,ThermoMPNN,WIL_PLA,0.0838808417320251,217,N,Q,WIL_PLA,A,218,218,ASN,ASN,True
4354,ThermoMPNN,WIL_PLA,-0.0159947872161865,217,N,R,WIL_PLA,A,218,218,ASN,ASN,True
4355,ThermoMPNN,WIL_PLA,0.001905083656311,217,N,S,WIL_PLA,A,218,218,ASN,ASN,True
4356,ThermoMPNN,WIL_PLA,-0.042944312095642,217,N,T,WIL_PLA,A,218,218,ASN,ASN,True
4357,ThermoMPNN,WIL_PLA,0.3017493486404419,217,N,V,WIL_PLA,A,218,218,ASN,ASN,True
4358,ThermoMPNN,WIL_PLA,0.2916112542152405,217,N,W,WIL_PLA,A,218,218,ASN,ASN,True
4359,ThermoMPNN,WIL_PLA,0.1999122500419616,217,N,Y,WIL_PLA,A,218,218,ASN,ASN,True
4360,ThermoMPNN,WIL_PLA,-0.0006067752838134,218,M,A,WIL_PLA,A,219,219,MET,MET,True
4361,ThermoMPNN,WIL_PLA,0.1052217483520507,218,M,C,WIL_PLA,A,219,219,MET,MET,True
4362,ThermoMPNN,WIL_PLA,1.3784968852996826,218,M,D,WIL_PLA,A,219,219,MET,MET,True
4363,ThermoMPNN,WIL_PLA,1.1031519174575806,218,M,E,WIL_PLA,A,219,219,MET,MET,True
4364,ThermoMPNN,WIL_PLA,0.4884737730026245,218,M,F,WIL_PLA,A,219,219,MET,MET,True
4365,ThermoMPNN,WIL_PLA,0.4077391028404236,218,M,G,WIL_PLA,A,219,219,MET,MET,True
4366,ThermoMPNN,WIL_PLA,0.0138756036758422,218,M,H,WIL_PLA,A,219,219,MET,MET,True
4367,ThermoMPNN,WIL_PLA,0.5985969305038452,218,M,I,WIL_PLA,A,219,219,MET,MET,True
4368,ThermoMPNN,WIL_PLA,-0.6056686639785767,218,M,K,WIL_PLA,A,219,219,MET,MET,True
4369,ThermoMPNN,WIL_PLA,0.0934171676635742,218,M,L,WIL_PLA,A,219,219,MET,MET,True
4370,ThermoMPNN,WIL_PLA,0.0,218,M,M,WIL_PLA,A,219,219,MET,MET,True
4371,ThermoMPNN,WIL_PLA,-0.0638091564178466,218,M,N,WIL_PLA,A,219,219,MET,MET,True
4372,ThermoMPNN,WIL_PLA,1.4410731792449951,218,M,P,WIL_PLA,A,219,219,MET,MET,True
4373,ThermoMPNN,WIL_PLA,0.0770232677459716,218,M,Q,WIL_PLA,A,219,219,MET,MET,True
4374,ThermoMPNN,WIL_PLA,-0.727271318435669,218,M,R,WIL_PLA,A,219,219,MET,MET,True
4375,ThermoMPNN,WIL_PLA,0.0775461792945861,218,M,S,WIL_PLA,A,219,219,MET,MET,True
4376,ThermoMPNN,WIL_PLA,0.1556833386421203,218,M,T,WIL_PLA,A,219,219,MET,MET,True
4377,ThermoMPNN,WIL_PLA,0.6451570987701416,218,M,V,WIL_PLA,A,219,219,MET,MET,True
4378,ThermoMPNN,WIL_PLA,0.8943407535552979,218,M,W,WIL_PLA,A,219,219,MET,MET,True
4379,ThermoMPNN,WIL_PLA,0.6302620768547058,218,M,Y,WIL_PLA,A,219,219,MET,MET,True
4380,ThermoMPNN,WIL_PLA,2.23817777633667,219,G,A,WIL_PLA,A,220,220,GLY,GLY,True
4381,ThermoMPNN,WIL_PLA,1.7615745067596436,219,G,C,WIL_PLA,A,220,220,GLY,GLY,True
4382,ThermoMPNN,WIL_PLA,2.8201184272766118,219,G,D,WIL_PLA,A,220,220,GLY,GLY,True
4383,ThermoMPNN,WIL_PLA,2.829049587249756,219,G,E,WIL_PLA,A,220,220,GLY,GLY,True
4384,ThermoMPNN,WIL_PLA,1.8721859455108645,219,G,F,WIL_PLA,A,220,220,GLY,GLY,True
4385,ThermoMPNN,WIL_PLA,0.0,219,G,G,WIL_PLA,A,220,220,GLY,GLY,True
4386,ThermoMPNN,WIL_PLA,2.572595596313477,219,G,H,WIL_PLA,A,220,220,GLY,GLY,True
4387,ThermoMPNN,WIL_PLA,2.460106134414673,219,G,I,WIL_PLA,A,220,220,GLY,GLY,True
4388,ThermoMPNN,WIL_PLA,2.8474292755126958,219,G,K,WIL_PLA,A,220,220,GLY,GLY,True
4389,ThermoMPNN,WIL_PLA,2.1979289054870605,219,G,L,WIL_PLA,A,220,220,GLY,GLY,True
4390,ThermoMPNN,WIL_PLA,2.1115100383758545,219,G,M,WIL_PLA,A,220,220,GLY,GLY,True
4391,ThermoMPNN,WIL_PLA,2.68280291557312,219,G,N,WIL_PLA,A,220,220,GLY,GLY,True
4392,ThermoMPNN,WIL_PLA,2.7434449195861816,219,G,P,WIL_PLA,A,220,220,GLY,GLY,True
4393,ThermoMPNN,WIL_PLA,2.6209890842437744,219,G,Q,WIL_PLA,A,220,220,GLY,GLY,True
4394,ThermoMPNN,WIL_PLA,2.8052711486816406,219,G,R,WIL_PLA,A,220,220,GLY,GLY,True
4395,ThermoMPNN,WIL_PLA,2.512969732284546,219,G,S,WIL_PLA,A,220,220,GLY,GLY,True
4396,ThermoMPNN,WIL_PLA,2.657848596572876,219,G,T,WIL_PLA,A,220,220,GLY,GLY,True
4397,ThermoMPNN,WIL_PLA,2.312219619750977,219,G,V,WIL_PLA,A,220,220,GLY,GLY,True
4398,ThermoMPNN,WIL_PLA,2.011166572570801,219,G,W,WIL_PLA,A,220,220,GLY,GLY,True
4399,ThermoMPNN,WIL_PLA,2.08331036567688,219,G,Y,WIL_PLA,A,220,220,GLY,GLY,True
4400,ThermoMPNN,WIL_PLA,0.0376060605049133,220,S,A,WIL_PLA,A,221,221,SER,SER,True
4401,ThermoMPNN,WIL_PLA,-0.4088209867477417,220,S,C,WIL_PLA,A,221,221,SER,SER,True
4402,ThermoMPNN,WIL_PLA,1.113443374633789,220,S,D,WIL_PLA,A,221,221,SER,SER,True
4403,ThermoMPNN,WIL_PLA,0.6891555786132812,220,S,E,WIL_PLA,A,221,221,SER,SER,True
4404,ThermoMPNN,WIL_PLA,-0.0969773530960083,220,S,F,WIL_PLA,A,221,221,SER,SER,True
4405,ThermoMPNN,WIL_PLA,0.831174373626709,220,S,G,WIL_PLA,A,221,221,SER,SER,True
4406,ThermoMPNN,WIL_PLA,-0.2685208320617676,220,S,H,WIL_PLA,A,221,221,SER,SER,True
4407,ThermoMPNN,WIL_PLA,-0.5538575649261475,220,S,I,WIL_PLA,A,221,221,SER,SER,True
4408,ThermoMPNN,WIL_PLA,-0.7640904188156128,220,S,K,WIL_PLA,A,221,221,SER,SER,True
4409,ThermoMPNN,WIL_PLA,-0.1344189047813415,220,S,L,WIL_PLA,A,221,221,SER,SER,True
4410,ThermoMPNN,WIL_PLA,-0.2151486873626709,220,S,M,WIL_PLA,A,221,221,SER,SER,True
4411,ThermoMPNN,WIL_PLA,-0.0263016819953918,220,S,N,WIL_PLA,A,221,221,SER,SER,True
4412,ThermoMPNN,WIL_PLA,1.612870454788208,220,S,P,WIL_PLA,A,221,221,SER,SER,True
4413,ThermoMPNN,WIL_PLA,0.0049880743026733,220,S,Q,WIL_PLA,A,221,221,SER,SER,True
4414,ThermoMPNN,WIL_PLA,-0.9890881776809692,220,S,R,WIL_PLA,A,221,221,SER,SER,True
4415,ThermoMPNN,WIL_PLA,0.0,220,S,S,WIL_PLA,A,221,221,SER,SER,True
4416,ThermoMPNN,WIL_PLA,-0.2522155046463012,220,S,T,WIL_PLA,A,221,221,SER,SER,True
4417,ThermoMPNN,WIL_PLA,-0.4945756196975708,220,S,V,WIL_PLA,A,221,221,SER,SER,True
4418,ThermoMPNN,WIL_PLA,0.1163240075111389,220,S,W,WIL_PLA,A,221,221,SER,SER,True
4419,ThermoMPNN,WIL_PLA,-0.2125294804573059,220,S,Y,WIL_PLA,A,221,221,SER,SER,True
4420,ThermoMPNN,WIL_PLA,0.727514922618866,221,N,A,WIL_PLA,A,222,222,ASN,ASN,True
4421,ThermoMPNN,WIL_PLA,0.048141598701477,221,N,C,WIL_PLA,A,222,222,ASN,ASN,True
4422,ThermoMPNN,WIL_PLA,0.156034767627716,221,N,D,WIL_PLA,A,222,222,ASN,ASN,True
4423,ThermoMPNN,WIL_PLA,0.5406475067138672,221,N,E,WIL_PLA,A,222,222,ASN,ASN,True
4424,ThermoMPNN,WIL_PLA,0.4578195214271545,221,N,F,WIL_PLA,A,222,222,ASN,ASN,True
4425,ThermoMPNN,WIL_PLA,1.3326106071472168,221,N,G,WIL_PLA,A,222,222,ASN,ASN,True
4426,ThermoMPNN,WIL_PLA,0.332412838935852,221,N,H,WIL_PLA,A,222,222,ASN,ASN,True
4427,ThermoMPNN,WIL_PLA,0.192670464515686,221,N,I,WIL_PLA,A,222,222,ASN,ASN,True
4428,ThermoMPNN,WIL_PLA,1.3581461906433103,221,N,K,WIL_PLA,A,222,222,ASN,ASN,True
4429,ThermoMPNN,WIL_PLA,0.2259534001350402,221,N,L,WIL_PLA,A,222,222,ASN,ASN,True
4430,ThermoMPNN,WIL_PLA,0.6509102582931519,221,N,M,WIL_PLA,A,222,222,ASN,ASN,True
4431,ThermoMPNN,WIL_PLA,0.0,221,N,N,WIL_PLA,A,222,222,ASN,ASN,True
4432,ThermoMPNN,WIL_PLA,1.097430944442749,221,N,P,WIL_PLA,A,222,222,ASN,ASN,True
4433,ThermoMPNN,WIL_PLA,0.9508899450302124,221,N,Q,WIL_PLA,A,222,222,ASN,ASN,True
4434,ThermoMPNN,WIL_PLA,1.317468523979187,221,N,R,WIL_PLA,A,222,222,ASN,ASN,True
4435,ThermoMPNN,WIL_PLA,0.3437365293502807,221,N,S,WIL_PLA,A,222,222,ASN,ASN,True
4436,ThermoMPNN,WIL_PLA,0.4267377853393554,221,N,T,WIL_PLA,A,222,222,ASN,ASN,True
4437,ThermoMPNN,WIL_PLA,0.040972352027893,221,N,V,WIL_PLA,A,222,222,ASN,ASN,True
4438,ThermoMPNN,WIL_PLA,-0.0780403614044189,221,N,W,WIL_PLA,A,222,222,ASN,ASN,True
4439,ThermoMPNN,WIL_PLA,0.1603943109512329,221,N,Y,WIL_PLA,A,222,222,ASN,ASN,True
4440,ThermoMPNN,WIL_PLA,1.5707592964172363,222,Y,A,WIL_PLA,A,223,223,TYR,TYR,True
4441,ThermoMPNN,WIL_PLA,0.8715828657150269,222,Y,C,WIL_PLA,A,223,223,TYR,TYR,True
4442,ThermoMPNN,WIL_PLA,2.932095050811768,222,Y,D,WIL_PLA,A,223,223,TYR,TYR,True
4443,ThermoMPNN,WIL_PLA,2.635971546173096,222,Y,E,WIL_PLA,A,223,223,TYR,TYR,True
4444,ThermoMPNN,WIL_PLA,0.3125245571136474,222,Y,F,WIL_PLA,A,223,223,TYR,TYR,True
4445,ThermoMPNN,WIL_PLA,2.4179372787475586,222,Y,G,WIL_PLA,A,223,223,TYR,TYR,True
4446,ThermoMPNN,WIL_PLA,1.169036865234375,222,Y,H,WIL_PLA,A,223,223,TYR,TYR,True
4447,ThermoMPNN,WIL_PLA,0.8662419319152832,222,Y,I,WIL_PLA,A,223,223,TYR,TYR,True
4448,ThermoMPNN,WIL_PLA,1.4271914958953855,222,Y,K,WIL_PLA,A,223,223,TYR,TYR,True
4449,ThermoMPNN,WIL_PLA,1.0387468338012695,222,Y,L,WIL_PLA,A,223,223,TYR,TYR,True
4450,ThermoMPNN,WIL_PLA,1.2731096744537354,222,Y,M,WIL_PLA,A,223,223,TYR,TYR,True
4451,ThermoMPNN,WIL_PLA,1.7985326051712036,222,Y,N,WIL_PLA,A,223,223,TYR,TYR,True
4452,ThermoMPNN,WIL_PLA,2.6610708236694336,222,Y,P,WIL_PLA,A,223,223,TYR,TYR,True
4453,ThermoMPNN,WIL_PLA,1.9037352800369265,222,Y,Q,WIL_PLA,A,223,223,TYR,TYR,True
4454,ThermoMPNN,WIL_PLA,1.1989140510559082,222,Y,R,WIL_PLA,A,223,223,TYR,TYR,True
4455,ThermoMPNN,WIL_PLA,1.5867329835891724,222,Y,S,WIL_PLA,A,223,223,TYR,TYR,True
4456,ThermoMPNN,WIL_PLA,1.191971778869629,222,Y,T,WIL_PLA,A,223,223,TYR,TYR,True
4457,ThermoMPNN,WIL_PLA,0.7684320211410522,222,Y,V,WIL_PLA,A,223,223,TYR,TYR,True
4458,ThermoMPNN,WIL_PLA,0.3383758068084717,222,Y,W,WIL_PLA,A,223,223,TYR,TYR,True
4459,ThermoMPNN,WIL_PLA,0.0,222,Y,Y,WIL_PLA,A,223,223,TYR,TYR,True
4460,ThermoMPNN,WIL_PLA,1.0016735792160034,223,R,A,WIL_PLA,A,224,224,ARG,ARG,True
4461,ThermoMPNN,WIL_PLA,0.5734548568725586,223,R,C,WIL_PLA,A,224,224,ARG,ARG,True
4462,ThermoMPNN,WIL_PLA,2.467240810394287,223,R,D,WIL_PLA,A,224,224,ARG,ARG,True
4463,ThermoMPNN,WIL_PLA,2.3273401260375977,223,R,E,WIL_PLA,A,224,224,ARG,ARG,True
4464,ThermoMPNN,WIL_PLA,0.820504367351532,223,R,F,WIL_PLA,A,224,224,ARG,ARG,True
4465,ThermoMPNN,WIL_PLA,1.746562123298645,223,R,G,WIL_PLA,A,224,224,ARG,ARG,True
4466,ThermoMPNN,WIL_PLA,0.5286737680435181,223,R,H,WIL_PLA,A,224,224,ARG,ARG,True
4467,ThermoMPNN,WIL_PLA,1.2788480520248413,223,R,I,WIL_PLA,A,224,224,ARG,ARG,True
4468,ThermoMPNN,WIL_PLA,0.5401128530502319,223,R,K,WIL_PLA,A,224,224,ARG,ARG,True
4469,ThermoMPNN,WIL_PLA,0.938418447971344,223,R,L,WIL_PLA,A,224,224,ARG,ARG,True
4470,ThermoMPNN,WIL_PLA,0.9336851239204408,223,R,M,WIL_PLA,A,224,224,ARG,ARG,True
4471,ThermoMPNN,WIL_PLA,0.5162348747253418,223,R,N,WIL_PLA,A,224,224,ARG,ARG,True
4472,ThermoMPNN,WIL_PLA,2.717966318130493,223,R,P,WIL_PLA,A,224,224,ARG,ARG,True
4473,ThermoMPNN,WIL_PLA,1.4224926233291626,223,R,Q,WIL_PLA,A,224,224,ARG,ARG,True
4474,ThermoMPNN,WIL_PLA,0.0,223,R,R,WIL_PLA,A,224,224,ARG,ARG,True
4475,ThermoMPNN,WIL_PLA,0.6672650575637817,223,R,S,WIL_PLA,A,224,224,ARG,ARG,True
4476,ThermoMPNN,WIL_PLA,0.9466537237167358,223,R,T,WIL_PLA,A,224,224,ARG,ARG,True
4477,ThermoMPNN,WIL_PLA,1.1582036018371582,223,R,V,WIL_PLA,A,224,224,ARG,ARG,True
4478,ThermoMPNN,WIL_PLA,1.2151310443878174,223,R,W,WIL_PLA,A,224,224,ARG,ARG,True
4479,ThermoMPNN,WIL_PLA,0.7287170886993408,223,R,Y,WIL_PLA,A,224,224,ARG,ARG,True
4480,ThermoMPNN,WIL_PLA,1.6425864696502686,224,V,A,WIL_PLA,A,225,225,VAL,VAL,True
4481,ThermoMPNN,WIL_PLA,0.9228335618972778,224,V,C,WIL_PLA,A,225,225,VAL,VAL,True
4482,ThermoMPNN,WIL_PLA,2.5468204021453857,224,V,D,WIL_PLA,A,225,225,VAL,VAL,True
4483,ThermoMPNN,WIL_PLA,2.379471063613892,224,V,E,WIL_PLA,A,225,225,VAL,VAL,True
4484,ThermoMPNN,WIL_PLA,1.6462857723236084,224,V,F,WIL_PLA,A,225,225,VAL,VAL,True
4485,ThermoMPNN,WIL_PLA,2.232701539993286,224,V,G,WIL_PLA,A,225,225,VAL,VAL,True
4486,ThermoMPNN,WIL_PLA,2.184109926223755,224,V,H,WIL_PLA,A,225,225,VAL,VAL,True
4487,ThermoMPNN,WIL_PLA,0.2956523895263672,224,V,I,WIL_PLA,A,225,225,VAL,VAL,True
4488,ThermoMPNN,WIL_PLA,2.102012634277344,224,V,K,WIL_PLA,A,225,225,VAL,VAL,True
4489,ThermoMPNN,WIL_PLA,1.072935700416565,224,V,L,WIL_PLA,A,225,225,VAL,VAL,True
4490,ThermoMPNN,WIL_PLA,1.558058500289917,224,V,M,WIL_PLA,A,225,225,VAL,VAL,True
4491,ThermoMPNN,WIL_PLA,2.283799886703491,224,V,N,WIL_PLA,A,225,225,VAL,VAL,True
4492,ThermoMPNN,WIL_PLA,2.4513251781463623,224,V,P,WIL_PLA,A,225,225,VAL,VAL,True
4493,ThermoMPNN,WIL_PLA,2.2394168376922607,224,V,Q,WIL_PLA,A,225,225,VAL,VAL,True
4494,ThermoMPNN,WIL_PLA,2.206324338912964,224,V,R,WIL_PLA,A,225,225,VAL,VAL,True
4495,ThermoMPNN,WIL_PLA,2.1675667762756348,224,V,S,WIL_PLA,A,225,225,VAL,VAL,True
4496,ThermoMPNN,WIL_PLA,1.5992802381515503,224,V,T,WIL_PLA,A,225,225,VAL,VAL,True
4497,ThermoMPNN,WIL_PLA,0.0,224,V,V,WIL_PLA,A,225,225,VAL,VAL,True
4498,ThermoMPNN,WIL_PLA,1.990485429763794,224,V,W,WIL_PLA,A,225,225,VAL,VAL,True
4499,ThermoMPNN,WIL_PLA,1.879986047744751,224,V,Y,WIL_PLA,A,225,225,VAL,VAL,True
4500,ThermoMPNN,WIL_PLA,1.2618210315704346,225,T,A,WIL_PLA,A,226,226,THR,THR,True
4501,ThermoMPNN,WIL_PLA,0.7841029167175293,225,T,C,WIL_PLA,A,226,226,THR,THR,True
4502,ThermoMPNN,WIL_PLA,2.2309911251068115,225,T,D,WIL_PLA,A,226,226,THR,THR,True
4503,ThermoMPNN,WIL_PLA,1.9665132761001587,225,T,E,WIL_PLA,A,226,226,THR,THR,True
4504,ThermoMPNN,WIL_PLA,1.00076425075531,225,T,F,WIL_PLA,A,226,226,THR,THR,True
4505,ThermoMPNN,WIL_PLA,1.8742934465408323,225,T,G,WIL_PLA,A,226,226,THR,THR,True
4506,ThermoMPNN,WIL_PLA,1.097353219985962,225,T,H,WIL_PLA,A,226,226,THR,THR,True
4507,ThermoMPNN,WIL_PLA,0.96220064163208,225,T,I,WIL_PLA,A,226,226,THR,THR,True
4508,ThermoMPNN,WIL_PLA,1.3507497310638428,225,T,K,WIL_PLA,A,226,226,THR,THR,True
4509,ThermoMPNN,WIL_PLA,1.3597431182861328,225,T,L,WIL_PLA,A,226,226,THR,THR,True
4510,ThermoMPNN,WIL_PLA,1.2282376289367676,225,T,M,WIL_PLA,A,226,226,THR,THR,True
4511,ThermoMPNN,WIL_PLA,1.2994716167449951,225,T,N,WIL_PLA,A,226,226,THR,THR,True
4512,ThermoMPNN,WIL_PLA,2.2646634578704834,225,T,P,WIL_PLA,A,226,226,THR,THR,True
4513,ThermoMPNN,WIL_PLA,1.5993295907974243,225,T,Q,WIL_PLA,A,226,226,THR,THR,True
4514,ThermoMPNN,WIL_PLA,0.9409326910972596,225,T,R,WIL_PLA,A,226,226,THR,THR,True
4515,ThermoMPNN,WIL_PLA,0.6721056699752808,225,T,S,WIL_PLA,A,226,226,THR,THR,True
4516,ThermoMPNN,WIL_PLA,0.0,225,T,T,WIL_PLA,A,226,226,THR,THR,True
4517,ThermoMPNN,WIL_PLA,0.8324843645095825,225,T,V,WIL_PLA,A,226,226,THR,THR,True
4518,ThermoMPNN,WIL_PLA,0.7990782260894775,225,T,W,WIL_PLA,A,226,226,THR,THR,True
4519,ThermoMPNN,WIL_PLA,0.7213722467422485,225,T,Y,WIL_PLA,A,226,226,THR,THR,True
4520,ThermoMPNN,WIL_PLA,-0.219850480556488,226,H,A,WIL_PLA,A,227,227,HIS,HIS,True
4521,ThermoMPNN,WIL_PLA,-0.178155243396759,226,H,C,WIL_PLA,A,227,227,HIS,HIS,True
4522,ThermoMPNN,WIL_PLA,1.8265953063964844,226,H,D,WIL_PLA,A,227,227,HIS,HIS,True
4523,ThermoMPNN,WIL_PLA,1.987971305847168,226,H,E,WIL_PLA,A,227,227,HIS,HIS,True
4524,ThermoMPNN,WIL_PLA,0.7002773284912109,226,H,F,WIL_PLA,A,227,227,HIS,HIS,True
4525,ThermoMPNN,WIL_PLA,0.5529890060424805,226,H,G,WIL_PLA,A,227,227,HIS,HIS,True
4526,ThermoMPNN,WIL_PLA,0.0,226,H,H,WIL_PLA,A,227,227,HIS,HIS,True
4527,ThermoMPNN,WIL_PLA,0.831119954586029,226,H,I,WIL_PLA,A,227,227,HIS,HIS,True
4528,ThermoMPNN,WIL_PLA,-0.3727596402168274,226,H,K,WIL_PLA,A,227,227,HIS,HIS,True
4529,ThermoMPNN,WIL_PLA,0.7725922465324402,226,H,L,WIL_PLA,A,227,227,HIS,HIS,True
4530,ThermoMPNN,WIL_PLA,0.2038601636886596,226,H,M,WIL_PLA,A,227,227,HIS,HIS,True
4531,ThermoMPNN,WIL_PLA,0.1268854141235351,226,H,N,WIL_PLA,A,227,227,HIS,HIS,True
4532,ThermoMPNN,WIL_PLA,0.9818673729896544,226,H,P,WIL_PLA,A,227,227,HIS,HIS,True
4533,ThermoMPNN,WIL_PLA,0.3715207576751709,226,H,Q,WIL_PLA,A,227,227,HIS,HIS,True
4534,ThermoMPNN,WIL_PLA,-0.6755853295326233,226,H,R,WIL_PLA,A,227,227,HIS,HIS,True
4535,ThermoMPNN,WIL_PLA,-0.5705447793006897,226,H,S,WIL_PLA,A,227,227,HIS,HIS,True
4536,ThermoMPNN,WIL_PLA,0.1954432129859924,226,H,T,WIL_PLA,A,227,227,HIS,HIS,True
4537,ThermoMPNN,WIL_PLA,0.7968218922615051,226,H,V,WIL_PLA,A,227,227,HIS,HIS,True
4538,ThermoMPNN,WIL_PLA,0.7032793760299683,226,H,W,WIL_PLA,A,227,227,HIS,HIS,True
4539,ThermoMPNN,WIL_PLA,0.6583563089370728,226,H,Y,WIL_PLA,A,227,227,HIS,HIS,True
4540,ThermoMPNN,WIL_PLA,0.1137393712997436,227,T,A,WIL_PLA,A,228,228,THR,THR,True
4541,ThermoMPNN,WIL_PLA,0.2220171093940735,227,T,C,WIL_PLA,A,228,228,THR,THR,True
4542,ThermoMPNN,WIL_PLA,0.630679190158844,227,T,D,WIL_PLA,A,228,228,THR,THR,True
4543,ThermoMPNN,WIL_PLA,0.5674809813499451,227,T,E,WIL_PLA,A,228,228,THR,THR,True
4544,ThermoMPNN,WIL_PLA,0.3658515214920044,227,T,F,WIL_PLA,A,228,228,THR,THR,True
4545,ThermoMPNN,WIL_PLA,0.1685941815376281,227,T,G,WIL_PLA,A,228,228,THR,THR,True
4546,ThermoMPNN,WIL_PLA,0.3051015138626098,227,T,H,WIL_PLA,A,228,228,THR,THR,True
4547,ThermoMPNN,WIL_PLA,0.294291615486145,227,T,I,WIL_PLA,A,228,228,THR,THR,True
4548,ThermoMPNN,WIL_PLA,-0.0936211347579956,227,T,K,WIL_PLA,A,228,228,THR,THR,True
4549,ThermoMPNN,WIL_PLA,0.0555068850517272,227,T,L,WIL_PLA,A,228,228,THR,THR,True
4550,ThermoMPNN,WIL_PLA,0.1682074069976806,227,T,M,WIL_PLA,A,228,228,THR,THR,True
4551,ThermoMPNN,WIL_PLA,0.2559124231338501,227,T,N,WIL_PLA,A,228,228,THR,THR,True
4552,ThermoMPNN,WIL_PLA,0.8241917490959167,227,T,P,WIL_PLA,A,228,228,THR,THR,True
4553,ThermoMPNN,WIL_PLA,0.1163837909698486,227,T,Q,WIL_PLA,A,228,228,THR,THR,True
4554,ThermoMPNN,WIL_PLA,-0.1373872756958007,227,T,R,WIL_PLA,A,228,228,THR,THR,True
4555,ThermoMPNN,WIL_PLA,0.1946974396705627,227,T,S,WIL_PLA,A,228,228,THR,THR,True
4556,ThermoMPNN,WIL_PLA,0.0,227,T,T,WIL_PLA,A,228,228,THR,THR,True
4557,ThermoMPNN,WIL_PLA,0.1961491703987121,227,T,V,WIL_PLA,A,228,228,THR,THR,True
4558,ThermoMPNN,WIL_PLA,0.4496042728424072,227,T,W,WIL_PLA,A,228,228,THR,THR,True
4559,ThermoMPNN,WIL_PLA,0.4501314759254455,227,T,Y,WIL_PLA,A,228,228,THR,THR,True
4560,ThermoMPNN,WIL_PLA,-0.0544638037681579,228,D,A,WIL_PLA,A,229,229,ASP,ASP,True
4561,ThermoMPNN,WIL_PLA,-0.4795717597007751,228,D,C,WIL_PLA,A,229,229,ASP,ASP,True
4562,ThermoMPNN,WIL_PLA,0.0,228,D,D,WIL_PLA,A,229,229,ASP,ASP,True
4563,ThermoMPNN,WIL_PLA,0.8336867094039917,228,D,E,WIL_PLA,A,229,229,ASP,ASP,True
4564,ThermoMPNN,WIL_PLA,0.1572557091712951,228,D,F,WIL_PLA,A,229,229,ASP,ASP,True
4565,ThermoMPNN,WIL_PLA,0.2015909552574157,228,D,G,WIL_PLA,A,229,229,ASP,ASP,True
4566,ThermoMPNN,WIL_PLA,-0.1085333228111267,228,D,H,WIL_PLA,A,229,229,ASP,ASP,True
4567,ThermoMPNN,WIL_PLA,1.50442636013031,228,D,I,WIL_PLA,A,229,229,ASP,ASP,True
4568,ThermoMPNN,WIL_PLA,0.8867851495742798,228,D,K,WIL_PLA,A,229,229,ASP,ASP,True
4569,ThermoMPNN,WIL_PLA,1.078321933746338,228,D,L,WIL_PLA,A,229,229,ASP,ASP,True
4570,ThermoMPNN,WIL_PLA,0.6272417902946472,228,D,M,WIL_PLA,A,229,229,ASP,ASP,True
4571,ThermoMPNN,WIL_PLA,-0.2992638945579529,228,D,N,WIL_PLA,A,229,229,ASP,ASP,True
4572,ThermoMPNN,WIL_PLA,1.886885404586792,228,D,P,WIL_PLA,A,229,229,ASP,ASP,True
4573,ThermoMPNN,WIL_PLA,0.5324258208274841,228,D,Q,WIL_PLA,A,229,229,ASP,ASP,True
4574,ThermoMPNN,WIL_PLA,0.7369880080223083,228,D,R,WIL_PLA,A,229,229,ASP,ASP,True
4575,ThermoMPNN,WIL_PLA,-0.1409956812858581,228,D,S,WIL_PLA,A,229,229,ASP,ASP,True
4576,ThermoMPNN,WIL_PLA,0.5888637900352478,228,D,T,WIL_PLA,A,229,229,ASP,ASP,True
4577,ThermoMPNN,WIL_PLA,1.0307592153549194,228,D,V,WIL_PLA,A,229,229,ASP,ASP,True
4578,ThermoMPNN,WIL_PLA,-0.0844883322715759,228,D,W,WIL_PLA,A,229,229,ASP,ASP,True
4579,ThermoMPNN,WIL_PLA,0.1613904237747192,228,D,Y,WIL_PLA,A,229,229,ASP,ASP,True
4580,ThermoMPNN,WIL_PLA,1.960639476776123,229,D,A,WIL_PLA,A,230,230,ASP,ASP,True
4581,ThermoMPNN,WIL_PLA,1.4543194770812988,229,D,C,WIL_PLA,A,230,230,ASP,ASP,True
4582,ThermoMPNN,WIL_PLA,0.0,229,D,D,WIL_PLA,A,230,230,ASP,ASP,True
4583,ThermoMPNN,WIL_PLA,1.847515106201172,229,D,E,WIL_PLA,A,230,230,ASP,ASP,True
4584,ThermoMPNN,WIL_PLA,1.8278101682662964,229,D,F,WIL_PLA,A,230,230,ASP,ASP,True
4585,ThermoMPNN,WIL_PLA,1.9592493772506716,229,D,G,WIL_PLA,A,230,230,ASP,ASP,True
4586,ThermoMPNN,WIL_PLA,1.8359389305114744,229,D,H,WIL_PLA,A,230,230,ASP,ASP,True
4587,ThermoMPNN,WIL_PLA,2.1660397052764893,229,D,I,WIL_PLA,A,230,230,ASP,ASP,True
4588,ThermoMPNN,WIL_PLA,2.2039358615875244,229,D,K,WIL_PLA,A,230,230,ASP,ASP,True
4589,ThermoMPNN,WIL_PLA,2.040880918502808,229,D,L,WIL_PLA,A,230,230,ASP,ASP,True
4590,ThermoMPNN,WIL_PLA,2.0851306915283203,229,D,M,WIL_PLA,A,230,230,ASP,ASP,True
4591,ThermoMPNN,WIL_PLA,1.102490782737732,229,D,N,WIL_PLA,A,230,230,ASP,ASP,True
4592,ThermoMPNN,WIL_PLA,2.174189329147339,229,D,P,WIL_PLA,A,230,230,ASP,ASP,True
4593,ThermoMPNN,WIL_PLA,2.05664587020874,229,D,Q,WIL_PLA,A,230,230,ASP,ASP,True
4594,ThermoMPNN,WIL_PLA,2.046065092086792,229,D,R,WIL_PLA,A,230,230,ASP,ASP,True
4595,ThermoMPNN,WIL_PLA,1.4461588859558103,229,D,S,WIL_PLA,A,230,230,ASP,ASP,True
4596,ThermoMPNN,WIL_PLA,1.875177502632141,229,D,T,WIL_PLA,A,230,230,ASP,ASP,True
4597,ThermoMPNN,WIL_PLA,2.19726037979126,229,D,V,WIL_PLA,A,230,230,ASP,ASP,True
4598,ThermoMPNN,WIL_PLA,2.029507875442505,229,D,W,WIL_PLA,A,230,230,ASP,ASP,True
4599,ThermoMPNN,WIL_PLA,2.102527141571045,229,D,Y,WIL_PLA,A,230,230,ASP,ASP,True
4600,ThermoMPNN,WIL_PLA,1.5075701475143433,230,I,A,WIL_PLA,A,231,231,ILE,ILE,True
4601,ThermoMPNN,WIL_PLA,0.973282754421234,230,I,C,WIL_PLA,A,231,231,ILE,ILE,True
4602,ThermoMPNN,WIL_PLA,2.486685037612915,230,I,D,WIL_PLA,A,231,231,ILE,ILE,True
4603,ThermoMPNN,WIL_PLA,1.956065773963928,230,I,E,WIL_PLA,A,231,231,ILE,ILE,True
4604,ThermoMPNN,WIL_PLA,0.4901617765426636,230,I,F,WIL_PLA,A,231,231,ILE,ILE,True
4605,ThermoMPNN,WIL_PLA,2.369690418243408,230,I,G,WIL_PLA,A,231,231,ILE,ILE,True
4606,ThermoMPNN,WIL_PLA,1.5754563808441162,230,I,H,WIL_PLA,A,231,231,ILE,ILE,True
4607,ThermoMPNN,WIL_PLA,0.0,230,I,I,WIL_PLA,A,231,231,ILE,ILE,True
4608,ThermoMPNN,WIL_PLA,1.4706523418426514,230,I,K,WIL_PLA,A,231,231,ILE,ILE,True
4609,ThermoMPNN,WIL_PLA,0.2389008998870849,230,I,L,WIL_PLA,A,231,231,ILE,ILE,True
4610,ThermoMPNN,WIL_PLA,0.6811999082565308,230,I,M,WIL_PLA,A,231,231,ILE,ILE,True
4611,ThermoMPNN,WIL_PLA,2.2154242992401123,230,I,N,WIL_PLA,A,231,231,ILE,ILE,True
4612,ThermoMPNN,WIL_PLA,2.3121633529663086,230,I,P,WIL_PLA,A,231,231,ILE,ILE,True
4613,ThermoMPNN,WIL_PLA,1.6956839561462402,230,I,Q,WIL_PLA,A,231,231,ILE,ILE,True
4614,ThermoMPNN,WIL_PLA,1.438821792602539,230,I,R,WIL_PLA,A,231,231,ILE,ILE,True
4615,ThermoMPNN,WIL_PLA,1.9628878831863403,230,I,S,WIL_PLA,A,231,231,ILE,ILE,True
4616,ThermoMPNN,WIL_PLA,1.539746880531311,230,I,T,WIL_PLA,A,231,231,ILE,ILE,True
4617,ThermoMPNN,WIL_PLA,0.5834858417510986,230,I,V,WIL_PLA,A,231,231,ILE,ILE,True
4618,ThermoMPNN,WIL_PLA,0.8561345338821411,230,I,W,WIL_PLA,A,231,231,ILE,ILE,True
4619,ThermoMPNN,WIL_PLA,0.7081135511398315,230,I,Y,WIL_PLA,A,231,231,ILE,ILE,True
4620,ThermoMPNN,WIL_PLA,1.4716379642486572,231,V,A,WIL_PLA,A,232,232,VAL,VAL,True
4621,ThermoMPNN,WIL_PLA,0.9521088600158693,231,V,C,WIL_PLA,A,232,232,VAL,VAL,True
4622,ThermoMPNN,WIL_PLA,2.698662042617798,231,V,D,WIL_PLA,A,232,232,VAL,VAL,True
4623,ThermoMPNN,WIL_PLA,2.484691619873047,231,V,E,WIL_PLA,A,232,232,VAL,VAL,True
4624,ThermoMPNN,WIL_PLA,1.1451966762542725,231,V,F,WIL_PLA,A,232,232,VAL,VAL,True
4625,ThermoMPNN,WIL_PLA,2.5740714073181152,231,V,G,WIL_PLA,A,232,232,VAL,VAL,True
4626,ThermoMPNN,WIL_PLA,2.239423513412476,231,V,H,WIL_PLA,A,232,232,VAL,VAL,True
4627,ThermoMPNN,WIL_PLA,-0.5014300346374512,231,V,I,WIL_PLA,A,232,232,VAL,VAL,True
4628,ThermoMPNN,WIL_PLA,2.34253191947937,231,V,K,WIL_PLA,A,232,232,VAL,VAL,True
4629,ThermoMPNN,WIL_PLA,0.4256520271301269,231,V,L,WIL_PLA,A,232,232,VAL,VAL,True
4630,ThermoMPNN,WIL_PLA,0.9708977937698364,231,V,M,WIL_PLA,A,232,232,VAL,VAL,True
4631,ThermoMPNN,WIL_PLA,2.5496726036071777,231,V,N,WIL_PLA,A,232,232,VAL,VAL,True
4632,ThermoMPNN,WIL_PLA,2.816460371017456,231,V,P,WIL_PLA,A,232,232,VAL,VAL,True
4633,ThermoMPNN,WIL_PLA,2.3776655197143555,231,V,Q,WIL_PLA,A,232,232,VAL,VAL,True
4634,ThermoMPNN,WIL_PLA,2.347776174545288,231,V,R,WIL_PLA,A,232,232,VAL,VAL,True
4635,ThermoMPNN,WIL_PLA,2.309278726577759,231,V,S,WIL_PLA,A,232,232,VAL,VAL,True
4636,ThermoMPNN,WIL_PLA,1.5978777408599854,231,V,T,WIL_PLA,A,232,232,VAL,VAL,True
4637,ThermoMPNN,WIL_PLA,0.0,231,V,V,WIL_PLA,A,232,232,VAL,VAL,True
4638,ThermoMPNN,WIL_PLA,1.4761648178100586,231,V,W,WIL_PLA,A,232,232,VAL,VAL,True
4639,ThermoMPNN,WIL_PLA,1.408526062965393,231,V,Y,WIL_PLA,A,232,232,VAL,VAL,True
4640,ThermoMPNN,WIL_PLA,0.4474876523017883,232,P,A,WIL_PLA,A,233,233,PRO,PRO,True
4641,ThermoMPNN,WIL_PLA,0.6594653725624084,232,P,C,WIL_PLA,A,233,233,PRO,PRO,True
4642,ThermoMPNN,WIL_PLA,1.106983304023743,232,P,D,WIL_PLA,A,233,233,PRO,PRO,True
4643,ThermoMPNN,WIL_PLA,1.4101046323776243,232,P,E,WIL_PLA,A,233,233,PRO,PRO,True
4644,ThermoMPNN,WIL_PLA,0.5781984329223633,232,P,F,WIL_PLA,A,233,233,PRO,PRO,True
4645,ThermoMPNN,WIL_PLA,0.564184308052063,232,P,G,WIL_PLA,A,233,233,PRO,PRO,True
4646,ThermoMPNN,WIL_PLA,0.4966879487037658,232,P,H,WIL_PLA,A,233,233,PRO,PRO,True
4647,ThermoMPNN,WIL_PLA,0.9657936096191406,232,P,I,WIL_PLA,A,233,233,PRO,PRO,True
4648,ThermoMPNN,WIL_PLA,0.706347644329071,232,P,K,WIL_PLA,A,233,233,PRO,PRO,True
4649,ThermoMPNN,WIL_PLA,1.1338917016983032,232,P,L,WIL_PLA,A,233,233,PRO,PRO,True
4650,ThermoMPNN,WIL_PLA,0.9594920873641968,232,P,M,WIL_PLA,A,233,233,PRO,PRO,True
4651,ThermoMPNN,WIL_PLA,0.8386883735656738,232,P,N,WIL_PLA,A,233,233,PRO,PRO,True
4652,ThermoMPNN,WIL_PLA,0.0,232,P,P,WIL_PLA,A,233,233,PRO,PRO,True
4653,ThermoMPNN,WIL_PLA,0.9620805978775024,232,P,Q,WIL_PLA,A,233,233,PRO,PRO,True
4654,ThermoMPNN,WIL_PLA,0.5070101022720337,232,P,R,WIL_PLA,A,233,233,PRO,PRO,True
4655,ThermoMPNN,WIL_PLA,0.5652854442596436,232,P,S,WIL_PLA,A,233,233,PRO,PRO,True
4656,ThermoMPNN,WIL_PLA,0.67388916015625,232,P,T,WIL_PLA,A,233,233,PRO,PRO,True
4657,ThermoMPNN,WIL_PLA,0.9001132845878601,232,P,V,WIL_PLA,A,233,233,PRO,PRO,True
4658,ThermoMPNN,WIL_PLA,0.2512174844741821,232,P,W,WIL_PLA,A,233,233,PRO,PRO,True
4659,ThermoMPNN,WIL_PLA,0.2189656496047973,232,P,Y,WIL_PLA,A,233,233,PRO,PRO,True
4660,ThermoMPNN,WIL_PLA,2.0127146244049072,233,K,A,WIL_PLA,A,234,234,LYS,LYS,True
4661,ThermoMPNN,WIL_PLA,1.6172101497650146,233,K,C,WIL_PLA,A,234,234,LYS,LYS,True
4662,ThermoMPNN,WIL_PLA,3.720527648925781,233,K,D,WIL_PLA,A,234,234,LYS,LYS,True
4663,ThermoMPNN,WIL_PLA,3.1536407470703125,233,K,E,WIL_PLA,A,234,234,LYS,LYS,True
4664,ThermoMPNN,WIL_PLA,2.0152270793914795,233,K,F,WIL_PLA,A,234,234,LYS,LYS,True
4665,ThermoMPNN,WIL_PLA,2.6578152179718018,233,K,G,WIL_PLA,A,234,234,LYS,LYS,True
4666,ThermoMPNN,WIL_PLA,1.8033831119537356,233,K,H,WIL_PLA,A,234,234,LYS,LYS,True
4667,ThermoMPNN,WIL_PLA,1.5453840494155884,233,K,I,WIL_PLA,A,234,234,LYS,LYS,True
4668,ThermoMPNN,WIL_PLA,0.0,233,K,K,WIL_PLA,A,234,234,LYS,LYS,True
4669,ThermoMPNN,WIL_PLA,1.552473068237305,233,K,L,WIL_PLA,A,234,234,LYS,LYS,True
4670,ThermoMPNN,WIL_PLA,1.2458561658859253,233,K,M,WIL_PLA,A,234,234,LYS,LYS,True
4671,ThermoMPNN,WIL_PLA,2.0861377716064453,233,K,N,WIL_PLA,A,234,234,LYS,LYS,True
4672,ThermoMPNN,WIL_PLA,3.0478901863098145,233,K,P,WIL_PLA,A,234,234,LYS,LYS,True
4673,ThermoMPNN,WIL_PLA,1.4590390920639038,233,K,Q,WIL_PLA,A,234,234,LYS,LYS,True
4674,ThermoMPNN,WIL_PLA,-0.1699295043945312,233,K,R,WIL_PLA,A,234,234,LYS,LYS,True
4675,ThermoMPNN,WIL_PLA,1.904853105545044,233,K,S,WIL_PLA,A,234,234,LYS,LYS,True
4676,ThermoMPNN,WIL_PLA,1.785656452178955,233,K,T,WIL_PLA,A,234,234,LYS,LYS,True
4677,ThermoMPNN,WIL_PLA,2.0543322563171387,233,K,V,WIL_PLA,A,234,234,LYS,LYS,True
4678,ThermoMPNN,WIL_PLA,2.363304853439331,233,K,W,WIL_PLA,A,234,234,LYS,LYS,True
4679,ThermoMPNN,WIL_PLA,1.9410607814788816,233,K,Y,WIL_PLA,A,234,234,LYS,LYS,True
4680,ThermoMPNN,WIL_PLA,2.1597821712493896,234,L,A,WIL_PLA,A,235,235,LEU,LEU,True
4681,ThermoMPNN,WIL_PLA,1.0554827451705933,234,L,C,WIL_PLA,A,235,235,LEU,LEU,True
4682,ThermoMPNN,WIL_PLA,2.77236557006836,234,L,D,WIL_PLA,A,235,235,LEU,LEU,True
4683,ThermoMPNN,WIL_PLA,2.2248106002807617,234,L,E,WIL_PLA,A,235,235,LEU,LEU,True
4684,ThermoMPNN,WIL_PLA,0.6560629606246948,234,L,F,WIL_PLA,A,235,235,LEU,LEU,True
4685,ThermoMPNN,WIL_PLA,2.894593477249145,234,L,G,WIL_PLA,A,235,235,LEU,LEU,True
4686,ThermoMPNN,WIL_PLA,1.809207797050476,234,L,H,WIL_PLA,A,235,235,LEU,LEU,True
4687,ThermoMPNN,WIL_PLA,1.1311910152435305,234,L,I,WIL_PLA,A,235,235,LEU,LEU,True
4688,ThermoMPNN,WIL_PLA,1.980880856513977,234,L,K,WIL_PLA,A,235,235,LEU,LEU,True
4689,ThermoMPNN,WIL_PLA,0.0,234,L,L,WIL_PLA,A,235,235,LEU,LEU,True
4690,ThermoMPNN,WIL_PLA,0.6157711744308472,234,L,M,WIL_PLA,A,235,235,LEU,LEU,True
4691,ThermoMPNN,WIL_PLA,2.424237966537476,234,L,N,WIL_PLA,A,235,235,LEU,LEU,True
4692,ThermoMPNN,WIL_PLA,2.964089155197144,234,L,P,WIL_PLA,A,235,235,LEU,LEU,True
4693,ThermoMPNN,WIL_PLA,1.869194746017456,234,L,Q,WIL_PLA,A,235,235,LEU,LEU,True
4694,ThermoMPNN,WIL_PLA,1.86045241355896,234,L,R,WIL_PLA,A,235,235,LEU,LEU,True
4695,ThermoMPNN,WIL_PLA,2.3483848571777344,234,L,S,WIL_PLA,A,235,235,LEU,LEU,True
4696,ThermoMPNN,WIL_PLA,1.8389768600463867,234,L,T,WIL_PLA,A,235,235,LEU,LEU,True
4697,ThermoMPNN,WIL_PLA,1.6396310329437256,234,L,V,WIL_PLA,A,235,235,LEU,LEU,True
4698,ThermoMPNN,WIL_PLA,0.5420621633529663,234,L,W,WIL_PLA,A,235,235,LEU,LEU,True
4699,ThermoMPNN,WIL_PLA,0.5677576065063477,234,L,Y,WIL_PLA,A,235,235,LEU,LEU,True
4700,ThermoMPNN,WIL_PLA,1.957498550415039,235,P,A,WIL_PLA,A,236,236,PRO,PRO,True
4701,ThermoMPNN,WIL_PLA,1.4129985570907593,235,P,C,WIL_PLA,A,236,236,PRO,PRO,True
4702,ThermoMPNN,WIL_PLA,2.4460840225219727,235,P,D,WIL_PLA,A,236,236,PRO,PRO,True
4703,ThermoMPNN,WIL_PLA,1.9930200576782229,235,P,E,WIL_PLA,A,236,236,PRO,PRO,True
4704,ThermoMPNN,WIL_PLA,1.377415418624878,235,P,F,WIL_PLA,A,236,236,PRO,PRO,True
4705,ThermoMPNN,WIL_PLA,1.9385135173797607,235,P,G,WIL_PLA,A,236,236,PRO,PRO,True
4706,ThermoMPNN,WIL_PLA,2.119239568710327,235,P,H,WIL_PLA,A,236,236,PRO,PRO,True
4707,ThermoMPNN,WIL_PLA,1.6628683805465698,235,P,I,WIL_PLA,A,236,236,PRO,PRO,True
4708,ThermoMPNN,WIL_PLA,2.050938606262207,235,P,K,WIL_PLA,A,236,236,PRO,PRO,True
4709,ThermoMPNN,WIL_PLA,1.513110637664795,235,P,L,WIL_PLA,A,236,236,PRO,PRO,True
4710,ThermoMPNN,WIL_PLA,1.5303475856781006,235,P,M,WIL_PLA,A,236,236,PRO,PRO,True
4711,ThermoMPNN,WIL_PLA,2.2004666328430176,235,P,N,WIL_PLA,A,236,236,PRO,PRO,True
4712,ThermoMPNN,WIL_PLA,0.0,235,P,P,WIL_PLA,A,236,236,PRO,PRO,True
4713,ThermoMPNN,WIL_PLA,2.054600715637207,235,P,Q,WIL_PLA,A,236,236,PRO,PRO,True
4714,ThermoMPNN,WIL_PLA,2.063978433609009,235,P,R,WIL_PLA,A,236,236,PRO,PRO,True
4715,ThermoMPNN,WIL_PLA,2.169222116470337,235,P,S,WIL_PLA,A,236,236,PRO,PRO,True
4716,ThermoMPNN,WIL_PLA,2.302083730697632,235,P,T,WIL_PLA,A,236,236,PRO,PRO,True
4717,ThermoMPNN,WIL_PLA,1.9258716106414795,235,P,V,WIL_PLA,A,236,236,PRO,PRO,True
4718,ThermoMPNN,WIL_PLA,2.0729548931121826,235,P,W,WIL_PLA,A,236,236,PRO,PRO,True
4719,ThermoMPNN,WIL_PLA,1.6195132732391355,235,P,Y,WIL_PLA,A,236,236,PRO,PRO,True
4720,ThermoMPNN,WIL_PLA,1.5084658861160278,236,P,A,WIL_PLA,A,237,237,PRO,PRO,True
4721,ThermoMPNN,WIL_PLA,0.9368770122528076,236,P,C,WIL_PLA,A,237,237,PRO,PRO,True
4722,ThermoMPNN,WIL_PLA,1.5012729167938232,236,P,D,WIL_PLA,A,237,237,PRO,PRO,True
4723,ThermoMPNN,WIL_PLA,1.5317362546920776,236,P,E,WIL_PLA,A,237,237,PRO,PRO,True
4724,ThermoMPNN,WIL_PLA,1.5024502277374268,236,P,F,WIL_PLA,A,237,237,PRO,PRO,True
4725,ThermoMPNN,WIL_PLA,2.0434749126434326,236,P,G,WIL_PLA,A,237,237,PRO,PRO,True
4726,ThermoMPNN,WIL_PLA,1.5666860342025757,236,P,H,WIL_PLA,A,237,237,PRO,PRO,True
4727,ThermoMPNN,WIL_PLA,1.462792992591858,236,P,I,WIL_PLA,A,237,237,PRO,PRO,True
4728,ThermoMPNN,WIL_PLA,1.6073106527328491,236,P,K,WIL_PLA,A,237,237,PRO,PRO,True
4729,ThermoMPNN,WIL_PLA,1.3473130464553833,236,P,L,WIL_PLA,A,237,237,PRO,PRO,True
4730,ThermoMPNN,WIL_PLA,1.4847275018692017,236,P,M,WIL_PLA,A,237,237,PRO,PRO,True
4731,ThermoMPNN,WIL_PLA,1.5937607288360596,236,P,N,WIL_PLA,A,237,237,PRO,PRO,True
4732,ThermoMPNN,WIL_PLA,0.0,236,P,P,WIL_PLA,A,237,237,PRO,PRO,True
4733,ThermoMPNN,WIL_PLA,1.5682992935180664,236,P,Q,WIL_PLA,A,237,237,PRO,PRO,True
4734,ThermoMPNN,WIL_PLA,1.7647066116333008,236,P,R,WIL_PLA,A,237,237,PRO,PRO,True
4735,ThermoMPNN,WIL_PLA,1.486581325531006,236,P,S,WIL_PLA,A,237,237,PRO,PRO,True
4736,ThermoMPNN,WIL_PLA,1.7832293510437012,236,P,T,WIL_PLA,A,237,237,PRO,PRO,True
4737,ThermoMPNN,WIL_PLA,1.5436928272247314,236,P,V,WIL_PLA,A,237,237,PRO,PRO,True
4738,ThermoMPNN,WIL_PLA,1.5584996938705444,236,P,W,WIL_PLA,A,237,237,PRO,PRO,True
4739,ThermoMPNN,WIL_PLA,1.536778450012207,236,P,Y,WIL_PLA,A,237,237,PRO,PRO,True
4740,ThermoMPNN,WIL_PLA,-0.4166572093963623,237,E,A,WIL_PLA,A,238,238,GLU,GLU,True
4741,ThermoMPNN,WIL_PLA,-0.1636717915534973,237,E,C,WIL_PLA,A,238,238,GLU,GLU,True
4742,ThermoMPNN,WIL_PLA,0.9930385947227478,237,E,D,WIL_PLA,A,238,238,GLU,GLU,True
4743,ThermoMPNN,WIL_PLA,0.0,237,E,E,WIL_PLA,A,238,238,GLU,GLU,True
4744,ThermoMPNN,WIL_PLA,0.2771026492118835,237,E,F,WIL_PLA,A,238,238,GLU,GLU,True
4745,ThermoMPNN,WIL_PLA,0.503558337688446,237,E,G,WIL_PLA,A,238,238,GLU,GLU,True
4746,ThermoMPNN,WIL_PLA,-0.0023668408393859,237,E,H,WIL_PLA,A,238,238,GLU,GLU,True
4747,ThermoMPNN,WIL_PLA,-0.2454826235771179,237,E,I,WIL_PLA,A,238,238,GLU,GLU,True
4748,ThermoMPNN,WIL_PLA,-0.6482012271881104,237,E,K,WIL_PLA,A,238,238,GLU,GLU,True
4749,ThermoMPNN,WIL_PLA,0.3661399185657501,237,E,L,WIL_PLA,A,238,238,GLU,GLU,True
4750,ThermoMPNN,WIL_PLA,-0.0998186469078064,237,E,M,WIL_PLA,A,238,238,GLU,GLU,True
4751,ThermoMPNN,WIL_PLA,0.6054326295852661,237,E,N,WIL_PLA,A,238,238,GLU,GLU,True
4752,ThermoMPNN,WIL_PLA,-0.4798767566680908,237,E,P,WIL_PLA,A,238,238,GLU,GLU,True
4753,ThermoMPNN,WIL_PLA,-0.5491799116134644,237,E,Q,WIL_PLA,A,238,238,GLU,GLU,True
4754,ThermoMPNN,WIL_PLA,-0.5528141260147095,237,E,R,WIL_PLA,A,238,238,GLU,GLU,True
4755,ThermoMPNN,WIL_PLA,-0.2028265595436096,237,E,S,WIL_PLA,A,238,238,GLU,GLU,True
4756,ThermoMPNN,WIL_PLA,0.105692446231842,237,E,T,WIL_PLA,A,238,238,GLU,GLU,True
4757,ThermoMPNN,WIL_PLA,-0.1378139853477478,237,E,V,WIL_PLA,A,238,238,GLU,GLU,True
4758,ThermoMPNN,WIL_PLA,0.3646862208843231,237,E,W,WIL_PLA,A,238,238,GLU,GLU,True
4759,ThermoMPNN,WIL_PLA,0.2872408032417297,237,E,Y,WIL_PLA,A,238,238,GLU,GLU,True
4760,ThermoMPNN,WIL_PLA,-0.3924213647842407,238,L,A,WIL_PLA,A,239,239,LEU,LEU,True
4761,ThermoMPNN,WIL_PLA,-0.3425284624099731,238,L,C,WIL_PLA,A,239,239,LEU,LEU,True
4762,ThermoMPNN,WIL_PLA,0.2491873800754547,238,L,D,WIL_PLA,A,239,239,LEU,LEU,True
4763,ThermoMPNN,WIL_PLA,-0.0006170272827148,238,L,E,WIL_PLA,A,239,239,LEU,LEU,True
4764,ThermoMPNN,WIL_PLA,-0.0223048329353332,238,L,F,WIL_PLA,A,239,239,LEU,LEU,True
4765,ThermoMPNN,WIL_PLA,0.155083417892456,238,L,G,WIL_PLA,A,239,239,LEU,LEU,True
4766,ThermoMPNN,WIL_PLA,-0.1337411999702453,238,L,H,WIL_PLA,A,239,239,LEU,LEU,True
4767,ThermoMPNN,WIL_PLA,-0.1901456713676452,238,L,I,WIL_PLA,A,239,239,LEU,LEU,True
4768,ThermoMPNN,WIL_PLA,-0.1541003584861755,238,L,K,WIL_PLA,A,239,239,LEU,LEU,True
4769,ThermoMPNN,WIL_PLA,0.0,238,L,L,WIL_PLA,A,239,239,LEU,LEU,True
4770,ThermoMPNN,WIL_PLA,-0.0207163095474243,238,L,M,WIL_PLA,A,239,239,LEU,LEU,True
4771,ThermoMPNN,WIL_PLA,0.1317687630653381,238,L,N,WIL_PLA,A,239,239,LEU,LEU,True
4772,ThermoMPNN,WIL_PLA,0.648931086063385,238,L,P,WIL_PLA,A,239,239,LEU,LEU,True
4773,ThermoMPNN,WIL_PLA,-0.0292564630508422,238,L,Q,WIL_PLA,A,239,239,LEU,LEU,True
4774,ThermoMPNN,WIL_PLA,-0.2757589221000671,238,L,R,WIL_PLA,A,239,239,LEU,LEU,True
4775,ThermoMPNN,WIL_PLA,-0.3716106414794922,238,L,S,WIL_PLA,A,239,239,LEU,LEU,True
4776,ThermoMPNN,WIL_PLA,-0.1505239605903625,238,L,T,WIL_PLA,A,239,239,LEU,LEU,True
4777,ThermoMPNN,WIL_PLA,-0.1157566308975219,238,L,V,WIL_PLA,A,239,239,LEU,LEU,True
4778,ThermoMPNN,WIL_PLA,-0.1315726637840271,238,L,W,WIL_PLA,A,239,239,LEU,LEU,True
4779,ThermoMPNN,WIL_PLA,-0.1720855236053466,238,L,Y,WIL_PLA,A,239,239,LEU,LEU,True
4780,ThermoMPNN,WIL_PLA,1.2599244117736816,239,L,A,WIL_PLA,A,240,240,LEU,LEU,True
4781,ThermoMPNN,WIL_PLA,0.4641071557998657,239,L,C,WIL_PLA,A,240,240,LEU,LEU,True
4782,ThermoMPNN,WIL_PLA,2.359548091888428,239,L,D,WIL_PLA,A,240,240,LEU,LEU,True
4783,ThermoMPNN,WIL_PLA,1.9698278903961184,239,L,E,WIL_PLA,A,240,240,LEU,LEU,True
4784,ThermoMPNN,WIL_PLA,0.4994210004806518,239,L,F,WIL_PLA,A,240,240,LEU,LEU,True
4785,ThermoMPNN,WIL_PLA,2.056112289428711,239,L,G,WIL_PLA,A,240,240,LEU,LEU,True
4786,ThermoMPNN,WIL_PLA,1.190613031387329,239,L,H,WIL_PLA,A,240,240,LEU,LEU,True
4787,ThermoMPNN,WIL_PLA,0.8671582341194153,239,L,I,WIL_PLA,A,240,240,LEU,LEU,True
4788,ThermoMPNN,WIL_PLA,1.5247433185577393,239,L,K,WIL_PLA,A,240,240,LEU,LEU,True
4789,ThermoMPNN,WIL_PLA,0.0,239,L,L,WIL_PLA,A,240,240,LEU,LEU,True
4790,ThermoMPNN,WIL_PLA,0.5151246786117554,239,L,M,WIL_PLA,A,240,240,LEU,LEU,True
4791,ThermoMPNN,WIL_PLA,1.656239628791809,239,L,N,WIL_PLA,A,240,240,LEU,LEU,True
4792,ThermoMPNN,WIL_PLA,2.866931438446045,239,L,P,WIL_PLA,A,240,240,LEU,LEU,True
4793,ThermoMPNN,WIL_PLA,1.5165828466415403,239,L,Q,WIL_PLA,A,240,240,LEU,LEU,True
4794,ThermoMPNN,WIL_PLA,1.506847858428955,239,L,R,WIL_PLA,A,240,240,LEU,LEU,True
4795,ThermoMPNN,WIL_PLA,1.61864972114563,239,L,S,WIL_PLA,A,240,240,LEU,LEU,True
4796,ThermoMPNN,WIL_PLA,1.454412817955017,239,L,T,WIL_PLA,A,240,240,LEU,LEU,True
4797,ThermoMPNN,WIL_PLA,1.1019200086593628,239,L,V,WIL_PLA,A,240,240,LEU,LEU,True
4798,ThermoMPNN,WIL_PLA,0.0729351043701171,239,L,W,WIL_PLA,A,240,240,LEU,LEU,True
4799,ThermoMPNN,WIL_PLA,0.2356733083724975,239,L,Y,WIL_PLA,A,240,240,LEU,LEU,True
4800,ThermoMPNN,WIL_PLA,1.9304842948913572,240,G,A,WIL_PLA,A,241,241,GLY,GLY,True
4801,ThermoMPNN,WIL_PLA,1.214194416999817,240,G,C,WIL_PLA,A,241,241,GLY,GLY,True
4802,ThermoMPNN,WIL_PLA,1.9211821556091309,240,G,D,WIL_PLA,A,241,241,GLY,GLY,True
4803,ThermoMPNN,WIL_PLA,2.170327663421631,240,G,E,WIL_PLA,A,241,241,GLY,GLY,True
4804,ThermoMPNN,WIL_PLA,1.7060632705688477,240,G,F,WIL_PLA,A,241,241,GLY,GLY,True
4805,ThermoMPNN,WIL_PLA,0.0,240,G,G,WIL_PLA,A,241,241,GLY,GLY,True
4806,ThermoMPNN,WIL_PLA,1.7782680988311768,240,G,H,WIL_PLA,A,241,241,GLY,GLY,True
4807,ThermoMPNN,WIL_PLA,2.2744228839874268,240,G,I,WIL_PLA,A,241,241,GLY,GLY,True
4808,ThermoMPNN,WIL_PLA,2.1737871170043945,240,G,K,WIL_PLA,A,241,241,GLY,GLY,True
4809,ThermoMPNN,WIL_PLA,1.9797937870025637,240,G,L,WIL_PLA,A,241,241,GLY,GLY,True
4810,ThermoMPNN,WIL_PLA,1.853042483329773,240,G,M,WIL_PLA,A,241,241,GLY,GLY,True
4811,ThermoMPNN,WIL_PLA,1.8009462356567385,240,G,N,WIL_PLA,A,241,241,GLY,GLY,True
4812,ThermoMPNN,WIL_PLA,2.596393346786499,240,G,P,WIL_PLA,A,241,241,GLY,GLY,True
4813,ThermoMPNN,WIL_PLA,1.9958487749099727,240,G,Q,WIL_PLA,A,241,241,GLY,GLY,True
4814,ThermoMPNN,WIL_PLA,2.141165256500244,240,G,R,WIL_PLA,A,241,241,GLY,GLY,True
4815,ThermoMPNN,WIL_PLA,1.9547669887542725,240,G,S,WIL_PLA,A,241,241,GLY,GLY,True
4816,ThermoMPNN,WIL_PLA,2.3165078163146973,240,G,T,WIL_PLA,A,241,241,GLY,GLY,True
4817,ThermoMPNN,WIL_PLA,2.295992612838745,240,G,V,WIL_PLA,A,241,241,GLY,GLY,True
4818,ThermoMPNN,WIL_PLA,1.7950999736785889,240,G,W,WIL_PLA,A,241,241,GLY,GLY,True
4819,ThermoMPNN,WIL_PLA,1.8180418014526367,240,G,Y,WIL_PLA,A,241,241,GLY,GLY,True
4820,ThermoMPNN,WIL_PLA,3.051063776016236,241,Y,A,WIL_PLA,A,242,242,TYR,TYR,True
4821,ThermoMPNN,WIL_PLA,2.154559373855591,241,Y,C,WIL_PLA,A,242,242,TYR,TYR,True
4822,ThermoMPNN,WIL_PLA,3.142209529876709,241,Y,D,WIL_PLA,A,242,242,TYR,TYR,True
4823,ThermoMPNN,WIL_PLA,3.0649073123931885,241,Y,E,WIL_PLA,A,242,242,TYR,TYR,True
4824,ThermoMPNN,WIL_PLA,0.7547775506973267,241,Y,F,WIL_PLA,A,242,242,TYR,TYR,True
4825,ThermoMPNN,WIL_PLA,2.9298369884490967,241,Y,G,WIL_PLA,A,242,242,TYR,TYR,True
4826,ThermoMPNN,WIL_PLA,2.119784116744995,241,Y,H,WIL_PLA,A,242,242,TYR,TYR,True
4827,ThermoMPNN,WIL_PLA,2.45236611366272,241,Y,I,WIL_PLA,A,242,242,TYR,TYR,True
4828,ThermoMPNN,WIL_PLA,2.6898210048675537,241,Y,K,WIL_PLA,A,242,242,TYR,TYR,True
4829,ThermoMPNN,WIL_PLA,2.1780893802642822,241,Y,L,WIL_PLA,A,242,242,TYR,TYR,True
4830,ThermoMPNN,WIL_PLA,2.2398786544799805,241,Y,M,WIL_PLA,A,242,242,TYR,TYR,True
4831,ThermoMPNN,WIL_PLA,2.8795082569122314,241,Y,N,WIL_PLA,A,242,242,TYR,TYR,True
4832,ThermoMPNN,WIL_PLA,2.5356733798980717,241,Y,P,WIL_PLA,A,242,242,TYR,TYR,True
4833,ThermoMPNN,WIL_PLA,2.813827514648437,241,Y,Q,WIL_PLA,A,242,242,TYR,TYR,True
4834,ThermoMPNN,WIL_PLA,2.4099926948547363,241,Y,R,WIL_PLA,A,242,242,TYR,TYR,True
4835,ThermoMPNN,WIL_PLA,3.0458638668060303,241,Y,S,WIL_PLA,A,242,242,TYR,TYR,True
4836,ThermoMPNN,WIL_PLA,2.869331359863281,241,Y,T,WIL_PLA,A,242,242,TYR,TYR,True
4837,ThermoMPNN,WIL_PLA,2.590799570083618,241,Y,V,WIL_PLA,A,242,242,TYR,TYR,True
4838,ThermoMPNN,WIL_PLA,-0.0358362197875976,241,Y,W,WIL_PLA,A,242,242,TYR,TYR,True
4839,ThermoMPNN,WIL_PLA,0.0,241,Y,Y,WIL_PLA,A,242,242,TYR,TYR,True
4840,ThermoMPNN,WIL_PLA,1.1846013069152832,242,H,A,WIL_PLA,A,243,243,HIS,HIS,True
4841,ThermoMPNN,WIL_PLA,0.8619259595870972,242,H,C,WIL_PLA,A,243,243,HIS,HIS,True
4842,ThermoMPNN,WIL_PLA,3.2723116874694824,242,H,D,WIL_PLA,A,243,243,HIS,HIS,True
4843,ThermoMPNN,WIL_PLA,3.0603060722351074,242,H,E,WIL_PLA,A,243,243,HIS,HIS,True
4844,ThermoMPNN,WIL_PLA,0.8068802356719971,242,H,F,WIL_PLA,A,243,243,HIS,HIS,True
4845,ThermoMPNN,WIL_PLA,2.173658847808838,242,H,G,WIL_PLA,A,243,243,HIS,HIS,True
4846,ThermoMPNN,WIL_PLA,0.0,242,H,H,WIL_PLA,A,243,243,HIS,HIS,True
4847,ThermoMPNN,WIL_PLA,1.860688328742981,242,H,I,WIL_PLA,A,243,243,HIS,HIS,True
4848,ThermoMPNN,WIL_PLA,1.2708160877227783,242,H,K,WIL_PLA,A,243,243,HIS,HIS,True
4849,ThermoMPNN,WIL_PLA,2.059165954589844,242,H,L,WIL_PLA,A,243,243,HIS,HIS,True
4850,ThermoMPNN,WIL_PLA,1.475054383277893,242,H,M,WIL_PLA,A,243,243,HIS,HIS,True
4851,ThermoMPNN,WIL_PLA,1.3731459379196167,242,H,N,WIL_PLA,A,243,243,HIS,HIS,True
4852,ThermoMPNN,WIL_PLA,3.330244779586792,242,H,P,WIL_PLA,A,243,243,HIS,HIS,True
4853,ThermoMPNN,WIL_PLA,1.630791187286377,242,H,Q,WIL_PLA,A,243,243,HIS,HIS,True
4854,ThermoMPNN,WIL_PLA,0.5454686880111694,242,H,R,WIL_PLA,A,243,243,HIS,HIS,True
4855,ThermoMPNN,WIL_PLA,0.6620506048202515,242,H,S,WIL_PLA,A,243,243,HIS,HIS,True
4856,ThermoMPNN,WIL_PLA,1.1208711862564087,242,H,T,WIL_PLA,A,243,243,HIS,HIS,True
4857,ThermoMPNN,WIL_PLA,1.7999260425567627,242,H,V,WIL_PLA,A,243,243,HIS,HIS,True
4858,ThermoMPNN,WIL_PLA,1.001861810684204,242,H,W,WIL_PLA,A,243,243,HIS,HIS,True
4859,ThermoMPNN,WIL_PLA,0.3625245094299316,242,H,Y,WIL_PLA,A,243,243,HIS,HIS,True
4860,ThermoMPNN,WIL_PLA,-0.1803961992263794,243,H,A,WIL_PLA,A,244,244,HIS,HIS,True
4861,ThermoMPNN,WIL_PLA,0.2159441113471985,243,H,C,WIL_PLA,A,244,244,HIS,HIS,True
4862,ThermoMPNN,WIL_PLA,1.46915602684021,243,H,D,WIL_PLA,A,244,244,HIS,HIS,True
4863,ThermoMPNN,WIL_PLA,1.0833032131195068,243,H,E,WIL_PLA,A,244,244,HIS,HIS,True
4864,ThermoMPNN,WIL_PLA,0.7545230388641357,243,H,F,WIL_PLA,A,244,244,HIS,HIS,True
4865,ThermoMPNN,WIL_PLA,0.5076684951782227,243,H,G,WIL_PLA,A,244,244,HIS,HIS,True
4866,ThermoMPNN,WIL_PLA,0.0,243,H,H,WIL_PLA,A,244,244,HIS,HIS,True
4867,ThermoMPNN,WIL_PLA,0.8746093511581421,243,H,I,WIL_PLA,A,244,244,HIS,HIS,True
4868,ThermoMPNN,WIL_PLA,-0.4151487350463867,243,H,K,WIL_PLA,A,244,244,HIS,HIS,True
4869,ThermoMPNN,WIL_PLA,0.5478898882865906,243,H,L,WIL_PLA,A,244,244,HIS,HIS,True
4870,ThermoMPNN,WIL_PLA,0.4398674964904785,243,H,M,WIL_PLA,A,244,244,HIS,HIS,True
4871,ThermoMPNN,WIL_PLA,0.0764063596725463,243,H,N,WIL_PLA,A,244,244,HIS,HIS,True
4872,ThermoMPNN,WIL_PLA,0.9313059449195862,243,H,P,WIL_PLA,A,244,244,HIS,HIS,True
4873,ThermoMPNN,WIL_PLA,0.3032712340354919,243,H,Q,WIL_PLA,A,244,244,HIS,HIS,True
4874,ThermoMPNN,WIL_PLA,-0.6479625701904297,243,H,R,WIL_PLA,A,244,244,HIS,HIS,True
4875,ThermoMPNN,WIL_PLA,0.0108263492584228,243,H,S,WIL_PLA,A,244,244,HIS,HIS,True
4876,ThermoMPNN,WIL_PLA,0.3370968699455261,243,H,T,WIL_PLA,A,244,244,HIS,HIS,True
4877,ThermoMPNN,WIL_PLA,0.8613729476928711,243,H,V,WIL_PLA,A,244,244,HIS,HIS,True
4878,ThermoMPNN,WIL_PLA,0.8851061463356018,243,H,W,WIL_PLA,A,244,244,HIS,HIS,True
4879,ThermoMPNN,WIL_PLA,0.6309502720832825,243,H,Y,WIL_PLA,A,244,244,HIS,HIS,True
4880,ThermoMPNN,WIL_PLA,0.7540729641914368,244,F,A,WIL_PLA,A,245,245,PHE,PHE,True
4881,ThermoMPNN,WIL_PLA,0.4084968566894531,244,F,C,WIL_PLA,A,245,245,PHE,PHE,True
4882,ThermoMPNN,WIL_PLA,0.9057392477989196,244,F,D,WIL_PLA,A,245,245,PHE,PHE,True
4883,ThermoMPNN,WIL_PLA,0.7413802742958069,244,F,E,WIL_PLA,A,245,245,PHE,PHE,True
4884,ThermoMPNN,WIL_PLA,0.0,244,F,F,WIL_PLA,A,245,245,PHE,PHE,True
4885,ThermoMPNN,WIL_PLA,1.4351292848587036,244,F,G,WIL_PLA,A,245,245,PHE,PHE,True
4886,ThermoMPNN,WIL_PLA,1.1849288940429688,244,F,H,WIL_PLA,A,245,245,PHE,PHE,True
4887,ThermoMPNN,WIL_PLA,0.6163535118103027,244,F,I,WIL_PLA,A,245,245,PHE,PHE,True
4888,ThermoMPNN,WIL_PLA,1.6272600889205933,244,F,K,WIL_PLA,A,245,245,PHE,PHE,True
4889,ThermoMPNN,WIL_PLA,0.6844484210014343,244,F,L,WIL_PLA,A,245,245,PHE,PHE,True
4890,ThermoMPNN,WIL_PLA,0.6232864260673523,244,F,M,WIL_PLA,A,245,245,PHE,PHE,True
4891,ThermoMPNN,WIL_PLA,1.4600303173065186,244,F,N,WIL_PLA,A,245,245,PHE,PHE,True
4892,ThermoMPNN,WIL_PLA,0.7783769965171814,244,F,P,WIL_PLA,A,245,245,PHE,PHE,True
4893,ThermoMPNN,WIL_PLA,1.2287516593933103,244,F,Q,WIL_PLA,A,245,245,PHE,PHE,True
4894,ThermoMPNN,WIL_PLA,1.6152626276016235,244,F,R,WIL_PLA,A,245,245,PHE,PHE,True
4895,ThermoMPNN,WIL_PLA,0.9419201016426086,244,F,S,WIL_PLA,A,245,245,PHE,PHE,True
4896,ThermoMPNN,WIL_PLA,0.9686686992645264,244,F,T,WIL_PLA,A,245,245,PHE,PHE,True
4897,ThermoMPNN,WIL_PLA,0.7161564230918884,244,F,V,WIL_PLA,A,245,245,PHE,PHE,True
4898,ThermoMPNN,WIL_PLA,0.3498944044113159,244,F,W,WIL_PLA,A,245,245,PHE,PHE,True
4899,ThermoMPNN,WIL_PLA,0.5647494792938232,244,F,Y,WIL_PLA,A,245,245,PHE,PHE,True
4900,ThermoMPNN,WIL_PLA,0.990437626838684,245,S,A,WIL_PLA,A,246,246,SER,SER,True
4901,ThermoMPNN,WIL_PLA,1.067355990409851,245,S,C,WIL_PLA,A,246,246,SER,SER,True
4902,ThermoMPNN,WIL_PLA,1.4659185409545898,245,S,D,WIL_PLA,A,246,246,SER,SER,True
4903,ThermoMPNN,WIL_PLA,2.156851291656494,245,S,E,WIL_PLA,A,246,246,SER,SER,True
4904,ThermoMPNN,WIL_PLA,2.0309741497039795,245,S,F,WIL_PLA,A,246,246,SER,SER,True
4905,ThermoMPNN,WIL_PLA,0.8799809217453003,245,S,G,WIL_PLA,A,246,246,SER,SER,True
4906,ThermoMPNN,WIL_PLA,2.0789077281951904,245,S,H,WIL_PLA,A,246,246,SER,SER,True
4907,ThermoMPNN,WIL_PLA,1.878332495689392,245,S,I,WIL_PLA,A,246,246,SER,SER,True
4908,ThermoMPNN,WIL_PLA,1.9828472137451167,245,S,K,WIL_PLA,A,246,246,SER,SER,True
4909,ThermoMPNN,WIL_PLA,2.084869861602783,245,S,L,WIL_PLA,A,246,246,SER,SER,True
4910,ThermoMPNN,WIL_PLA,1.6746633052825928,245,S,M,WIL_PLA,A,246,246,SER,SER,True
4911,ThermoMPNN,WIL_PLA,1.4937467575073242,245,S,N,WIL_PLA,A,246,246,SER,SER,True
4912,ThermoMPNN,WIL_PLA,2.3682663440704346,245,S,P,WIL_PLA,A,246,246,SER,SER,True
4913,ThermoMPNN,WIL_PLA,1.8423503637313845,245,S,Q,WIL_PLA,A,246,246,SER,SER,True
4914,ThermoMPNN,WIL_PLA,1.947032451629639,245,S,R,WIL_PLA,A,246,246,SER,SER,True
4915,ThermoMPNN,WIL_PLA,0.0,245,S,S,WIL_PLA,A,246,246,SER,SER,True
4916,ThermoMPNN,WIL_PLA,0.941024661064148,245,S,T,WIL_PLA,A,246,246,SER,SER,True
4917,ThermoMPNN,WIL_PLA,1.9742079973220823,245,S,V,WIL_PLA,A,246,246,SER,SER,True
4918,ThermoMPNN,WIL_PLA,1.607473611831665,245,S,W,WIL_PLA,A,246,246,SER,SER,True
4919,ThermoMPNN,WIL_PLA,2.267740249633789,245,S,Y,WIL_PLA,A,246,246,SER,SER,True
4920,ThermoMPNN,WIL_PLA,1.945736527442932,246,P,A,WIL_PLA,A,247,247,PRO,PRO,True
4921,ThermoMPNN,WIL_PLA,1.1274218559265137,246,P,C,WIL_PLA,A,247,247,PRO,PRO,True
4922,ThermoMPNN,WIL_PLA,2.804996967315674,246,P,D,WIL_PLA,A,247,247,PRO,PRO,True
4923,ThermoMPNN,WIL_PLA,2.283212423324585,246,P,E,WIL_PLA,A,247,247,PRO,PRO,True
4924,ThermoMPNN,WIL_PLA,1.1833735704421997,246,P,F,WIL_PLA,A,247,247,PRO,PRO,True
4925,ThermoMPNN,WIL_PLA,1.9693347215652464,246,P,G,WIL_PLA,A,247,247,PRO,PRO,True
4926,ThermoMPNN,WIL_PLA,1.8909372091293333,246,P,H,WIL_PLA,A,247,247,PRO,PRO,True
4927,ThermoMPNN,WIL_PLA,1.2776765823364258,246,P,I,WIL_PLA,A,247,247,PRO,PRO,True
4928,ThermoMPNN,WIL_PLA,1.7222356796264648,246,P,K,WIL_PLA,A,247,247,PRO,PRO,True
4929,ThermoMPNN,WIL_PLA,1.2234556674957275,246,P,L,WIL_PLA,A,247,247,PRO,PRO,True
4930,ThermoMPNN,WIL_PLA,1.2654839754104614,246,P,M,WIL_PLA,A,247,247,PRO,PRO,True
4931,ThermoMPNN,WIL_PLA,2.1463286876678467,246,P,N,WIL_PLA,A,247,247,PRO,PRO,True
4932,ThermoMPNN,WIL_PLA,0.0,246,P,P,WIL_PLA,A,247,247,PRO,PRO,True
4933,ThermoMPNN,WIL_PLA,2.089970588684082,246,P,Q,WIL_PLA,A,247,247,PRO,PRO,True
4934,ThermoMPNN,WIL_PLA,1.6892553567886353,246,P,R,WIL_PLA,A,247,247,PRO,PRO,True
4935,ThermoMPNN,WIL_PLA,2.227713108062744,246,P,S,WIL_PLA,A,247,247,PRO,PRO,True
4936,ThermoMPNN,WIL_PLA,2.01072096824646,246,P,T,WIL_PLA,A,247,247,PRO,PRO,True
4937,ThermoMPNN,WIL_PLA,1.464117407798767,246,P,V,WIL_PLA,A,247,247,PRO,PRO,True
4938,ThermoMPNN,WIL_PLA,1.4951854944229126,246,P,W,WIL_PLA,A,247,247,PRO,PRO,True
4939,ThermoMPNN,WIL_PLA,1.2171642780303955,246,P,Y,WIL_PLA,A,247,247,PRO,PRO,True
4940,ThermoMPNN,WIL_PLA,0.1872716844081878,247,E,A,WIL_PLA,A,248,248,GLU,GLU,True
4941,ThermoMPNN,WIL_PLA,-0.4008976221084595,247,E,C,WIL_PLA,A,248,248,GLU,GLU,True
4942,ThermoMPNN,WIL_PLA,0.5554323196411133,247,E,D,WIL_PLA,A,248,248,GLU,GLU,True
4943,ThermoMPNN,WIL_PLA,0.0,247,E,E,WIL_PLA,A,248,248,GLU,GLU,True
4944,ThermoMPNN,WIL_PLA,-0.3337559103965759,247,E,F,WIL_PLA,A,248,248,GLU,GLU,True
4945,ThermoMPNN,WIL_PLA,1.0419107675552368,247,E,G,WIL_PLA,A,248,248,GLU,GLU,True
4946,ThermoMPNN,WIL_PLA,-0.015337586402893,247,E,H,WIL_PLA,A,248,248,GLU,GLU,True
4947,ThermoMPNN,WIL_PLA,-0.8647137880325317,247,E,I,WIL_PLA,A,248,248,GLU,GLU,True
4948,ThermoMPNN,WIL_PLA,0.1567030251026153,247,E,K,WIL_PLA,A,248,248,GLU,GLU,True
4949,ThermoMPNN,WIL_PLA,-0.4122955799102783,247,E,L,WIL_PLA,A,248,248,GLU,GLU,True
4950,ThermoMPNN,WIL_PLA,-0.3281897902488708,247,E,M,WIL_PLA,A,248,248,GLU,GLU,True
4951,ThermoMPNN,WIL_PLA,0.4563325643539428,247,E,N,WIL_PLA,A,248,248,GLU,GLU,True
4952,ThermoMPNN,WIL_PLA,1.4456478357315063,247,E,P,WIL_PLA,A,248,248,GLU,GLU,True
4953,ThermoMPNN,WIL_PLA,-0.1092908382415771,247,E,Q,WIL_PLA,A,248,248,GLU,GLU,True
4954,ThermoMPNN,WIL_PLA,0.1773847937583923,247,E,R,WIL_PLA,A,248,248,GLU,GLU,True
4955,ThermoMPNN,WIL_PLA,0.1371086239814758,247,E,S,WIL_PLA,A,248,248,GLU,GLU,True
4956,ThermoMPNN,WIL_PLA,-0.2892884016036987,247,E,T,WIL_PLA,A,248,248,GLU,GLU,True
4957,ThermoMPNN,WIL_PLA,-0.7473303079605103,247,E,V,WIL_PLA,A,248,248,GLU,GLU,True
4958,ThermoMPNN,WIL_PLA,-0.4181064367294311,247,E,W,WIL_PLA,A,248,248,GLU,GLU,True
4959,ThermoMPNN,WIL_PLA,-0.3784703016281128,247,E,Y,WIL_PLA,A,248,248,GLU,GLU,True
4960,ThermoMPNN,WIL_PLA,3.343858242034912,248,Y,A,WIL_PLA,A,249,249,TYR,TYR,True
4961,ThermoMPNN,WIL_PLA,2.5124166011810303,248,Y,C,WIL_PLA,A,249,249,TYR,TYR,True
4962,ThermoMPNN,WIL_PLA,4.131669998168945,248,Y,D,WIL_PLA,A,249,249,TYR,TYR,True
4963,ThermoMPNN,WIL_PLA,3.723757266998291,248,Y,E,WIL_PLA,A,249,249,TYR,TYR,True
4964,ThermoMPNN,WIL_PLA,0.8556993007659912,248,Y,F,WIL_PLA,A,249,249,TYR,TYR,True
4965,ThermoMPNN,WIL_PLA,3.597734212875366,248,Y,G,WIL_PLA,A,249,249,TYR,TYR,True
4966,ThermoMPNN,WIL_PLA,2.357301712036133,248,Y,H,WIL_PLA,A,249,249,TYR,TYR,True
4967,ThermoMPNN,WIL_PLA,2.653097152709961,248,Y,I,WIL_PLA,A,249,249,TYR,TYR,True
4968,ThermoMPNN,WIL_PLA,3.344478845596313,248,Y,K,WIL_PLA,A,249,249,TYR,TYR,True
4969,ThermoMPNN,WIL_PLA,2.313405513763428,248,Y,L,WIL_PLA,A,249,249,TYR,TYR,True
4970,ThermoMPNN,WIL_PLA,2.58001446723938,248,Y,M,WIL_PLA,A,249,249,TYR,TYR,True
4971,ThermoMPNN,WIL_PLA,3.4553210735321045,248,Y,N,WIL_PLA,A,249,249,TYR,TYR,True
4972,ThermoMPNN,WIL_PLA,3.550387144088745,248,Y,P,WIL_PLA,A,249,249,TYR,TYR,True
4973,ThermoMPNN,WIL_PLA,3.409622430801392,248,Y,Q,WIL_PLA,A,249,249,TYR,TYR,True
4974,ThermoMPNN,WIL_PLA,3.05512809753418,248,Y,R,WIL_PLA,A,249,249,TYR,TYR,True
4975,ThermoMPNN,WIL_PLA,3.607180118560791,248,Y,S,WIL_PLA,A,249,249,TYR,TYR,True
4976,ThermoMPNN,WIL_PLA,3.3425323963165283,248,Y,T,WIL_PLA,A,249,249,TYR,TYR,True
4977,ThermoMPNN,WIL_PLA,2.8946847915649414,248,Y,V,WIL_PLA,A,249,249,TYR,TYR,True
4978,ThermoMPNN,WIL_PLA,1.1301512718200684,248,Y,W,WIL_PLA,A,249,249,TYR,TYR,True
4979,ThermoMPNN,WIL_PLA,0.0,248,Y,Y,WIL_PLA,A,249,249,TYR,TYR,True
4980,ThermoMPNN,WIL_PLA,2.619474172592163,249,W,A,WIL_PLA,A,250,250,TRP,TRP,True
4981,ThermoMPNN,WIL_PLA,1.451539397239685,249,W,C,WIL_PLA,A,250,250,TRP,TRP,True
4982,ThermoMPNN,WIL_PLA,2.610762357711792,249,W,D,WIL_PLA,A,250,250,TRP,TRP,True
4983,ThermoMPNN,WIL_PLA,2.956855773925781,249,W,E,WIL_PLA,A,250,250,TRP,TRP,True
4984,ThermoMPNN,WIL_PLA,0.998610496520996,249,W,F,WIL_PLA,A,250,250,TRP,TRP,True
4985,ThermoMPNN,WIL_PLA,2.763390064239502,249,W,G,WIL_PLA,A,250,250,TRP,TRP,True
4986,ThermoMPNN,WIL_PLA,1.6234842538833618,249,W,H,WIL_PLA,A,250,250,TRP,TRP,True
4987,ThermoMPNN,WIL_PLA,2.047065734863281,249,W,I,WIL_PLA,A,250,250,TRP,TRP,True
4988,ThermoMPNN,WIL_PLA,2.880854368209839,249,W,K,WIL_PLA,A,250,250,TRP,TRP,True
4989,ThermoMPNN,WIL_PLA,1.9929479360580444,249,W,L,WIL_PLA,A,250,250,TRP,TRP,True
4990,ThermoMPNN,WIL_PLA,1.9156323671340945,249,W,M,WIL_PLA,A,250,250,TRP,TRP,True
4991,ThermoMPNN,WIL_PLA,2.1147167682647705,249,W,N,WIL_PLA,A,250,250,TRP,TRP,True
4992,ThermoMPNN,WIL_PLA,3.340537548065185,249,W,P,WIL_PLA,A,250,250,TRP,TRP,True
4993,ThermoMPNN,WIL_PLA,2.444131851196289,249,W,Q,WIL_PLA,A,250,250,TRP,TRP,True
4994,ThermoMPNN,WIL_PLA,2.6297194957733154,249,W,R,WIL_PLA,A,250,250,TRP,TRP,True
4995,ThermoMPNN,WIL_PLA,1.9707791805267332,249,W,S,WIL_PLA,A,250,250,TRP,TRP,True
4996,ThermoMPNN,WIL_PLA,1.9641361236572263,249,W,T,WIL_PLA,A,250,250,TRP,TRP,True
4997,ThermoMPNN,WIL_PLA,1.813615560531616,249,W,V,WIL_PLA,A,250,250,TRP,TRP,True
4998,ThermoMPNN,WIL_PLA,0.0,249,W,W,WIL_PLA,A,250,250,TRP,TRP,True
4999,ThermoMPNN,WIL_PLA,0.7495435476303101,249,W,Y,WIL_PLA,A,250,250,TRP,TRP,True
5000,ThermoMPNN,WIL_PLA,2.2392499446868896,250,I,A,WIL_PLA,A,251,251,ILE,ILE,True
5001,ThermoMPNN,WIL_PLA,1.6810588836669922,250,I,C,WIL_PLA,A,251,251,ILE,ILE,True
5002,ThermoMPNN,WIL_PLA,2.86006760597229,250,I,D,WIL_PLA,A,251,251,ILE,ILE,True
5003,ThermoMPNN,WIL_PLA,2.83134388923645,250,I,E,WIL_PLA,A,251,251,ILE,ILE,True
5004,ThermoMPNN,WIL_PLA,1.3228124380111694,250,I,F,WIL_PLA,A,251,251,ILE,ILE,True
5005,ThermoMPNN,WIL_PLA,2.8686912059783936,250,I,G,WIL_PLA,A,251,251,ILE,ILE,True
5006,ThermoMPNN,WIL_PLA,2.5818355083465576,250,I,H,WIL_PLA,A,251,251,ILE,ILE,True
5007,ThermoMPNN,WIL_PLA,0.0,250,I,I,WIL_PLA,A,251,251,ILE,ILE,True
5008,ThermoMPNN,WIL_PLA,2.6371779441833496,250,I,K,WIL_PLA,A,251,251,ILE,ILE,True
5009,ThermoMPNN,WIL_PLA,0.7170230150222778,250,I,L,WIL_PLA,A,251,251,ILE,ILE,True
5010,ThermoMPNN,WIL_PLA,1.3301899433135986,250,I,M,WIL_PLA,A,251,251,ILE,ILE,True
5011,ThermoMPNN,WIL_PLA,2.638331651687622,250,I,N,WIL_PLA,A,251,251,ILE,ILE,True
5012,ThermoMPNN,WIL_PLA,2.659569025039673,250,I,P,WIL_PLA,A,251,251,ILE,ILE,True
5013,ThermoMPNN,WIL_PLA,2.795770168304444,250,I,Q,WIL_PLA,A,251,251,ILE,ILE,True
5014,ThermoMPNN,WIL_PLA,2.601937294006348,250,I,R,WIL_PLA,A,251,251,ILE,ILE,True
5015,ThermoMPNN,WIL_PLA,2.736472845077514,250,I,S,WIL_PLA,A,251,251,ILE,ILE,True
5016,ThermoMPNN,WIL_PLA,2.3681154251098637,250,I,T,WIL_PLA,A,251,251,ILE,ILE,True
5017,ThermoMPNN,WIL_PLA,0.9333056211471558,250,I,V,WIL_PLA,A,251,251,ILE,ILE,True
5018,ThermoMPNN,WIL_PLA,2.0768816471099854,250,I,W,WIL_PLA,A,251,251,ILE,ILE,True
5019,ThermoMPNN,WIL_PLA,1.9026217460632324,250,I,Y,WIL_PLA,A,251,251,ILE,ILE,True
5020,ThermoMPNN,WIL_PLA,1.4510412216186523,251,T,A,WIL_PLA,A,252,252,THR,THR,True
5021,ThermoMPNN,WIL_PLA,0.9967506527900696,251,T,C,WIL_PLA,A,252,252,THR,THR,True
5022,ThermoMPNN,WIL_PLA,2.2623751163482666,251,T,D,WIL_PLA,A,252,252,THR,THR,True
5023,ThermoMPNN,WIL_PLA,1.7424731254577637,251,T,E,WIL_PLA,A,252,252,THR,THR,True
5024,ThermoMPNN,WIL_PLA,1.5711824893951416,251,T,F,WIL_PLA,A,252,252,THR,THR,True
5025,ThermoMPNN,WIL_PLA,1.868314266204834,251,T,G,WIL_PLA,A,252,252,THR,THR,True
5026,ThermoMPNN,WIL_PLA,1.339324712753296,251,T,H,WIL_PLA,A,252,252,THR,THR,True
5027,ThermoMPNN,WIL_PLA,0.7835124731063843,251,T,I,WIL_PLA,A,252,252,THR,THR,True
5028,ThermoMPNN,WIL_PLA,0.8098071813583374,251,T,K,WIL_PLA,A,252,252,THR,THR,True
5029,ThermoMPNN,WIL_PLA,0.9327132105827332,251,T,L,WIL_PLA,A,252,252,THR,THR,True
5030,ThermoMPNN,WIL_PLA,0.9641393423080444,251,T,M,WIL_PLA,A,252,252,THR,THR,True
5031,ThermoMPNN,WIL_PLA,1.249980330467224,251,T,N,WIL_PLA,A,252,252,THR,THR,True
5032,ThermoMPNN,WIL_PLA,2.672658443450928,251,T,P,WIL_PLA,A,252,252,THR,THR,True
5033,ThermoMPNN,WIL_PLA,1.2038347721099854,251,T,Q,WIL_PLA,A,252,252,THR,THR,True
5034,ThermoMPNN,WIL_PLA,0.4747663736343384,251,T,R,WIL_PLA,A,252,252,THR,THR,True
5035,ThermoMPNN,WIL_PLA,0.7887719869613647,251,T,S,WIL_PLA,A,252,252,THR,THR,True
5036,ThermoMPNN,WIL_PLA,0.0,251,T,T,WIL_PLA,A,252,252,THR,THR,True
5037,ThermoMPNN,WIL_PLA,0.9863357543945312,251,T,V,WIL_PLA,A,252,252,THR,THR,True
5038,ThermoMPNN,WIL_PLA,1.5313208103179932,251,T,W,WIL_PLA,A,252,252,THR,THR,True
5039,ThermoMPNN,WIL_PLA,1.4769409894943235,251,T,Y,WIL_PLA,A,252,252,THR,THR,True
5040,ThermoMPNN,WIL_PLA,-0.7657662630081177,252,S,A,WIL_PLA,A,253,253,SER,SER,True
5041,ThermoMPNN,WIL_PLA,-0.0934679508209228,252,S,C,WIL_PLA,A,253,253,SER,SER,True
5042,ThermoMPNN,WIL_PLA,1.8123481273651123,252,S,D,WIL_PLA,A,253,253,SER,SER,True
5043,ThermoMPNN,WIL_PLA,1.7579998970031738,252,S,E,WIL_PLA,A,253,253,SER,SER,True
5044,ThermoMPNN,WIL_PLA,0.8690882921218872,252,S,F,WIL_PLA,A,253,253,SER,SER,True
5045,ThermoMPNN,WIL_PLA,0.1739090681076049,252,S,G,WIL_PLA,A,253,253,SER,SER,True
5046,ThermoMPNN,WIL_PLA,0.6807392239570618,252,S,H,WIL_PLA,A,253,253,SER,SER,True
5047,ThermoMPNN,WIL_PLA,0.9087262153625488,252,S,I,WIL_PLA,A,253,253,SER,SER,True
5048,ThermoMPNN,WIL_PLA,0.4263767600059509,252,S,K,WIL_PLA,A,253,253,SER,SER,True
5049,ThermoMPNN,WIL_PLA,0.7418636679649353,252,S,L,WIL_PLA,A,253,253,SER,SER,True
5050,ThermoMPNN,WIL_PLA,0.5674234628677368,252,S,M,WIL_PLA,A,253,253,SER,SER,True
5051,ThermoMPNN,WIL_PLA,0.8779776692390442,252,S,N,WIL_PLA,A,253,253,SER,SER,True
5052,ThermoMPNN,WIL_PLA,1.6012247800827026,252,S,P,WIL_PLA,A,253,253,SER,SER,True
5053,ThermoMPNN,WIL_PLA,0.7546213269233704,252,S,Q,WIL_PLA,A,253,253,SER,SER,True
5054,ThermoMPNN,WIL_PLA,0.3433750867843628,252,S,R,WIL_PLA,A,253,253,SER,SER,True
5055,ThermoMPNN,WIL_PLA,0.0,252,S,S,WIL_PLA,A,253,253,SER,SER,True
5056,ThermoMPNN,WIL_PLA,0.6631615161895752,252,S,T,WIL_PLA,A,253,253,SER,SER,True
5057,ThermoMPNN,WIL_PLA,0.5190719366073608,252,S,V,WIL_PLA,A,253,253,SER,SER,True
5058,ThermoMPNN,WIL_PLA,1.301151156425476,252,S,W,WIL_PLA,A,253,253,SER,SER,True
5059,ThermoMPNN,WIL_PLA,0.914866030216217,252,S,Y,WIL_PLA,A,253,253,SER,SER,True
5060,ThermoMPNN,WIL_PLA,0.0216383934020996,253,G,A,WIL_PLA,A,254,254,GLY,GLY,True
5061,ThermoMPNN,WIL_PLA,0.4305136799812317,253,G,C,WIL_PLA,A,254,254,GLY,GLY,True
5062,ThermoMPNN,WIL_PLA,0.6938352584838867,253,G,D,WIL_PLA,A,254,254,GLY,GLY,True
5063,ThermoMPNN,WIL_PLA,0.6905410885810852,253,G,E,WIL_PLA,A,254,254,GLY,GLY,True
5064,ThermoMPNN,WIL_PLA,0.8257877826690674,253,G,F,WIL_PLA,A,254,254,GLY,GLY,True
5065,ThermoMPNN,WIL_PLA,0.0,253,G,G,WIL_PLA,A,254,254,GLY,GLY,True
5066,ThermoMPNN,WIL_PLA,0.7014161348342896,253,G,H,WIL_PLA,A,254,254,GLY,GLY,True
5067,ThermoMPNN,WIL_PLA,0.9429649114608764,253,G,I,WIL_PLA,A,254,254,GLY,GLY,True
5068,ThermoMPNN,WIL_PLA,0.5234833359718323,253,G,K,WIL_PLA,A,254,254,GLY,GLY,True
5069,ThermoMPNN,WIL_PLA,0.9445724487304688,253,G,L,WIL_PLA,A,254,254,GLY,GLY,True
5070,ThermoMPNN,WIL_PLA,0.7578266263008118,253,G,M,WIL_PLA,A,254,254,GLY,GLY,True
5071,ThermoMPNN,WIL_PLA,0.6669970750808716,253,G,N,WIL_PLA,A,254,254,GLY,GLY,True
5072,ThermoMPNN,WIL_PLA,0.596432626247406,253,G,P,WIL_PLA,A,254,254,GLY,GLY,True
5073,ThermoMPNN,WIL_PLA,0.5488293170928955,253,G,Q,WIL_PLA,A,254,254,GLY,GLY,True
5074,ThermoMPNN,WIL_PLA,0.5829059481620789,253,G,R,WIL_PLA,A,254,254,GLY,GLY,True
5075,ThermoMPNN,WIL_PLA,0.2190003395080566,253,G,S,WIL_PLA,A,254,254,GLY,GLY,True
5076,ThermoMPNN,WIL_PLA,0.4402499794960022,253,G,T,WIL_PLA,A,254,254,GLY,GLY,True
5077,ThermoMPNN,WIL_PLA,0.8951282501220703,253,G,V,WIL_PLA,A,254,254,GLY,GLY,True
5078,ThermoMPNN,WIL_PLA,0.7151767015457153,253,G,W,WIL_PLA,A,254,254,GLY,GLY,True
5079,ThermoMPNN,WIL_PLA,0.7761031985282898,253,G,Y,WIL_PLA,A,254,254,GLY,GLY,True
5080,ThermoMPNN,WIL_PLA,0.4678868651390075,254,N,A,WIL_PLA,A,255,255,ASN,ASN,True
5081,ThermoMPNN,WIL_PLA,0.1595189571380615,254,N,C,WIL_PLA,A,255,255,ASN,ASN,True
5082,ThermoMPNN,WIL_PLA,0.1163418292999267,254,N,D,WIL_PLA,A,255,255,ASN,ASN,True
5083,ThermoMPNN,WIL_PLA,0.5437658429145813,254,N,E,WIL_PLA,A,255,255,ASN,ASN,True
5084,ThermoMPNN,WIL_PLA,0.6768137216567993,254,N,F,WIL_PLA,A,255,255,ASN,ASN,True
5085,ThermoMPNN,WIL_PLA,0.8045369386672974,254,N,G,WIL_PLA,A,255,255,ASN,ASN,True
5086,ThermoMPNN,WIL_PLA,0.3914622664451599,254,N,H,WIL_PLA,A,255,255,ASN,ASN,True
5087,ThermoMPNN,WIL_PLA,0.5634804368019104,254,N,I,WIL_PLA,A,255,255,ASN,ASN,True
5088,ThermoMPNN,WIL_PLA,0.7669862508773804,254,N,K,WIL_PLA,A,255,255,ASN,ASN,True
5089,ThermoMPNN,WIL_PLA,0.3995166420936584,254,N,L,WIL_PLA,A,255,255,ASN,ASN,True
5090,ThermoMPNN,WIL_PLA,0.6368541121482849,254,N,M,WIL_PLA,A,255,255,ASN,ASN,True
5091,ThermoMPNN,WIL_PLA,0.0,254,N,N,WIL_PLA,A,255,255,ASN,ASN,True
5092,ThermoMPNN,WIL_PLA,0.4759256243705749,254,N,P,WIL_PLA,A,255,255,ASN,ASN,True
5093,ThermoMPNN,WIL_PLA,0.7992652654647827,254,N,Q,WIL_PLA,A,255,255,ASN,ASN,True
5094,ThermoMPNN,WIL_PLA,0.6615533232688904,254,N,R,WIL_PLA,A,255,255,ASN,ASN,True
5095,ThermoMPNN,WIL_PLA,0.2007676362991333,254,N,S,WIL_PLA,A,255,255,ASN,ASN,True
5096,ThermoMPNN,WIL_PLA,0.3393678069114685,254,N,T,WIL_PLA,A,255,255,ASN,ASN,True
5097,ThermoMPNN,WIL_PLA,0.5093896985054016,254,N,V,WIL_PLA,A,255,255,ASN,ASN,True
5098,ThermoMPNN,WIL_PLA,0.8160381317138672,254,N,W,WIL_PLA,A,255,255,ASN,ASN,True
5099,ThermoMPNN,WIL_PLA,0.7164373993873596,254,N,Y,WIL_PLA,A,255,255,ASN,ASN,True
5100,ThermoMPNN,WIL_PLA,0.086335003376007,255,D,A,WIL_PLA,A,256,256,ASP,ASP,True
5101,ThermoMPNN,WIL_PLA,-0.3741952776908874,255,D,C,WIL_PLA,A,256,256,ASP,ASP,True
5102,ThermoMPNN,WIL_PLA,0.0,255,D,D,WIL_PLA,A,256,256,ASP,ASP,True
5103,ThermoMPNN,WIL_PLA,0.3693732619285583,255,D,E,WIL_PLA,A,256,256,ASP,ASP,True
5104,ThermoMPNN,WIL_PLA,-0.1384145021438598,255,D,F,WIL_PLA,A,256,256,ASP,ASP,True
5105,ThermoMPNN,WIL_PLA,-0.5188667178153992,255,D,G,WIL_PLA,A,256,256,ASP,ASP,True
5106,ThermoMPNN,WIL_PLA,0.0395458936691284,255,D,H,WIL_PLA,A,256,256,ASP,ASP,True
5107,ThermoMPNN,WIL_PLA,0.9023175835609436,255,D,I,WIL_PLA,A,256,256,ASP,ASP,True
5108,ThermoMPNN,WIL_PLA,0.1051520705223083,255,D,K,WIL_PLA,A,256,256,ASP,ASP,True
5109,ThermoMPNN,WIL_PLA,0.3615046143531799,255,D,L,WIL_PLA,A,256,256,ASP,ASP,True
5110,ThermoMPNN,WIL_PLA,0.1941298246383667,255,D,M,WIL_PLA,A,256,256,ASP,ASP,True
5111,ThermoMPNN,WIL_PLA,-0.1922399401664734,255,D,N,WIL_PLA,A,256,256,ASP,ASP,True
5112,ThermoMPNN,WIL_PLA,1.3929790258407593,255,D,P,WIL_PLA,A,256,256,ASP,ASP,True
5113,ThermoMPNN,WIL_PLA,0.1950612068176269,255,D,Q,WIL_PLA,A,256,256,ASP,ASP,True
5114,ThermoMPNN,WIL_PLA,0.0996370315551757,255,D,R,WIL_PLA,A,256,256,ASP,ASP,True
5115,ThermoMPNN,WIL_PLA,0.1036564111709594,255,D,S,WIL_PLA,A,256,256,ASP,ASP,True
5116,ThermoMPNN,WIL_PLA,0.4432332515716553,255,D,T,WIL_PLA,A,256,256,ASP,ASP,True
5117,ThermoMPNN,WIL_PLA,0.7649179100990295,255,D,V,WIL_PLA,A,256,256,ASP,ASP,True
5118,ThermoMPNN,WIL_PLA,0.0149234533309936,255,D,W,WIL_PLA,A,256,256,ASP,ASP,True
5119,ThermoMPNN,WIL_PLA,0.0533868670463562,255,D,Y,WIL_PLA,A,256,256,ASP,ASP,True
5120,ThermoMPNN,WIL_PLA,0.5849762558937073,256,V,A,WIL_PLA,A,257,257,VAL,VAL,True
5121,ThermoMPNN,WIL_PLA,0.314532458782196,256,V,C,WIL_PLA,A,257,257,VAL,VAL,True
5122,ThermoMPNN,WIL_PLA,1.0085060596466064,256,V,D,WIL_PLA,A,257,257,VAL,VAL,True
5123,ThermoMPNN,WIL_PLA,0.5488464832305908,256,V,E,WIL_PLA,A,257,257,VAL,VAL,True
5124,ThermoMPNN,WIL_PLA,0.4561997056007385,256,V,F,WIL_PLA,A,257,257,VAL,VAL,True
5125,ThermoMPNN,WIL_PLA,1.441605567932129,256,V,G,WIL_PLA,A,257,257,VAL,VAL,True
5126,ThermoMPNN,WIL_PLA,0.5267793536186218,256,V,H,WIL_PLA,A,257,257,VAL,VAL,True
5127,ThermoMPNN,WIL_PLA,0.0820903778076171,256,V,I,WIL_PLA,A,257,257,VAL,VAL,True
5128,ThermoMPNN,WIL_PLA,0.4527360200881958,256,V,K,WIL_PLA,A,257,257,VAL,VAL,True
5129,ThermoMPNN,WIL_PLA,0.3091541528701782,256,V,L,WIL_PLA,A,257,257,VAL,VAL,True
5130,ThermoMPNN,WIL_PLA,0.3579973578453064,256,V,M,WIL_PLA,A,257,257,VAL,VAL,True
5131,ThermoMPNN,WIL_PLA,0.843819797039032,256,V,N,WIL_PLA,A,257,257,VAL,VAL,True
5132,ThermoMPNN,WIL_PLA,2.232582092285156,256,V,P,WIL_PLA,A,257,257,VAL,VAL,True
5133,ThermoMPNN,WIL_PLA,0.3904733657836914,256,V,Q,WIL_PLA,A,257,257,VAL,VAL,True
5134,ThermoMPNN,WIL_PLA,0.4165301322937011,256,V,R,WIL_PLA,A,257,257,VAL,VAL,True
5135,ThermoMPNN,WIL_PLA,0.7218665480613708,256,V,S,WIL_PLA,A,257,257,VAL,VAL,True
5136,ThermoMPNN,WIL_PLA,0.3458863496780395,256,V,T,WIL_PLA,A,257,257,VAL,VAL,True
5137,ThermoMPNN,WIL_PLA,0.0,256,V,V,WIL_PLA,A,257,257,VAL,VAL,True
5138,ThermoMPNN,WIL_PLA,0.4676755666732788,256,V,W,WIL_PLA,A,257,257,VAL,VAL,True
5139,ThermoMPNN,WIL_PLA,0.3889397978782654,256,V,Y,WIL_PLA,A,257,257,VAL,VAL,True
5140,ThermoMPNN,WIL_PLA,0.4423663020133972,257,T,A,WIL_PLA,A,258,258,THR,THR,True
5141,ThermoMPNN,WIL_PLA,0.0605831146240234,257,T,C,WIL_PLA,A,258,258,THR,THR,True
5142,ThermoMPNN,WIL_PLA,0.8556725978851318,257,T,D,WIL_PLA,A,258,258,THR,THR,True
5143,ThermoMPNN,WIL_PLA,0.7155677676200867,257,T,E,WIL_PLA,A,258,258,THR,THR,True
5144,ThermoMPNN,WIL_PLA,0.2933120131492615,257,T,F,WIL_PLA,A,258,258,THR,THR,True
5145,ThermoMPNN,WIL_PLA,0.774411141872406,257,T,G,WIL_PLA,A,258,258,THR,THR,True
5146,ThermoMPNN,WIL_PLA,0.1921834945678711,257,T,H,WIL_PLA,A,258,258,THR,THR,True
5147,ThermoMPNN,WIL_PLA,-0.0921955108642578,257,T,I,WIL_PLA,A,258,258,THR,THR,True
5148,ThermoMPNN,WIL_PLA,0.333282470703125,257,T,K,WIL_PLA,A,258,258,THR,THR,True
5149,ThermoMPNN,WIL_PLA,0.2701361775398254,257,T,L,WIL_PLA,A,258,258,THR,THR,True
5150,ThermoMPNN,WIL_PLA,0.379665732383728,257,T,M,WIL_PLA,A,258,258,THR,THR,True
5151,ThermoMPNN,WIL_PLA,0.5522124171257019,257,T,N,WIL_PLA,A,258,258,THR,THR,True
5152,ThermoMPNN,WIL_PLA,0.6248849630355835,257,T,P,WIL_PLA,A,258,258,THR,THR,True
5153,ThermoMPNN,WIL_PLA,0.4917484521865845,257,T,Q,WIL_PLA,A,258,258,THR,THR,True
5154,ThermoMPNN,WIL_PLA,0.2790316343307495,257,T,R,WIL_PLA,A,258,258,THR,THR,True
5155,ThermoMPNN,WIL_PLA,0.3627691268920898,257,T,S,WIL_PLA,A,258,258,THR,THR,True
5156,ThermoMPNN,WIL_PLA,0.0,257,T,T,WIL_PLA,A,258,258,THR,THR,True
5157,ThermoMPNN,WIL_PLA,-0.1492888927459716,257,T,V,WIL_PLA,A,258,258,THR,THR,True
5158,ThermoMPNN,WIL_PLA,0.3898782134056091,257,T,W,WIL_PLA,A,258,258,THR,THR,True
5159,ThermoMPNN,WIL_PLA,0.197209358215332,257,T,Y,WIL_PLA,A,258,258,THR,THR,True
5160,ThermoMPNN,WIL_PLA,1.7268781661987305,258,V,A,WIL_PLA,A,259,259,VAL,VAL,True
5161,ThermoMPNN,WIL_PLA,1.163773775100708,258,V,C,WIL_PLA,A,259,259,VAL,VAL,True
5162,ThermoMPNN,WIL_PLA,2.9457974433898926,258,V,D,WIL_PLA,A,259,259,VAL,VAL,True
5163,ThermoMPNN,WIL_PLA,3.0630998611450195,258,V,E,WIL_PLA,A,259,259,VAL,VAL,True
5164,ThermoMPNN,WIL_PLA,2.064985513687134,258,V,F,WIL_PLA,A,259,259,VAL,VAL,True
5165,ThermoMPNN,WIL_PLA,2.7946486473083496,258,V,G,WIL_PLA,A,259,259,VAL,VAL,True
5166,ThermoMPNN,WIL_PLA,2.468320369720459,258,V,H,WIL_PLA,A,259,259,VAL,VAL,True
5167,ThermoMPNN,WIL_PLA,0.6014171838760376,258,V,I,WIL_PLA,A,259,259,VAL,VAL,True
5168,ThermoMPNN,WIL_PLA,2.302774429321289,258,V,K,WIL_PLA,A,259,259,VAL,VAL,True
5169,ThermoMPNN,WIL_PLA,1.398944616317749,258,V,L,WIL_PLA,A,259,259,VAL,VAL,True
5170,ThermoMPNN,WIL_PLA,1.8950209617614744,258,V,M,WIL_PLA,A,259,259,VAL,VAL,True
5171,ThermoMPNN,WIL_PLA,2.779971122741699,258,V,N,WIL_PLA,A,259,259,VAL,VAL,True
5172,ThermoMPNN,WIL_PLA,1.4729596376419067,258,V,P,WIL_PLA,A,259,259,VAL,VAL,True
5173,ThermoMPNN,WIL_PLA,2.456805467605591,258,V,Q,WIL_PLA,A,259,259,VAL,VAL,True
5174,ThermoMPNN,WIL_PLA,2.5090153217315674,258,V,R,WIL_PLA,A,259,259,VAL,VAL,True
5175,ThermoMPNN,WIL_PLA,2.415132522583008,258,V,S,WIL_PLA,A,259,259,VAL,VAL,True
5176,ThermoMPNN,WIL_PLA,1.7359435558319092,258,V,T,WIL_PLA,A,259,259,VAL,VAL,True
5177,ThermoMPNN,WIL_PLA,0.0,258,V,V,WIL_PLA,A,259,259,VAL,VAL,True
5178,ThermoMPNN,WIL_PLA,2.1969335079193115,258,V,W,WIL_PLA,A,259,259,VAL,VAL,True
5179,ThermoMPNN,WIL_PLA,2.2817904949188232,258,V,Y,WIL_PLA,A,259,259,VAL,VAL,True
5180,ThermoMPNN,WIL_PLA,0.7693759799003601,259,T,A,WIL_PLA,A,260,260,THR,THR,True
5181,ThermoMPNN,WIL_PLA,0.4819706678390503,259,T,C,WIL_PLA,A,260,260,THR,THR,True
5182,ThermoMPNN,WIL_PLA,1.555339217185974,259,T,D,WIL_PLA,A,260,260,THR,THR,True
5183,ThermoMPNN,WIL_PLA,1.1303772926330566,259,T,E,WIL_PLA,A,260,260,THR,THR,True
5184,ThermoMPNN,WIL_PLA,1.032536506652832,259,T,F,WIL_PLA,A,260,260,THR,THR,True
5185,ThermoMPNN,WIL_PLA,1.057297706604004,259,T,G,WIL_PLA,A,260,260,THR,THR,True
5186,ThermoMPNN,WIL_PLA,0.6677392721176147,259,T,H,WIL_PLA,A,260,260,THR,THR,True
5187,ThermoMPNN,WIL_PLA,0.9459607005119324,259,T,I,WIL_PLA,A,260,260,THR,THR,True
5188,ThermoMPNN,WIL_PLA,0.5335738658905029,259,T,K,WIL_PLA,A,260,260,THR,THR,True
5189,ThermoMPNN,WIL_PLA,0.9867610335350036,259,T,L,WIL_PLA,A,260,260,THR,THR,True
5190,ThermoMPNN,WIL_PLA,0.8921268582344055,259,T,M,WIL_PLA,A,260,260,THR,THR,True
5191,ThermoMPNN,WIL_PLA,0.7898632884025574,259,T,N,WIL_PLA,A,260,260,THR,THR,True
5192,ThermoMPNN,WIL_PLA,2.173201322555542,259,T,P,WIL_PLA,A,260,260,THR,THR,True
5193,ThermoMPNN,WIL_PLA,0.8054828643798828,259,T,Q,WIL_PLA,A,260,260,THR,THR,True
5194,ThermoMPNN,WIL_PLA,0.4308538436889648,259,T,R,WIL_PLA,A,260,260,THR,THR,True
5195,ThermoMPNN,WIL_PLA,0.4303054809570312,259,T,S,WIL_PLA,A,260,260,THR,THR,True
5196,ThermoMPNN,WIL_PLA,0.0,259,T,T,WIL_PLA,A,260,260,THR,THR,True
5197,ThermoMPNN,WIL_PLA,0.8248209357261658,259,T,V,WIL_PLA,A,260,260,THR,THR,True
5198,ThermoMPNN,WIL_PLA,1.220830321311951,259,T,W,WIL_PLA,A,260,260,THR,THR,True
5199,ThermoMPNN,WIL_PLA,0.8961275219917297,259,T,Y,WIL_PLA,A,260,260,THR,THR,True
5200,ThermoMPNN,WIL_PLA,-0.2254713177680969,260,T,A,WIL_PLA,A,261,261,THR,THR,True
5201,ThermoMPNN,WIL_PLA,-0.3743353486061096,260,T,C,WIL_PLA,A,261,261,THR,THR,True
5202,ThermoMPNN,WIL_PLA,1.097792148590088,260,T,D,WIL_PLA,A,261,261,THR,THR,True
5203,ThermoMPNN,WIL_PLA,0.9328626990318298,260,T,E,WIL_PLA,A,261,261,THR,THR,True
5204,ThermoMPNN,WIL_PLA,0.5180687308311462,260,T,F,WIL_PLA,A,261,261,THR,THR,True
5205,ThermoMPNN,WIL_PLA,0.6350070238113403,260,T,G,WIL_PLA,A,261,261,THR,THR,True
5206,ThermoMPNN,WIL_PLA,0.4985218942165375,260,T,H,WIL_PLA,A,261,261,THR,THR,True
5207,ThermoMPNN,WIL_PLA,-0.5041924118995667,260,T,I,WIL_PLA,A,261,261,THR,THR,True
5208,ThermoMPNN,WIL_PLA,0.1036491990089416,260,T,K,WIL_PLA,A,261,261,THR,THR,True
5209,ThermoMPNN,WIL_PLA,-0.0060400962829589,260,T,L,WIL_PLA,A,261,261,THR,THR,True
5210,ThermoMPNN,WIL_PLA,0.1075015664100647,260,T,M,WIL_PLA,A,261,261,THR,THR,True
5211,ThermoMPNN,WIL_PLA,0.7503269910812378,260,T,N,WIL_PLA,A,261,261,THR,THR,True
5212,ThermoMPNN,WIL_PLA,-0.0537821054458618,260,T,P,WIL_PLA,A,261,261,THR,THR,True
5213,ThermoMPNN,WIL_PLA,0.3702926635742187,260,T,Q,WIL_PLA,A,261,261,THR,THR,True
5214,ThermoMPNN,WIL_PLA,0.1411623358726501,260,T,R,WIL_PLA,A,261,261,THR,THR,True
5215,ThermoMPNN,WIL_PLA,0.1522636413574218,260,T,S,WIL_PLA,A,261,261,THR,THR,True
5216,ThermoMPNN,WIL_PLA,0.0,260,T,T,WIL_PLA,A,261,261,THR,THR,True
5217,ThermoMPNN,WIL_PLA,-0.8471183180809021,260,T,V,WIL_PLA,A,261,261,THR,THR,True
5218,ThermoMPNN,WIL_PLA,0.5646982789039612,260,T,W,WIL_PLA,A,261,261,THR,THR,True
5219,ThermoMPNN,WIL_PLA,0.5894165635108948,260,T,Y,WIL_PLA,A,261,261,THR,THR,True
5220,ThermoMPNN,WIL_PLA,-0.1493922472000122,261,S,A,WIL_PLA,A,262,262,SER,SER,True
5221,ThermoMPNN,WIL_PLA,0.2910718917846679,261,S,C,WIL_PLA,A,262,262,SER,SER,True
5222,ThermoMPNN,WIL_PLA,0.7617262601852417,261,S,D,WIL_PLA,A,262,262,SER,SER,True
5223,ThermoMPNN,WIL_PLA,0.5376433730125427,261,S,E,WIL_PLA,A,262,262,SER,SER,True
5224,ThermoMPNN,WIL_PLA,0.7555792331695557,261,S,F,WIL_PLA,A,262,262,SER,SER,True
5225,ThermoMPNN,WIL_PLA,0.1920133829116821,261,S,G,WIL_PLA,A,262,262,SER,SER,True
5226,ThermoMPNN,WIL_PLA,0.3950061202049255,261,S,H,WIL_PLA,A,262,262,SER,SER,True
5227,ThermoMPNN,WIL_PLA,0.6683133244514465,261,S,I,WIL_PLA,A,262,262,SER,SER,True
5228,ThermoMPNN,WIL_PLA,0.1764252185821533,261,S,K,WIL_PLA,A,262,262,SER,SER,True
5229,ThermoMPNN,WIL_PLA,0.6944372653961182,261,S,L,WIL_PLA,A,262,262,SER,SER,True
5230,ThermoMPNN,WIL_PLA,0.572571337223053,261,S,M,WIL_PLA,A,262,262,SER,SER,True
5231,ThermoMPNN,WIL_PLA,0.4678351283073425,261,S,N,WIL_PLA,A,262,262,SER,SER,True
5232,ThermoMPNN,WIL_PLA,1.0846378803253174,261,S,P,WIL_PLA,A,262,262,SER,SER,True
5233,ThermoMPNN,WIL_PLA,0.3823482394218445,261,S,Q,WIL_PLA,A,262,262,SER,SER,True
5234,ThermoMPNN,WIL_PLA,0.1584440469741821,261,S,R,WIL_PLA,A,262,262,SER,SER,True
5235,ThermoMPNN,WIL_PLA,0.0,261,S,S,WIL_PLA,A,262,262,SER,SER,True
5236,ThermoMPNN,WIL_PLA,0.2728752493858337,261,S,T,WIL_PLA,A,262,262,SER,SER,True
5237,ThermoMPNN,WIL_PLA,0.7203417420387268,261,S,V,WIL_PLA,A,262,262,SER,SER,True
5238,ThermoMPNN,WIL_PLA,0.7066624760627747,261,S,W,WIL_PLA,A,262,262,SER,SER,True
5239,ThermoMPNN,WIL_PLA,0.6882702708244324,261,S,Y,WIL_PLA,A,262,262,SER,SER,True
5240,ThermoMPNN,WIL_PLA,-0.1506826877593994,262,D,A,WIL_PLA,A,263,263,ASP,ASP,True
5241,ThermoMPNN,WIL_PLA,-0.0357940196990966,262,D,C,WIL_PLA,A,263,263,ASP,ASP,True
5242,ThermoMPNN,WIL_PLA,0.0,262,D,D,WIL_PLA,A,263,263,ASP,ASP,True
5243,ThermoMPNN,WIL_PLA,0.4595571160316467,262,D,E,WIL_PLA,A,263,263,ASP,ASP,True
5244,ThermoMPNN,WIL_PLA,0.7441273927688599,262,D,F,WIL_PLA,A,263,263,ASP,ASP,True
5245,ThermoMPNN,WIL_PLA,0.2037680745124817,262,D,G,WIL_PLA,A,263,263,ASP,ASP,True
5246,ThermoMPNN,WIL_PLA,0.1810135841369629,262,D,H,WIL_PLA,A,263,263,ASP,ASP,True
5247,ThermoMPNN,WIL_PLA,1.01629638671875,262,D,I,WIL_PLA,A,263,263,ASP,ASP,True
5248,ThermoMPNN,WIL_PLA,0.7352153658866882,262,D,K,WIL_PLA,A,263,263,ASP,ASP,True
5249,ThermoMPNN,WIL_PLA,0.8438532948493958,262,D,L,WIL_PLA,A,263,263,ASP,ASP,True
5250,ThermoMPNN,WIL_PLA,0.2015010714530944,262,D,M,WIL_PLA,A,263,263,ASP,ASP,True
5251,ThermoMPNN,WIL_PLA,0.3373415470123291,262,D,N,WIL_PLA,A,263,263,ASP,ASP,True
5252,ThermoMPNN,WIL_PLA,2.36975622177124,262,D,P,WIL_PLA,A,263,263,ASP,ASP,True
5253,ThermoMPNN,WIL_PLA,-0.1804947853088379,262,D,Q,WIL_PLA,A,263,263,ASP,ASP,True
5254,ThermoMPNN,WIL_PLA,0.8876627087593079,262,D,R,WIL_PLA,A,263,263,ASP,ASP,True
5255,ThermoMPNN,WIL_PLA,-0.0229145288467407,262,D,S,WIL_PLA,A,263,263,ASP,ASP,True
5256,ThermoMPNN,WIL_PLA,0.4282460808753967,262,D,T,WIL_PLA,A,263,263,ASP,ASP,True
5257,ThermoMPNN,WIL_PLA,0.9169354438781738,262,D,V,WIL_PLA,A,263,263,ASP,ASP,True
5258,ThermoMPNN,WIL_PLA,0.5439276695251465,262,D,W,WIL_PLA,A,263,263,ASP,ASP,True
5259,ThermoMPNN,WIL_PLA,0.660677433013916,262,D,Y,WIL_PLA,A,263,263,ASP,ASP,True
5260,ThermoMPNN,WIL_PLA,2.3714969158172607,263,V,A,WIL_PLA,A,264,264,VAL,VAL,True
5261,ThermoMPNN,WIL_PLA,1.5123833417892456,263,V,C,WIL_PLA,A,264,264,VAL,VAL,True
5262,ThermoMPNN,WIL_PLA,3.419142007827759,263,V,D,WIL_PLA,A,264,264,VAL,VAL,True
5263,ThermoMPNN,WIL_PLA,3.4145843982696533,263,V,E,WIL_PLA,A,264,264,VAL,VAL,True
5264,ThermoMPNN,WIL_PLA,2.003448486328125,263,V,F,WIL_PLA,A,264,264,VAL,VAL,True
5265,ThermoMPNN,WIL_PLA,3.1388907432556152,263,V,G,WIL_PLA,A,264,264,VAL,VAL,True
5266,ThermoMPNN,WIL_PLA,3.3278207778930664,263,V,H,WIL_PLA,A,264,264,VAL,VAL,True
5267,ThermoMPNN,WIL_PLA,-0.1240596771240234,263,V,I,WIL_PLA,A,264,264,VAL,VAL,True
5268,ThermoMPNN,WIL_PLA,3.336801767349243,263,V,K,WIL_PLA,A,264,264,VAL,VAL,True
5269,ThermoMPNN,WIL_PLA,0.7055919170379639,263,V,L,WIL_PLA,A,264,264,VAL,VAL,True
5270,ThermoMPNN,WIL_PLA,1.6583560705184937,263,V,M,WIL_PLA,A,264,264,VAL,VAL,True
5271,ThermoMPNN,WIL_PLA,3.329573392868042,263,V,N,WIL_PLA,A,264,264,VAL,VAL,True
5272,ThermoMPNN,WIL_PLA,3.0732264518737797,263,V,P,WIL_PLA,A,264,264,VAL,VAL,True
5273,ThermoMPNN,WIL_PLA,3.441441297531128,263,V,Q,WIL_PLA,A,264,264,VAL,VAL,True
5274,ThermoMPNN,WIL_PLA,3.2274329662323,263,V,R,WIL_PLA,A,264,264,VAL,VAL,True
5275,ThermoMPNN,WIL_PLA,3.19411039352417,263,V,S,WIL_PLA,A,264,264,VAL,VAL,True
5276,ThermoMPNN,WIL_PLA,2.336647748947144,263,V,T,WIL_PLA,A,264,264,VAL,VAL,True
5277,ThermoMPNN,WIL_PLA,0.0,263,V,V,WIL_PLA,A,264,264,VAL,VAL,True
5278,ThermoMPNN,WIL_PLA,2.4624509811401367,263,V,W,WIL_PLA,A,264,264,VAL,VAL,True
5279,ThermoMPNN,WIL_PLA,2.4680252075195312,263,V,Y,WIL_PLA,A,264,264,VAL,VAL,True
5280,ThermoMPNN,WIL_PLA,0.5019465684890747,264,T,A,WIL_PLA,A,265,265,THR,THR,True
5281,ThermoMPNN,WIL_PLA,-0.0305067896842956,264,T,C,WIL_PLA,A,265,265,THR,THR,True
5282,ThermoMPNN,WIL_PLA,0.9971169233322144,264,T,D,WIL_PLA,A,265,265,THR,THR,True
5283,ThermoMPNN,WIL_PLA,0.4482849836349487,264,T,E,WIL_PLA,A,265,265,THR,THR,True
5284,ThermoMPNN,WIL_PLA,-0.0906795859336853,264,T,F,WIL_PLA,A,265,265,THR,THR,True
5285,ThermoMPNN,WIL_PLA,1.501219630241394,264,T,G,WIL_PLA,A,265,265,THR,THR,True
5286,ThermoMPNN,WIL_PLA,0.3358904719352722,264,T,H,WIL_PLA,A,265,265,THR,THR,True
5287,ThermoMPNN,WIL_PLA,-0.7181522250175476,264,T,I,WIL_PLA,A,265,265,THR,THR,True
5288,ThermoMPNN,WIL_PLA,0.487224668264389,264,T,K,WIL_PLA,A,265,265,THR,THR,True
5289,ThermoMPNN,WIL_PLA,-0.0775405764579773,264,T,L,WIL_PLA,A,265,265,THR,THR,True
5290,ThermoMPNN,WIL_PLA,0.0173428654670715,264,T,M,WIL_PLA,A,265,265,THR,THR,True
5291,ThermoMPNN,WIL_PLA,0.7757554054260254,264,T,N,WIL_PLA,A,265,265,THR,THR,True
5292,ThermoMPNN,WIL_PLA,2.2667927742004395,264,T,P,WIL_PLA,A,265,265,THR,THR,True
5293,ThermoMPNN,WIL_PLA,0.4011654853820801,264,T,Q,WIL_PLA,A,265,265,THR,THR,True
5294,ThermoMPNN,WIL_PLA,0.30795818567276,264,T,R,WIL_PLA,A,265,265,THR,THR,True
5295,ThermoMPNN,WIL_PLA,0.5238513350486755,264,T,S,WIL_PLA,A,265,265,THR,THR,True
5296,ThermoMPNN,WIL_PLA,0.0,264,T,T,WIL_PLA,A,265,265,THR,THR,True
5297,ThermoMPNN,WIL_PLA,-0.5927419066429138,264,T,V,WIL_PLA,A,265,265,THR,THR,True
5298,ThermoMPNN,WIL_PLA,-0.0973730683326721,264,T,W,WIL_PLA,A,265,265,THR,THR,True
5299,ThermoMPNN,WIL_PLA,-0.1962038874626159,264,T,Y,WIL_PLA,A,265,265,THR,THR,True
5300,ThermoMPNN,WIL_PLA,0.6396095156669617,265,E,A,WIL_PLA,A,266,266,GLU,GLU,True
5301,ThermoMPNN,WIL_PLA,-0.1726893782615661,265,E,C,WIL_PLA,A,266,266,GLU,GLU,True
5302,ThermoMPNN,WIL_PLA,2.331289052963257,265,E,D,WIL_PLA,A,266,266,GLU,GLU,True
5303,ThermoMPNN,WIL_PLA,0.0,265,E,E,WIL_PLA,A,266,266,GLU,GLU,True
5304,ThermoMPNN,WIL_PLA,-0.2037674784660339,265,E,F,WIL_PLA,A,266,266,GLU,GLU,True
5305,ThermoMPNN,WIL_PLA,1.8632570505142207,265,E,G,WIL_PLA,A,266,266,GLU,GLU,True
5306,ThermoMPNN,WIL_PLA,0.4841384291648865,265,E,H,WIL_PLA,A,266,266,GLU,GLU,True
5307,ThermoMPNN,WIL_PLA,-0.2741847634315491,265,E,I,WIL_PLA,A,266,266,GLU,GLU,True
5308,ThermoMPNN,WIL_PLA,0.0405752658843994,265,E,K,WIL_PLA,A,266,266,GLU,GLU,True
5309,ThermoMPNN,WIL_PLA,-0.3922199606895447,265,E,L,WIL_PLA,A,266,266,GLU,GLU,True
5310,ThermoMPNN,WIL_PLA,-0.3780069947242737,265,E,M,WIL_PLA,A,266,266,GLU,GLU,True
5311,ThermoMPNN,WIL_PLA,1.5854346752166748,265,E,N,WIL_PLA,A,266,266,GLU,GLU,True
5312,ThermoMPNN,WIL_PLA,2.108539342880249,265,E,P,WIL_PLA,A,266,266,GLU,GLU,True
5313,ThermoMPNN,WIL_PLA,-0.1381084322929382,265,E,Q,WIL_PLA,A,266,266,GLU,GLU,True
5314,ThermoMPNN,WIL_PLA,0.0681425333023071,265,E,R,WIL_PLA,A,266,266,GLU,GLU,True
5315,ThermoMPNN,WIL_PLA,1.1408973932266235,265,E,S,WIL_PLA,A,266,266,GLU,GLU,True
5316,ThermoMPNN,WIL_PLA,0.9023499488830566,265,E,T,WIL_PLA,A,266,266,GLU,GLU,True
5317,ThermoMPNN,WIL_PLA,-0.193170964717865,265,E,V,WIL_PLA,A,266,266,GLU,GLU,True
5318,ThermoMPNN,WIL_PLA,0.0058905482292175,265,E,W,WIL_PLA,A,266,266,GLU,GLU,True
5319,ThermoMPNN,WIL_PLA,-0.1311827301979065,265,E,Y,WIL_PLA,A,266,266,GLU,GLU,True
5320,ThermoMPNN,WIL_PLA,1.9439308643341064,266,V,A,WIL_PLA,A,267,267,VAL,VAL,True
5321,ThermoMPNN,WIL_PLA,1.18812358379364,266,V,C,WIL_PLA,A,267,267,VAL,VAL,True
5322,ThermoMPNN,WIL_PLA,2.4718120098114014,266,V,D,WIL_PLA,A,267,267,VAL,VAL,True
5323,ThermoMPNN,WIL_PLA,2.5383822917938232,266,V,E,WIL_PLA,A,267,267,VAL,VAL,True
5324,ThermoMPNN,WIL_PLA,1.294522047042847,266,V,F,WIL_PLA,A,267,267,VAL,VAL,True
5325,ThermoMPNN,WIL_PLA,2.684532880783081,266,V,G,WIL_PLA,A,267,267,VAL,VAL,True
5326,ThermoMPNN,WIL_PLA,2.146207094192505,266,V,H,WIL_PLA,A,267,267,VAL,VAL,True
5327,ThermoMPNN,WIL_PLA,-0.0312080383300781,266,V,I,WIL_PLA,A,267,267,VAL,VAL,True
5328,ThermoMPNN,WIL_PLA,2.264472007751465,266,V,K,WIL_PLA,A,267,267,VAL,VAL,True
5329,ThermoMPNN,WIL_PLA,1.0408835411071775,266,V,L,WIL_PLA,A,267,267,VAL,VAL,True
5330,ThermoMPNN,WIL_PLA,1.4336316585540771,266,V,M,WIL_PLA,A,267,267,VAL,VAL,True
5331,ThermoMPNN,WIL_PLA,2.2942841053009038,266,V,N,WIL_PLA,A,267,267,VAL,VAL,True
5332,ThermoMPNN,WIL_PLA,2.9900946617126465,266,V,P,WIL_PLA,A,267,267,VAL,VAL,True
5333,ThermoMPNN,WIL_PLA,2.29896092414856,266,V,Q,WIL_PLA,A,267,267,VAL,VAL,True
5334,ThermoMPNN,WIL_PLA,2.1986684799194336,266,V,R,WIL_PLA,A,267,267,VAL,VAL,True
5335,ThermoMPNN,WIL_PLA,2.232616186141968,266,V,S,WIL_PLA,A,267,267,VAL,VAL,True
5336,ThermoMPNN,WIL_PLA,1.6822986602783203,266,V,T,WIL_PLA,A,267,267,VAL,VAL,True
5337,ThermoMPNN,WIL_PLA,0.0,266,V,V,WIL_PLA,A,267,267,VAL,VAL,True
5338,ThermoMPNN,WIL_PLA,1.6961612701416016,266,V,W,WIL_PLA,A,267,267,VAL,VAL,True
5339,ThermoMPNN,WIL_PLA,1.5941444635391235,266,V,Y,WIL_PLA,A,267,267,VAL,VAL,True
5340,ThermoMPNN,WIL_PLA,0.7618529796600342,267,V,A,WIL_PLA,A,268,268,VAL,VAL,True
5341,ThermoMPNN,WIL_PLA,0.0493052005767822,267,V,C,WIL_PLA,A,268,268,VAL,VAL,True
5342,ThermoMPNN,WIL_PLA,0.5941683650016785,267,V,D,WIL_PLA,A,268,268,VAL,VAL,True
5343,ThermoMPNN,WIL_PLA,0.481955885887146,267,V,E,WIL_PLA,A,268,268,VAL,VAL,True
5344,ThermoMPNN,WIL_PLA,0.1508429050445556,267,V,F,WIL_PLA,A,268,268,VAL,VAL,True
5345,ThermoMPNN,WIL_PLA,1.3440855741500854,267,V,G,WIL_PLA,A,268,268,VAL,VAL,True
5346,ThermoMPNN,WIL_PLA,0.1555604934692382,267,V,H,WIL_PLA,A,268,268,VAL,VAL,True
5347,ThermoMPNN,WIL_PLA,0.0130764245986938,267,V,I,WIL_PLA,A,268,268,VAL,VAL,True
5348,ThermoMPNN,WIL_PLA,0.5534011125564575,267,V,K,WIL_PLA,A,268,268,VAL,VAL,True
5349,ThermoMPNN,WIL_PLA,0.3176762461662292,267,V,L,WIL_PLA,A,268,268,VAL,VAL,True
5350,ThermoMPNN,WIL_PLA,0.4447816014289856,267,V,M,WIL_PLA,A,268,268,VAL,VAL,True
5351,ThermoMPNN,WIL_PLA,0.4963199496269226,267,V,N,WIL_PLA,A,268,268,VAL,VAL,True
5352,ThermoMPNN,WIL_PLA,1.7190896272659302,267,V,P,WIL_PLA,A,268,268,VAL,VAL,True
5353,ThermoMPNN,WIL_PLA,0.473131000995636,267,V,Q,WIL_PLA,A,268,268,VAL,VAL,True
5354,ThermoMPNN,WIL_PLA,0.5455343127250671,267,V,R,WIL_PLA,A,268,268,VAL,VAL,True
5355,ThermoMPNN,WIL_PLA,0.5741153955459595,267,V,S,WIL_PLA,A,268,268,VAL,VAL,True
5356,ThermoMPNN,WIL_PLA,0.339944839477539,267,V,T,WIL_PLA,A,268,268,VAL,VAL,True
5357,ThermoMPNN,WIL_PLA,0.0,267,V,V,WIL_PLA,A,268,268,VAL,VAL,True
5358,ThermoMPNN,WIL_PLA,0.3006402254104614,267,V,W,WIL_PLA,A,268,268,VAL,VAL,True
5359,ThermoMPNN,WIL_PLA,0.1481027603149414,267,V,Y,WIL_PLA,A,268,268,VAL,VAL,True
5360,ThermoMPNN,WIL_PLA,1.5432050228118896,268,G,A,WIL_PLA,A,269,269,GLY,GLY,True
5361,ThermoMPNN,WIL_PLA,1.041224479675293,268,G,C,WIL_PLA,A,269,269,GLY,GLY,True
5362,ThermoMPNN,WIL_PLA,1.7144266366958618,268,G,D,WIL_PLA,A,269,269,GLY,GLY,True
5363,ThermoMPNN,WIL_PLA,1.8104028701782229,268,G,E,WIL_PLA,A,269,269,GLY,GLY,True
5364,ThermoMPNN,WIL_PLA,1.493097901344299,268,G,F,WIL_PLA,A,269,269,GLY,GLY,True
5365,ThermoMPNN,WIL_PLA,0.0,268,G,G,WIL_PLA,A,269,269,GLY,GLY,True
5366,ThermoMPNN,WIL_PLA,1.5706332921981812,268,G,H,WIL_PLA,A,269,269,GLY,GLY,True
5367,ThermoMPNN,WIL_PLA,1.8522863388061523,268,G,I,WIL_PLA,A,269,269,GLY,GLY,True
5368,ThermoMPNN,WIL_PLA,1.8124899864196775,268,G,K,WIL_PLA,A,269,269,GLY,GLY,True
5369,ThermoMPNN,WIL_PLA,1.6538410186767578,268,G,L,WIL_PLA,A,269,269,GLY,GLY,True
5370,ThermoMPNN,WIL_PLA,1.6383607387542725,268,G,M,WIL_PLA,A,269,269,GLY,GLY,True
5371,ThermoMPNN,WIL_PLA,1.5973972082138062,268,G,N,WIL_PLA,A,269,269,GLY,GLY,True
5372,ThermoMPNN,WIL_PLA,2.0577871799468994,268,G,P,WIL_PLA,A,269,269,GLY,GLY,True
5373,ThermoMPNN,WIL_PLA,1.7475910186767578,268,G,Q,WIL_PLA,A,269,269,GLY,GLY,True
5374,ThermoMPNN,WIL_PLA,1.790237545967102,268,G,R,WIL_PLA,A,269,269,GLY,GLY,True
5375,ThermoMPNN,WIL_PLA,1.6454631090164185,268,G,S,WIL_PLA,A,269,269,GLY,GLY,True
5376,ThermoMPNN,WIL_PLA,1.8062344789505005,268,G,T,WIL_PLA,A,269,269,GLY,GLY,True
5377,ThermoMPNN,WIL_PLA,1.8519349098205569,268,G,V,WIL_PLA,A,269,269,GLY,GLY,True
5378,ThermoMPNN,WIL_PLA,1.5568863153457642,268,G,W,WIL_PLA,A,269,269,GLY,GLY,True
5379,ThermoMPNN,WIL_PLA,1.5319108963012695,268,G,Y,WIL_PLA,A,269,269,GLY,GLY,True
5380,ThermoMPNN,WIL_PLA,1.6314892768859863,269,V,A,WIL_PLA,A,270,270,VAL,VAL,True
5381,ThermoMPNN,WIL_PLA,1.047923564910889,269,V,C,WIL_PLA,A,270,270,VAL,VAL,True
5382,ThermoMPNN,WIL_PLA,2.340836763381958,269,V,D,WIL_PLA,A,270,270,VAL,VAL,True
5383,ThermoMPNN,WIL_PLA,2.230250120162964,269,V,E,WIL_PLA,A,270,270,VAL,VAL,True
5384,ThermoMPNN,WIL_PLA,1.5410032272338867,269,V,F,WIL_PLA,A,270,270,VAL,VAL,True
5385,ThermoMPNN,WIL_PLA,2.335068702697754,269,V,G,WIL_PLA,A,270,270,VAL,VAL,True
5386,ThermoMPNN,WIL_PLA,1.8376426696777344,269,V,H,WIL_PLA,A,270,270,VAL,VAL,True
5387,ThermoMPNN,WIL_PLA,-0.1200480461120605,269,V,I,WIL_PLA,A,270,270,VAL,VAL,True
5388,ThermoMPNN,WIL_PLA,1.599812388420105,269,V,K,WIL_PLA,A,270,270,VAL,VAL,True
5389,ThermoMPNN,WIL_PLA,0.5851222276687622,269,V,L,WIL_PLA,A,270,270,VAL,VAL,True
5390,ThermoMPNN,WIL_PLA,1.159701228141785,269,V,M,WIL_PLA,A,270,270,VAL,VAL,True
5391,ThermoMPNN,WIL_PLA,2.043485164642334,269,V,N,WIL_PLA,A,270,270,VAL,VAL,True
5392,ThermoMPNN,WIL_PLA,2.023120641708374,269,V,P,WIL_PLA,A,270,270,VAL,VAL,True
5393,ThermoMPNN,WIL_PLA,1.7505711317062378,269,V,Q,WIL_PLA,A,270,270,VAL,VAL,True
5394,ThermoMPNN,WIL_PLA,1.649145007133484,269,V,R,WIL_PLA,A,270,270,VAL,VAL,True
5395,ThermoMPNN,WIL_PLA,1.904719352722168,269,V,S,WIL_PLA,A,270,270,VAL,VAL,True
5396,ThermoMPNN,WIL_PLA,1.031360149383545,269,V,T,WIL_PLA,A,270,270,VAL,VAL,True
5397,ThermoMPNN,WIL_PLA,0.0,269,V,V,WIL_PLA,A,270,270,VAL,VAL,True
5398,ThermoMPNN,WIL_PLA,1.690109372138977,269,V,W,WIL_PLA,A,270,270,VAL,VAL,True
5399,ThermoMPNN,WIL_PLA,1.6384438276290894,269,V,Y,WIL_PLA,A,270,270,VAL,VAL,True
5400,ThermoMPNN,WIL_PLA,1.2061998844146729,270,D,A,WIL_PLA,A,271,271,ASP,ASP,True
5401,ThermoMPNN,WIL_PLA,1.035485863685608,270,D,C,WIL_PLA,A,271,271,ASP,ASP,True
5402,ThermoMPNN,WIL_PLA,0.0,270,D,D,WIL_PLA,A,271,271,ASP,ASP,True
5403,ThermoMPNN,WIL_PLA,1.656702160835266,270,D,E,WIL_PLA,A,271,271,ASP,ASP,True
5404,ThermoMPNN,WIL_PLA,1.9057881832122805,270,D,F,WIL_PLA,A,271,271,ASP,ASP,True
5405,ThermoMPNN,WIL_PLA,1.1216102838516235,270,D,G,WIL_PLA,A,271,271,ASP,ASP,True
5406,ThermoMPNN,WIL_PLA,1.5677608251571655,270,D,H,WIL_PLA,A,271,271,ASP,ASP,True
5407,ThermoMPNN,WIL_PLA,2.123754978179932,270,D,I,WIL_PLA,A,271,271,ASP,ASP,True
5408,ThermoMPNN,WIL_PLA,1.76234769821167,270,D,K,WIL_PLA,A,271,271,ASP,ASP,True
5409,ThermoMPNN,WIL_PLA,1.9592065811157229,270,D,L,WIL_PLA,A,271,271,ASP,ASP,True
5410,ThermoMPNN,WIL_PLA,1.898987889289856,270,D,M,WIL_PLA,A,271,271,ASP,ASP,True
5411,ThermoMPNN,WIL_PLA,0.3413621187210083,270,D,N,WIL_PLA,A,271,271,ASP,ASP,True
5412,ThermoMPNN,WIL_PLA,1.6996315717697144,270,D,P,WIL_PLA,A,271,271,ASP,ASP,True
5413,ThermoMPNN,WIL_PLA,1.8370710611343384,270,D,Q,WIL_PLA,A,271,271,ASP,ASP,True
5414,ThermoMPNN,WIL_PLA,1.73852276802063,270,D,R,WIL_PLA,A,271,271,ASP,ASP,True
5415,ThermoMPNN,WIL_PLA,0.5430823564529419,270,D,S,WIL_PLA,A,271,271,ASP,ASP,True
5416,ThermoMPNN,WIL_PLA,1.1404415369033811,270,D,T,WIL_PLA,A,271,271,ASP,ASP,True
5417,ThermoMPNN,WIL_PLA,2.2857179641723637,270,D,V,WIL_PLA,A,271,271,ASP,ASP,True
5418,ThermoMPNN,WIL_PLA,1.9155683517456052,270,D,W,WIL_PLA,A,271,271,ASP,ASP,True
5419,ThermoMPNN,WIL_PLA,2.130748987197876,270,D,Y,WIL_PLA,A,271,271,ASP,ASP,True
5420,ThermoMPNN,WIL_PLA,1.0207998752593994,271,S,A,WIL_PLA,A,272,272,SER,SER,True
5421,ThermoMPNN,WIL_PLA,0.953492283821106,271,S,C,WIL_PLA,A,272,272,SER,SER,True
5422,ThermoMPNN,WIL_PLA,1.089702844619751,271,S,D,WIL_PLA,A,272,272,SER,SER,True
5423,ThermoMPNN,WIL_PLA,1.6072371006011963,271,S,E,WIL_PLA,A,272,272,SER,SER,True
5424,ThermoMPNN,WIL_PLA,1.5735845565795898,271,S,F,WIL_PLA,A,272,272,SER,SER,True
5425,ThermoMPNN,WIL_PLA,1.1133239269256592,271,S,G,WIL_PLA,A,272,272,SER,SER,True
5426,ThermoMPNN,WIL_PLA,1.590038537979126,271,S,H,WIL_PLA,A,272,272,SER,SER,True
5427,ThermoMPNN,WIL_PLA,1.5142730474472046,271,S,I,WIL_PLA,A,272,272,SER,SER,True
5428,ThermoMPNN,WIL_PLA,1.475643754005432,271,S,K,WIL_PLA,A,272,272,SER,SER,True
5429,ThermoMPNN,WIL_PLA,1.5835559368133545,271,S,L,WIL_PLA,A,272,272,SER,SER,True
5430,ThermoMPNN,WIL_PLA,1.3293862342834473,271,S,M,WIL_PLA,A,272,272,SER,SER,True
5431,ThermoMPNN,WIL_PLA,0.9401509761810304,271,S,N,WIL_PLA,A,272,272,SER,SER,True
5432,ThermoMPNN,WIL_PLA,1.7705698013305664,271,S,P,WIL_PLA,A,272,272,SER,SER,True
5433,ThermoMPNN,WIL_PLA,1.4848092794418335,271,S,Q,WIL_PLA,A,272,272,SER,SER,True
5434,ThermoMPNN,WIL_PLA,1.3956501483917236,271,S,R,WIL_PLA,A,272,272,SER,SER,True
5435,ThermoMPNN,WIL_PLA,0.0,271,S,S,WIL_PLA,A,272,272,SER,SER,True
5436,ThermoMPNN,WIL_PLA,0.623631477355957,271,S,T,WIL_PLA,A,272,272,SER,SER,True
5437,ThermoMPNN,WIL_PLA,1.6701006889343262,271,S,V,WIL_PLA,A,272,272,SER,SER,True
5438,ThermoMPNN,WIL_PLA,1.5554214715957642,271,S,W,WIL_PLA,A,272,272,SER,SER,True
5439,ThermoMPNN,WIL_PLA,1.844715237617493,271,S,Y,WIL_PLA,A,272,272,SER,SER,True
5440,ThermoMPNN,WIL_PLA,0.7000828981399536,272,T,A,WIL_PLA,A,273,273,THR,THR,True
5441,ThermoMPNN,WIL_PLA,0.2689164876937866,272,T,C,WIL_PLA,A,273,273,THR,THR,True
5442,ThermoMPNN,WIL_PLA,1.3408282995224,272,T,D,WIL_PLA,A,273,273,THR,THR,True
5443,ThermoMPNN,WIL_PLA,1.0720300674438477,272,T,E,WIL_PLA,A,273,273,THR,THR,True
5444,ThermoMPNN,WIL_PLA,0.719913899898529,272,T,F,WIL_PLA,A,273,273,THR,THR,True
5445,ThermoMPNN,WIL_PLA,1.0386855602264404,272,T,G,WIL_PLA,A,273,273,THR,THR,True
5446,ThermoMPNN,WIL_PLA,0.6074090003967285,272,T,H,WIL_PLA,A,273,273,THR,THR,True
5447,ThermoMPNN,WIL_PLA,0.0645636320114135,272,T,I,WIL_PLA,A,273,273,THR,THR,True
5448,ThermoMPNN,WIL_PLA,0.1846472024917602,272,T,K,WIL_PLA,A,273,273,THR,THR,True
5449,ThermoMPNN,WIL_PLA,0.3236864805221557,272,T,L,WIL_PLA,A,273,273,THR,THR,True
5450,ThermoMPNN,WIL_PLA,0.4598150253295898,272,T,M,WIL_PLA,A,273,273,THR,THR,True
5451,ThermoMPNN,WIL_PLA,0.7463542819023132,272,T,N,WIL_PLA,A,273,273,THR,THR,True
5452,ThermoMPNN,WIL_PLA,0.8418700695037842,272,T,P,WIL_PLA,A,273,273,THR,THR,True
5453,ThermoMPNN,WIL_PLA,0.6155624985694885,272,T,Q,WIL_PLA,A,273,273,THR,THR,True
5454,ThermoMPNN,WIL_PLA,0.2837157845497131,272,T,R,WIL_PLA,A,273,273,THR,THR,True
5455,ThermoMPNN,WIL_PLA,0.5669565796852112,272,T,S,WIL_PLA,A,273,273,THR,THR,True
5456,ThermoMPNN,WIL_PLA,0.0,272,T,T,WIL_PLA,A,273,273,THR,THR,True
5457,ThermoMPNN,WIL_PLA,0.2763515114784241,272,T,V,WIL_PLA,A,273,273,THR,THR,True
5458,ThermoMPNN,WIL_PLA,0.7982250452041626,272,T,W,WIL_PLA,A,273,273,THR,THR,True
5459,ThermoMPNN,WIL_PLA,0.6095118522644043,272,T,Y,WIL_PLA,A,273,273,THR,THR,True
5460,ThermoMPNN,WIL_PLA,0.0,273,A,A,WIL_PLA,A,274,274,ALA,ALA,True
5461,ThermoMPNN,WIL_PLA,0.0758836269378662,273,A,C,WIL_PLA,A,274,274,ALA,ALA,True
5462,ThermoMPNN,WIL_PLA,0.5081163048744202,273,A,D,WIL_PLA,A,274,274,ALA,ALA,True
5463,ThermoMPNN,WIL_PLA,-0.0332763195037841,273,A,E,WIL_PLA,A,274,274,ALA,ALA,True
5464,ThermoMPNN,WIL_PLA,0.4928354024887085,273,A,F,WIL_PLA,A,274,274,ALA,ALA,True
5465,ThermoMPNN,WIL_PLA,0.6125478744506836,273,A,G,WIL_PLA,A,274,274,ALA,ALA,True
5466,ThermoMPNN,WIL_PLA,0.244073748588562,273,A,H,WIL_PLA,A,274,274,ALA,ALA,True
5467,ThermoMPNN,WIL_PLA,0.5674800872802734,273,A,I,WIL_PLA,A,274,274,ALA,ALA,True
5468,ThermoMPNN,WIL_PLA,0.1766567826271057,273,A,K,WIL_PLA,A,274,274,ALA,ALA,True
5469,ThermoMPNN,WIL_PLA,0.1919943690299987,273,A,L,WIL_PLA,A,274,274,ALA,ALA,True
5470,ThermoMPNN,WIL_PLA,0.1948196291923523,273,A,M,WIL_PLA,A,274,274,ALA,ALA,True
5471,ThermoMPNN,WIL_PLA,0.3400822281837463,273,A,N,WIL_PLA,A,274,274,ALA,ALA,True
5472,ThermoMPNN,WIL_PLA,1.9520256519317627,273,A,P,WIL_PLA,A,274,274,ALA,ALA,True
5473,ThermoMPNN,WIL_PLA,0.0248627662658691,273,A,Q,WIL_PLA,A,274,274,ALA,ALA,True
5474,ThermoMPNN,WIL_PLA,0.2402434349060058,273,A,R,WIL_PLA,A,274,274,ALA,ALA,True
5475,ThermoMPNN,WIL_PLA,0.4658900499343872,273,A,S,WIL_PLA,A,274,274,ALA,ALA,True
5476,ThermoMPNN,WIL_PLA,0.5702901482582092,273,A,T,WIL_PLA,A,274,274,ALA,ALA,True
5477,ThermoMPNN,WIL_PLA,0.4870781302452087,273,A,V,WIL_PLA,A,274,274,ALA,ALA,True
5478,ThermoMPNN,WIL_PLA,0.5824003219604492,273,A,W,WIL_PLA,A,274,274,ALA,ALA,True
5479,ThermoMPNN,WIL_PLA,0.4714816212654114,273,A,Y,WIL_PLA,A,274,274,ALA,ALA,True
5480,ThermoMPNN,WIL_PLA,1.8184654712677,274,G,A,WIL_PLA,A,275,275,GLY,GLY,True
5481,ThermoMPNN,WIL_PLA,1.6005866527557373,274,G,C,WIL_PLA,A,275,275,GLY,GLY,True
5482,ThermoMPNN,WIL_PLA,2.4694862365722656,274,G,D,WIL_PLA,A,275,275,GLY,GLY,True
5483,ThermoMPNN,WIL_PLA,2.66347074508667,274,G,E,WIL_PLA,A,275,275,GLY,GLY,True
5484,ThermoMPNN,WIL_PLA,1.6398978233337402,274,G,F,WIL_PLA,A,275,275,GLY,GLY,True
5485,ThermoMPNN,WIL_PLA,0.0,274,G,G,WIL_PLA,A,275,275,GLY,GLY,True
5486,ThermoMPNN,WIL_PLA,2.144393920898437,274,G,H,WIL_PLA,A,275,275,GLY,GLY,True
5487,ThermoMPNN,WIL_PLA,2.1897475719451904,274,G,I,WIL_PLA,A,275,275,GLY,GLY,True
5488,ThermoMPNN,WIL_PLA,2.397207021713257,274,G,K,WIL_PLA,A,275,275,GLY,GLY,True
5489,ThermoMPNN,WIL_PLA,2.1448183059692383,274,G,L,WIL_PLA,A,275,275,GLY,GLY,True
5490,ThermoMPNN,WIL_PLA,1.9951772689819336,274,G,M,WIL_PLA,A,275,275,GLY,GLY,True
5491,ThermoMPNN,WIL_PLA,2.3811304569244385,274,G,N,WIL_PLA,A,275,275,GLY,GLY,True
5492,ThermoMPNN,WIL_PLA,2.2001631259918213,274,G,P,WIL_PLA,A,275,275,GLY,GLY,True
5493,ThermoMPNN,WIL_PLA,2.375300884246826,274,G,Q,WIL_PLA,A,275,275,GLY,GLY,True
5494,ThermoMPNN,WIL_PLA,2.237619638442993,274,G,R,WIL_PLA,A,275,275,GLY,GLY,True
5495,ThermoMPNN,WIL_PLA,2.1289219856262207,274,G,S,WIL_PLA,A,275,275,GLY,GLY,True
5496,ThermoMPNN,WIL_PLA,2.280566692352295,274,G,T,WIL_PLA,A,275,275,GLY,GLY,True
5497,ThermoMPNN,WIL_PLA,2.121474504470825,274,G,V,WIL_PLA,A,275,275,GLY,GLY,True
5498,ThermoMPNN,WIL_PLA,1.8821991682052608,274,G,W,WIL_PLA,A,275,275,GLY,GLY,True
5499,ThermoMPNN,WIL_PLA,1.773478865623474,274,G,Y,WIL_PLA,A,275,275,GLY,GLY,True
5500,ThermoMPNN,WIL_PLA,0.6928523182868958,275,N,A,WIL_PLA,A,276,276,ASN,ASN,True
5501,ThermoMPNN,WIL_PLA,0.3272240161895752,275,N,C,WIL_PLA,A,276,276,ASN,ASN,True
5502,ThermoMPNN,WIL_PLA,0.6294561624526978,275,N,D,WIL_PLA,A,276,276,ASN,ASN,True
5503,ThermoMPNN,WIL_PLA,1.1769343614578247,275,N,E,WIL_PLA,A,276,276,ASN,ASN,True
5504,ThermoMPNN,WIL_PLA,0.9997221231460572,275,N,F,WIL_PLA,A,276,276,ASN,ASN,True
5505,ThermoMPNN,WIL_PLA,1.144904851913452,275,N,G,WIL_PLA,A,276,276,ASN,ASN,True
5506,ThermoMPNN,WIL_PLA,0.5163078904151917,275,N,H,WIL_PLA,A,276,276,ASN,ASN,True
5507,ThermoMPNN,WIL_PLA,0.7405462265014648,275,N,I,WIL_PLA,A,276,276,ASN,ASN,True
5508,ThermoMPNN,WIL_PLA,1.2203900814056396,275,N,K,WIL_PLA,A,276,276,ASN,ASN,True
5509,ThermoMPNN,WIL_PLA,1.0018246173858645,275,N,L,WIL_PLA,A,276,276,ASN,ASN,True
5510,ThermoMPNN,WIL_PLA,1.0370099544525146,275,N,M,WIL_PLA,A,276,276,ASN,ASN,True
5511,ThermoMPNN,WIL_PLA,0.0,275,N,N,WIL_PLA,A,276,276,ASN,ASN,True
5512,ThermoMPNN,WIL_PLA,1.0611605644226074,275,N,P,WIL_PLA,A,276,276,ASN,ASN,True
5513,ThermoMPNN,WIL_PLA,1.080932855606079,275,N,Q,WIL_PLA,A,276,276,ASN,ASN,True
5514,ThermoMPNN,WIL_PLA,0.8311538696289062,275,N,R,WIL_PLA,A,276,276,ASN,ASN,True
5515,ThermoMPNN,WIL_PLA,-0.127272367477417,275,N,S,WIL_PLA,A,276,276,ASN,ASN,True
5516,ThermoMPNN,WIL_PLA,-0.2162271738052368,275,N,T,WIL_PLA,A,276,276,ASN,ASN,True
5517,ThermoMPNN,WIL_PLA,0.2761572599411011,275,N,V,WIL_PLA,A,276,276,ASN,ASN,True
5518,ThermoMPNN,WIL_PLA,1.1166911125183103,275,N,W,WIL_PLA,A,276,276,ASN,ASN,True
5519,ThermoMPNN,WIL_PLA,1.0519416332244873,275,N,Y,WIL_PLA,A,276,276,ASN,ASN,True
5520,ThermoMPNN,WIL_PLA,0.1408455073833465,276,D,A,WIL_PLA,A,277,277,ASP,ASP,True
5521,ThermoMPNN,WIL_PLA,-0.3077489733695984,276,D,C,WIL_PLA,A,277,277,ASP,ASP,True
5522,ThermoMPNN,WIL_PLA,0.0,276,D,D,WIL_PLA,A,277,277,ASP,ASP,True
5523,ThermoMPNN,WIL_PLA,0.1111094653606414,276,D,E,WIL_PLA,A,277,277,ASP,ASP,True
5524,ThermoMPNN,WIL_PLA,-0.4847023487091064,276,D,F,WIL_PLA,A,277,277,ASP,ASP,True
5525,ThermoMPNN,WIL_PLA,0.2250711321830749,276,D,G,WIL_PLA,A,277,277,ASP,ASP,True
5526,ThermoMPNN,WIL_PLA,-0.3643484115600586,276,D,H,WIL_PLA,A,277,277,ASP,ASP,True
5527,ThermoMPNN,WIL_PLA,-0.1047480702400207,276,D,I,WIL_PLA,A,277,277,ASP,ASP,True
5528,ThermoMPNN,WIL_PLA,-0.125401496887207,276,D,K,WIL_PLA,A,277,277,ASP,ASP,True
5529,ThermoMPNN,WIL_PLA,-0.893291175365448,276,D,L,WIL_PLA,A,277,277,ASP,ASP,True
5530,ThermoMPNN,WIL_PLA,-0.4020226597785949,276,D,M,WIL_PLA,A,277,277,ASP,ASP,True
5531,ThermoMPNN,WIL_PLA,-0.2651700377464294,276,D,N,WIL_PLA,A,277,277,ASP,ASP,True
5532,ThermoMPNN,WIL_PLA,-0.2100751996040344,276,D,P,WIL_PLA,A,277,277,ASP,ASP,True
5533,ThermoMPNN,WIL_PLA,-0.1012623906135559,276,D,Q,WIL_PLA,A,277,277,ASP,ASP,True
5534,ThermoMPNN,WIL_PLA,-0.3043147325515747,276,D,R,WIL_PLA,A,277,277,ASP,ASP,True
5535,ThermoMPNN,WIL_PLA,0.191622793674469,276,D,S,WIL_PLA,A,277,277,ASP,ASP,True
5536,ThermoMPNN,WIL_PLA,0.1583437025547027,276,D,T,WIL_PLA,A,277,277,ASP,ASP,True
5537,ThermoMPNN,WIL_PLA,0.2396389991044998,276,D,V,WIL_PLA,A,277,277,ASP,ASP,True
5538,ThermoMPNN,WIL_PLA,-0.1963106989860534,276,D,W,WIL_PLA,A,277,277,ASP,ASP,True
5539,ThermoMPNN,WIL_PLA,-0.4897003173828125,276,D,Y,WIL_PLA,A,277,277,ASP,ASP,True
5540,ThermoMPNN,WIL_PLA,1.463176965713501,277,G,A,WIL_PLA,A,278,278,GLY,GLY,True
5541,ThermoMPNN,WIL_PLA,1.2857608795166016,277,G,C,WIL_PLA,A,278,278,GLY,GLY,True
5542,ThermoMPNN,WIL_PLA,1.839656472206116,277,G,D,WIL_PLA,A,278,278,GLY,GLY,True
5543,ThermoMPNN,WIL_PLA,2.0393946170806885,277,G,E,WIL_PLA,A,278,278,GLY,GLY,True
5544,ThermoMPNN,WIL_PLA,1.6359013319015503,277,G,F,WIL_PLA,A,278,278,GLY,GLY,True
5545,ThermoMPNN,WIL_PLA,0.0,277,G,G,WIL_PLA,A,278,278,GLY,GLY,True
5546,ThermoMPNN,WIL_PLA,1.7068439722061155,277,G,H,WIL_PLA,A,278,278,GLY,GLY,True
5547,ThermoMPNN,WIL_PLA,1.921792984008789,277,G,I,WIL_PLA,A,278,278,GLY,GLY,True
5548,ThermoMPNN,WIL_PLA,1.912532091140747,277,G,K,WIL_PLA,A,278,278,GLY,GLY,True
5549,ThermoMPNN,WIL_PLA,1.890269875526428,277,G,L,WIL_PLA,A,278,278,GLY,GLY,True
5550,ThermoMPNN,WIL_PLA,1.7302978038787842,277,G,M,WIL_PLA,A,278,278,GLY,GLY,True
5551,ThermoMPNN,WIL_PLA,1.7518408298492432,277,G,N,WIL_PLA,A,278,278,GLY,GLY,True
5552,ThermoMPNN,WIL_PLA,2.00276780128479,277,G,P,WIL_PLA,A,278,278,GLY,GLY,True
5553,ThermoMPNN,WIL_PLA,1.834452986717224,277,G,Q,WIL_PLA,A,278,278,GLY,GLY,True
5554,ThermoMPNN,WIL_PLA,1.8388314247131348,277,G,R,WIL_PLA,A,278,278,GLY,GLY,True
5555,ThermoMPNN,WIL_PLA,1.507765531539917,277,G,S,WIL_PLA,A,278,278,GLY,GLY,True
5556,ThermoMPNN,WIL_PLA,1.6928858757019043,277,G,T,WIL_PLA,A,278,278,GLY,GLY,True
5557,ThermoMPNN,WIL_PLA,1.8296579122543333,277,G,V,WIL_PLA,A,278,278,GLY,GLY,True
5558,ThermoMPNN,WIL_PLA,1.5524773597717283,277,G,W,WIL_PLA,A,278,278,GLY,GLY,True
5559,ThermoMPNN,WIL_PLA,1.6434112787246704,277,G,Y,WIL_PLA,A,278,278,GLY,GLY,True
5560,ThermoMPNN,WIL_PLA,0.4246397018432617,278,T,A,WIL_PLA,A,279,279,THR,THR,True
5561,ThermoMPNN,WIL_PLA,0.3977830410003662,278,T,C,WIL_PLA,A,279,279,THR,THR,True
5562,ThermoMPNN,WIL_PLA,1.4922150373458862,278,T,D,WIL_PLA,A,279,279,THR,THR,True
5563,ThermoMPNN,WIL_PLA,1.1202102899551392,278,T,E,WIL_PLA,A,279,279,THR,THR,True
5564,ThermoMPNN,WIL_PLA,1.0423554182052612,278,T,F,WIL_PLA,A,279,279,THR,THR,True
5565,ThermoMPNN,WIL_PLA,1.008903741836548,278,T,G,WIL_PLA,A,279,279,THR,THR,True
5566,ThermoMPNN,WIL_PLA,0.7267918586730957,278,T,H,WIL_PLA,A,279,279,THR,THR,True
5567,ThermoMPNN,WIL_PLA,1.20635724067688,278,T,I,WIL_PLA,A,279,279,THR,THR,True
5568,ThermoMPNN,WIL_PLA,0.6085458993911743,278,T,K,WIL_PLA,A,279,279,THR,THR,True
5569,ThermoMPNN,WIL_PLA,0.695797324180603,278,T,L,WIL_PLA,A,279,279,THR,THR,True
5570,ThermoMPNN,WIL_PLA,0.5547853708267212,278,T,M,WIL_PLA,A,279,279,THR,THR,True
5571,ThermoMPNN,WIL_PLA,0.8678402900695801,278,T,N,WIL_PLA,A,279,279,THR,THR,True
5572,ThermoMPNN,WIL_PLA,1.9049445390701292,278,T,P,WIL_PLA,A,279,279,THR,THR,True
5573,ThermoMPNN,WIL_PLA,0.5280285477638245,278,T,Q,WIL_PLA,A,279,279,THR,THR,True
5574,ThermoMPNN,WIL_PLA,0.6647093296051025,278,T,R,WIL_PLA,A,279,279,THR,THR,True
5575,ThermoMPNN,WIL_PLA,0.3347005844116211,278,T,S,WIL_PLA,A,279,279,THR,THR,True
5576,ThermoMPNN,WIL_PLA,0.0,278,T,T,WIL_PLA,A,279,279,THR,THR,True
5577,ThermoMPNN,WIL_PLA,0.8549841642379761,278,T,V,WIL_PLA,A,279,279,THR,THR,True
5578,ThermoMPNN,WIL_PLA,1.4711594581604004,278,T,W,WIL_PLA,A,279,279,THR,THR,True
5579,ThermoMPNN,WIL_PLA,1.2382439374923706,278,T,Y,WIL_PLA,A,279,279,THR,THR,True
5580,ThermoMPNN,WIL_PLA,-0.0602777600288391,279,L,A,WIL_PLA,A,280,280,LEU,LEU,True
5581,ThermoMPNN,WIL_PLA,-0.164430022239685,279,L,C,WIL_PLA,A,280,280,LEU,LEU,True
5582,ThermoMPNN,WIL_PLA,0.2452834546566009,279,L,D,WIL_PLA,A,280,280,LEU,LEU,True
5583,ThermoMPNN,WIL_PLA,0.1195046305656433,279,L,E,WIL_PLA,A,280,280,LEU,LEU,True
5584,ThermoMPNN,WIL_PLA,0.0284736156463623,279,L,F,WIL_PLA,A,280,280,LEU,LEU,True
5585,ThermoMPNN,WIL_PLA,0.2006813883781433,279,L,G,WIL_PLA,A,280,280,LEU,LEU,True
5586,ThermoMPNN,WIL_PLA,-0.0809789299964904,279,L,H,WIL_PLA,A,280,280,LEU,LEU,True
5587,ThermoMPNN,WIL_PLA,-0.1659189462661743,279,L,I,WIL_PLA,A,280,280,LEU,LEU,True
5588,ThermoMPNN,WIL_PLA,-0.1461462378501892,279,L,K,WIL_PLA,A,280,280,LEU,LEU,True
5589,ThermoMPNN,WIL_PLA,0.0,279,L,L,WIL_PLA,A,280,280,LEU,LEU,True
5590,ThermoMPNN,WIL_PLA,0.0502733588218688,279,L,M,WIL_PLA,A,280,280,LEU,LEU,True
5591,ThermoMPNN,WIL_PLA,0.0731352567672729,279,L,N,WIL_PLA,A,280,280,LEU,LEU,True
5592,ThermoMPNN,WIL_PLA,0.2042925357818603,279,L,P,WIL_PLA,A,280,280,LEU,LEU,True
5593,ThermoMPNN,WIL_PLA,-0.01756352186203,279,L,Q,WIL_PLA,A,280,280,LEU,LEU,True
5594,ThermoMPNN,WIL_PLA,-0.1879441142082214,279,L,R,WIL_PLA,A,280,280,LEU,LEU,True
5595,ThermoMPNN,WIL_PLA,-0.1911674737930297,279,L,S,WIL_PLA,A,280,280,LEU,LEU,True
5596,ThermoMPNN,WIL_PLA,-0.2659866213798523,279,L,T,WIL_PLA,A,280,280,LEU,LEU,True
5597,ThermoMPNN,WIL_PLA,-0.157244861125946,279,L,V,WIL_PLA,A,280,280,LEU,LEU,True
5598,ThermoMPNN,WIL_PLA,0.0464043617248535,279,L,W,WIL_PLA,A,280,280,LEU,LEU,True
5599,ThermoMPNN,WIL_PLA,-0.0329629182815551,279,L,Y,WIL_PLA,A,280,280,LEU,LEU,True
5600,ThermoMPNN,WIL_PLA,-0.0845826864242553,280,L,A,WIL_PLA,A,281,281,LEU,LEU,True
5601,ThermoMPNN,WIL_PLA,-0.1606522798538208,280,L,C,WIL_PLA,A,281,281,LEU,LEU,True
5602,ThermoMPNN,WIL_PLA,0.4371488094329834,280,L,D,WIL_PLA,A,281,281,LEU,LEU,True
5603,ThermoMPNN,WIL_PLA,0.2926206588745117,280,L,E,WIL_PLA,A,281,281,LEU,LEU,True
5604,ThermoMPNN,WIL_PLA,-0.0519709587097168,280,L,F,WIL_PLA,A,281,281,LEU,LEU,True
5605,ThermoMPNN,WIL_PLA,0.0694732069969177,280,L,G,WIL_PLA,A,281,281,LEU,LEU,True
5606,ThermoMPNN,WIL_PLA,-0.1259353756904602,280,L,H,WIL_PLA,A,281,281,LEU,LEU,True
5607,ThermoMPNN,WIL_PLA,0.233005404472351,280,L,I,WIL_PLA,A,281,281,LEU,LEU,True
5608,ThermoMPNN,WIL_PLA,-0.2062408924102783,280,L,K,WIL_PLA,A,281,281,LEU,LEU,True
5609,ThermoMPNN,WIL_PLA,0.0,280,L,L,WIL_PLA,A,281,281,LEU,LEU,True
5610,ThermoMPNN,WIL_PLA,0.0451436638832092,280,L,M,WIL_PLA,A,281,281,LEU,LEU,True
5611,ThermoMPNN,WIL_PLA,-0.0752235651016235,280,L,N,WIL_PLA,A,281,281,LEU,LEU,True
5612,ThermoMPNN,WIL_PLA,1.083700180053711,280,L,P,WIL_PLA,A,281,281,LEU,LEU,True
5613,ThermoMPNN,WIL_PLA,0.0237795710563659,280,L,Q,WIL_PLA,A,281,281,LEU,LEU,True
5614,ThermoMPNN,WIL_PLA,-0.2464649081230163,280,L,R,WIL_PLA,A,281,281,LEU,LEU,True
5615,ThermoMPNN,WIL_PLA,-0.1395055651664734,280,L,S,WIL_PLA,A,281,281,LEU,LEU,True
5616,ThermoMPNN,WIL_PLA,-0.2526198029518127,280,L,T,WIL_PLA,A,281,281,LEU,LEU,True
5617,ThermoMPNN,WIL_PLA,0.2068808674812317,280,L,V,WIL_PLA,A,281,281,LEU,LEU,True
5618,ThermoMPNN,WIL_PLA,-0.0269069671630859,280,L,W,WIL_PLA,A,281,281,LEU,LEU,True
5619,ThermoMPNN,WIL_PLA,-0.1512981653213501,280,L,Y,WIL_PLA,A,281,281,LEU,LEU,True
5620,ThermoMPNN,WIL_PLA,0.0182153582572937,281,D,A,WIL_PLA,A,282,282,ASP,ASP,True
5621,ThermoMPNN,WIL_PLA,-0.3881388306617737,281,D,C,WIL_PLA,A,282,282,ASP,ASP,True
5622,ThermoMPNN,WIL_PLA,0.0,281,D,D,WIL_PLA,A,282,282,ASP,ASP,True
5623,ThermoMPNN,WIL_PLA,0.0241334438323974,281,D,E,WIL_PLA,A,282,282,ASP,ASP,True
5624,ThermoMPNN,WIL_PLA,-0.2205914258956909,281,D,F,WIL_PLA,A,282,282,ASP,ASP,True
5625,ThermoMPNN,WIL_PLA,-0.0080063343048095,281,D,G,WIL_PLA,A,282,282,ASP,ASP,True
5626,ThermoMPNN,WIL_PLA,-0.1135285496711731,281,D,H,WIL_PLA,A,282,282,ASP,ASP,True
5627,ThermoMPNN,WIL_PLA,0.3407328724861145,281,D,I,WIL_PLA,A,282,282,ASP,ASP,True
5628,ThermoMPNN,WIL_PLA,0.3913447260856628,281,D,K,WIL_PLA,A,282,282,ASP,ASP,True
5629,ThermoMPNN,WIL_PLA,0.2343693375587463,281,D,L,WIL_PLA,A,282,282,ASP,ASP,True
5630,ThermoMPNN,WIL_PLA,0.0346130728721618,281,D,M,WIL_PLA,A,282,282,ASP,ASP,True
5631,ThermoMPNN,WIL_PLA,0.1733150482177734,281,D,N,WIL_PLA,A,282,282,ASP,ASP,True
5632,ThermoMPNN,WIL_PLA,1.4852428436279297,281,D,P,WIL_PLA,A,282,282,ASP,ASP,True
5633,ThermoMPNN,WIL_PLA,0.0206291079521179,281,D,Q,WIL_PLA,A,282,282,ASP,ASP,True
5634,ThermoMPNN,WIL_PLA,0.2923523485660553,281,D,R,WIL_PLA,A,282,282,ASP,ASP,True
5635,ThermoMPNN,WIL_PLA,-0.0216637849807739,281,D,S,WIL_PLA,A,282,282,ASP,ASP,True
5636,ThermoMPNN,WIL_PLA,0.035884141921997,281,D,T,WIL_PLA,A,282,282,ASP,ASP,True
5637,ThermoMPNN,WIL_PLA,0.2582712769508362,281,D,V,WIL_PLA,A,282,282,ASP,ASP,True
5638,ThermoMPNN,WIL_PLA,-0.3433869481086731,281,D,W,WIL_PLA,A,282,282,ASP,ASP,True
5639,ThermoMPNN,WIL_PLA,-0.275872528553009,281,D,Y,WIL_PLA,A,282,282,ASP,ASP,True
5640,ThermoMPNN,WIL_PLA,1.7122353315353394,282,S,A,WIL_PLA,A,283,283,SER,SER,True
5641,ThermoMPNN,WIL_PLA,1.453370213508606,282,S,C,WIL_PLA,A,283,283,SER,SER,True
5642,ThermoMPNN,WIL_PLA,2.5801141262054443,282,S,D,WIL_PLA,A,283,283,SER,SER,True
5643,ThermoMPNN,WIL_PLA,2.811939239501953,282,S,E,WIL_PLA,A,283,283,SER,SER,True
5644,ThermoMPNN,WIL_PLA,2.385589599609375,282,S,F,WIL_PLA,A,283,283,SER,SER,True
5645,ThermoMPNN,WIL_PLA,2.1192355155944824,282,S,G,WIL_PLA,A,283,283,SER,SER,True
5646,ThermoMPNN,WIL_PLA,2.1643383502960205,282,S,H,WIL_PLA,A,283,283,SER,SER,True
5647,ThermoMPNN,WIL_PLA,2.3226380348205566,282,S,I,WIL_PLA,A,283,283,SER,SER,True
5648,ThermoMPNN,WIL_PLA,2.0622313022613525,282,S,K,WIL_PLA,A,283,283,SER,SER,True
5649,ThermoMPNN,WIL_PLA,2.6161513328552246,282,S,L,WIL_PLA,A,283,283,SER,SER,True
5650,ThermoMPNN,WIL_PLA,2.051719903945923,282,S,M,WIL_PLA,A,283,283,SER,SER,True
5651,ThermoMPNN,WIL_PLA,1.6442912817001345,282,S,N,WIL_PLA,A,283,283,SER,SER,True
5652,ThermoMPNN,WIL_PLA,3.3556246757507324,282,S,P,WIL_PLA,A,283,283,SER,SER,True
5653,ThermoMPNN,WIL_PLA,2.171583652496338,282,S,Q,WIL_PLA,A,283,283,SER,SER,True
5654,ThermoMPNN,WIL_PLA,1.7484629154205322,282,S,R,WIL_PLA,A,283,283,SER,SER,True
5655,ThermoMPNN,WIL_PLA,0.0,282,S,S,WIL_PLA,A,283,283,SER,SER,True
5656,ThermoMPNN,WIL_PLA,0.7450666427612305,282,S,T,WIL_PLA,A,283,283,SER,SER,True
5657,ThermoMPNN,WIL_PLA,2.535393476486206,282,S,V,WIL_PLA,A,283,283,SER,SER,True
5658,ThermoMPNN,WIL_PLA,2.6365978717803955,282,S,W,WIL_PLA,A,283,283,SER,SER,True
5659,ThermoMPNN,WIL_PLA,2.7310380935668945,282,S,Y,WIL_PLA,A,283,283,SER,SER,True
5660,ThermoMPNN,WIL_PLA,0.311224102973938,283,T,A,WIL_PLA,A,284,284,THR,THR,True
5661,ThermoMPNN,WIL_PLA,-0.2105142474174499,283,T,C,WIL_PLA,A,284,284,THR,THR,True
5662,ThermoMPNN,WIL_PLA,0.3928540349006653,283,T,D,WIL_PLA,A,284,284,THR,THR,True
5663,ThermoMPNN,WIL_PLA,-0.1715585589408874,283,T,E,WIL_PLA,A,284,284,THR,THR,True
5664,ThermoMPNN,WIL_PLA,-0.280478835105896,283,T,F,WIL_PLA,A,284,284,THR,THR,True
5665,ThermoMPNN,WIL_PLA,0.7428978681564331,283,T,G,WIL_PLA,A,284,284,THR,THR,True
5666,ThermoMPNN,WIL_PLA,0.3162795901298523,283,T,H,WIL_PLA,A,284,284,THR,THR,True
5667,ThermoMPNN,WIL_PLA,-0.5873719453811646,283,T,I,WIL_PLA,A,284,284,THR,THR,True
5668,ThermoMPNN,WIL_PLA,0.730751633644104,283,T,K,WIL_PLA,A,284,284,THR,THR,True
5669,ThermoMPNN,WIL_PLA,-0.4567700624465942,283,T,L,WIL_PLA,A,284,284,THR,THR,True
5670,ThermoMPNN,WIL_PLA,-0.3047536611557007,283,T,M,WIL_PLA,A,284,284,THR,THR,True
5671,ThermoMPNN,WIL_PLA,0.6608151793479919,283,T,N,WIL_PLA,A,284,284,THR,THR,True
5672,ThermoMPNN,WIL_PLA,0.435429036617279,283,T,P,WIL_PLA,A,284,284,THR,THR,True
5673,ThermoMPNN,WIL_PLA,0.3776701390743255,283,T,Q,WIL_PLA,A,284,284,THR,THR,True
5674,ThermoMPNN,WIL_PLA,0.6492588520050049,283,T,R,WIL_PLA,A,284,284,THR,THR,True
5675,ThermoMPNN,WIL_PLA,0.29788339138031,283,T,S,WIL_PLA,A,284,284,THR,THR,True
5676,ThermoMPNN,WIL_PLA,0.0,283,T,T,WIL_PLA,A,284,284,THR,THR,True
5677,ThermoMPNN,WIL_PLA,-0.1596950888633728,283,T,V,WIL_PLA,A,284,284,THR,THR,True
5678,ThermoMPNN,WIL_PLA,-0.3931891918182373,283,T,W,WIL_PLA,A,284,284,THR,THR,True
5679,ThermoMPNN,WIL_PLA,-0.2549247741699219,283,T,Y,WIL_PLA,A,284,284,THR,THR,True
5680,ThermoMPNN,WIL_PLA,0.0099649429321289,284,T,A,WIL_PLA,A,285,285,THR,THR,True
5681,ThermoMPNN,WIL_PLA,-0.0396738052368164,284,T,C,WIL_PLA,A,285,285,THR,THR,True
5682,ThermoMPNN,WIL_PLA,0.0082041025161743,284,T,D,WIL_PLA,A,285,285,THR,THR,True
5683,ThermoMPNN,WIL_PLA,-0.2223440408706665,284,T,E,WIL_PLA,A,285,285,THR,THR,True
5684,ThermoMPNN,WIL_PLA,0.2336246371269226,284,T,F,WIL_PLA,A,285,285,THR,THR,True
5685,ThermoMPNN,WIL_PLA,0.7648594975471497,284,T,G,WIL_PLA,A,285,285,THR,THR,True
5686,ThermoMPNN,WIL_PLA,0.1505258083343505,284,T,H,WIL_PLA,A,285,285,THR,THR,True
5687,ThermoMPNN,WIL_PLA,0.0751502513885498,284,T,I,WIL_PLA,A,285,285,THR,THR,True
5688,ThermoMPNN,WIL_PLA,0.3321554064750671,284,T,K,WIL_PLA,A,285,285,THR,THR,True
5689,ThermoMPNN,WIL_PLA,0.0678340196609497,284,T,L,WIL_PLA,A,285,285,THR,THR,True
5690,ThermoMPNN,WIL_PLA,0.2369690537452697,284,T,M,WIL_PLA,A,285,285,THR,THR,True
5691,ThermoMPNN,WIL_PLA,0.2422364354133606,284,T,N,WIL_PLA,A,285,285,THR,THR,True
5692,ThermoMPNN,WIL_PLA,1.8385528326034544,284,T,P,WIL_PLA,A,285,285,THR,THR,True
5693,ThermoMPNN,WIL_PLA,0.1477612853050232,284,T,Q,WIL_PLA,A,285,285,THR,THR,True
5694,ThermoMPNN,WIL_PLA,0.2592028975486755,284,T,R,WIL_PLA,A,285,285,THR,THR,True
5695,ThermoMPNN,WIL_PLA,0.1769519448280334,284,T,S,WIL_PLA,A,285,285,THR,THR,True
5696,ThermoMPNN,WIL_PLA,0.0,284,T,T,WIL_PLA,A,285,285,THR,THR,True
5697,ThermoMPNN,WIL_PLA,0.0450741648674011,284,T,V,WIL_PLA,A,285,285,THR,THR,True
5698,ThermoMPNN,WIL_PLA,0.0638002157211303,284,T,W,WIL_PLA,A,285,285,THR,THR,True
5699,ThermoMPNN,WIL_PLA,0.0286638140678405,284,T,Y,WIL_PLA,A,285,285,THR,THR,True
5700,ThermoMPNN,WIL_PLA,0.0,285,A,A,WIL_PLA,A,286,286,ALA,ALA,True
5701,ThermoMPNN,WIL_PLA,0.4577605724334717,285,A,C,WIL_PLA,A,286,286,ALA,ALA,True
5702,ThermoMPNN,WIL_PLA,1.5605762004852295,285,A,D,WIL_PLA,A,286,286,ALA,ALA,True
5703,ThermoMPNN,WIL_PLA,1.5883054733276367,285,A,E,WIL_PLA,A,286,286,ALA,ALA,True
5704,ThermoMPNN,WIL_PLA,1.5262454748153689,285,A,F,WIL_PLA,A,286,286,ALA,ALA,True
5705,ThermoMPNN,WIL_PLA,1.169031858444214,285,A,G,WIL_PLA,A,286,286,ALA,ALA,True
5706,ThermoMPNN,WIL_PLA,1.0967090129852295,285,A,H,WIL_PLA,A,286,286,ALA,ALA,True
5707,ThermoMPNN,WIL_PLA,1.412029266357422,285,A,I,WIL_PLA,A,286,286,ALA,ALA,True
5708,ThermoMPNN,WIL_PLA,1.481452226638794,285,A,K,WIL_PLA,A,286,286,ALA,ALA,True
5709,ThermoMPNN,WIL_PLA,1.5939714908599854,285,A,L,WIL_PLA,A,286,286,ALA,ALA,True
5710,ThermoMPNN,WIL_PLA,1.258533954620361,285,A,M,WIL_PLA,A,286,286,ALA,ALA,True
5711,ThermoMPNN,WIL_PLA,1.251682996749878,285,A,N,WIL_PLA,A,286,286,ALA,ALA,True
5712,ThermoMPNN,WIL_PLA,1.6573081016540527,285,A,P,WIL_PLA,A,286,286,ALA,ALA,True
5713,ThermoMPNN,WIL_PLA,1.3702476024627686,285,A,Q,WIL_PLA,A,286,286,ALA,ALA,True
5714,ThermoMPNN,WIL_PLA,1.0456808805465698,285,A,R,WIL_PLA,A,286,286,ALA,ALA,True
5715,ThermoMPNN,WIL_PLA,-0.3032931089401245,285,A,S,WIL_PLA,A,286,286,ALA,ALA,True
5716,ThermoMPNN,WIL_PLA,-0.0422834157943725,285,A,T,WIL_PLA,A,286,286,ALA,ALA,True
5717,ThermoMPNN,WIL_PLA,0.9688988924026488,285,A,V,WIL_PLA,A,286,286,ALA,ALA,True
5718,ThermoMPNN,WIL_PLA,1.3836627006530762,285,A,W,WIL_PLA,A,286,286,ALA,ALA,True
5719,ThermoMPNN,WIL_PLA,1.26090407371521,285,A,Y,WIL_PLA,A,286,286,ALA,ALA,True
5720,ThermoMPNN,WIL_PLA,0.713272750377655,286,H,A,WIL_PLA,A,287,287,HIS,HIS,True
5721,ThermoMPNN,WIL_PLA,0.6602267026901245,286,H,C,WIL_PLA,A,287,287,HIS,HIS,True
5722,ThermoMPNN,WIL_PLA,1.88583505153656,286,H,D,WIL_PLA,A,287,287,HIS,HIS,True
5723,ThermoMPNN,WIL_PLA,1.9378914833068848,286,H,E,WIL_PLA,A,287,287,HIS,HIS,True
5724,ThermoMPNN,WIL_PLA,1.0037436485290527,286,H,F,WIL_PLA,A,287,287,HIS,HIS,True
5725,ThermoMPNN,WIL_PLA,1.4640523195266724,286,H,G,WIL_PLA,A,287,287,HIS,HIS,True
5726,ThermoMPNN,WIL_PLA,0.0,286,H,H,WIL_PLA,A,287,287,HIS,HIS,True
5727,ThermoMPNN,WIL_PLA,1.1051020622253418,286,H,I,WIL_PLA,A,287,287,HIS,HIS,True
5728,ThermoMPNN,WIL_PLA,1.7782385349273682,286,H,K,WIL_PLA,A,287,287,HIS,HIS,True
5729,ThermoMPNN,WIL_PLA,1.2029439210891724,286,H,L,WIL_PLA,A,287,287,HIS,HIS,True
5730,ThermoMPNN,WIL_PLA,0.8154991269111633,286,H,M,WIL_PLA,A,287,287,HIS,HIS,True
5731,ThermoMPNN,WIL_PLA,1.395113825798035,286,H,N,WIL_PLA,A,287,287,HIS,HIS,True
5732,ThermoMPNN,WIL_PLA,2.150076150894165,286,H,P,WIL_PLA,A,287,287,HIS,HIS,True
5733,ThermoMPNN,WIL_PLA,1.058804631233215,286,H,Q,WIL_PLA,A,287,287,HIS,HIS,True
5734,ThermoMPNN,WIL_PLA,1.411090850830078,286,H,R,WIL_PLA,A,287,287,HIS,HIS,True
5735,ThermoMPNN,WIL_PLA,0.9684592485427856,286,H,S,WIL_PLA,A,287,287,HIS,HIS,True
5736,ThermoMPNN,WIL_PLA,1.5548264980316162,286,H,T,WIL_PLA,A,287,287,HIS,HIS,True
5737,ThermoMPNN,WIL_PLA,1.2716350555419922,286,H,V,WIL_PLA,A,287,287,HIS,HIS,True
5738,ThermoMPNN,WIL_PLA,0.7277427911758423,286,H,W,WIL_PLA,A,287,287,HIS,HIS,True
5739,ThermoMPNN,WIL_PLA,0.2949057817459106,286,H,Y,WIL_PLA,A,287,287,HIS,HIS,True
5740,ThermoMPNN,WIL_PLA,0.4733780026435852,287,R,A,WIL_PLA,A,288,288,ARG,ARG,True
5741,ThermoMPNN,WIL_PLA,-0.1051187515258789,287,R,C,WIL_PLA,A,288,288,ARG,ARG,True
5742,ThermoMPNN,WIL_PLA,0.908703625202179,287,R,D,WIL_PLA,A,288,288,ARG,ARG,True
5743,ThermoMPNN,WIL_PLA,0.4802091717720032,287,R,E,WIL_PLA,A,288,288,ARG,ARG,True
5744,ThermoMPNN,WIL_PLA,0.036015510559082,287,R,F,WIL_PLA,A,288,288,ARG,ARG,True
5745,ThermoMPNN,WIL_PLA,0.940925121307373,287,R,G,WIL_PLA,A,288,288,ARG,ARG,True
5746,ThermoMPNN,WIL_PLA,0.2167245745658874,287,R,H,WIL_PLA,A,288,288,ARG,ARG,True
5747,ThermoMPNN,WIL_PLA,0.603647768497467,287,R,I,WIL_PLA,A,288,288,ARG,ARG,True
5748,ThermoMPNN,WIL_PLA,0.2261703014373779,287,R,K,WIL_PLA,A,288,288,ARG,ARG,True
5749,ThermoMPNN,WIL_PLA,-0.0579375028610229,287,R,L,WIL_PLA,A,288,288,ARG,ARG,True
5750,ThermoMPNN,WIL_PLA,0.1003749370574951,287,R,M,WIL_PLA,A,288,288,ARG,ARG,True
5751,ThermoMPNN,WIL_PLA,0.4846153259277344,287,R,N,WIL_PLA,A,288,288,ARG,ARG,True
5752,ThermoMPNN,WIL_PLA,2.3874223232269287,287,R,P,WIL_PLA,A,288,288,ARG,ARG,True
5753,ThermoMPNN,WIL_PLA,0.4029670357704162,287,R,Q,WIL_PLA,A,288,288,ARG,ARG,True
5754,ThermoMPNN,WIL_PLA,0.0,287,R,R,WIL_PLA,A,288,288,ARG,ARG,True
5755,ThermoMPNN,WIL_PLA,0.7722427248954773,287,R,S,WIL_PLA,A,288,288,ARG,ARG,True
5756,ThermoMPNN,WIL_PLA,0.6130396723747253,287,R,T,WIL_PLA,A,288,288,ARG,ARG,True
5757,ThermoMPNN,WIL_PLA,0.7065905332565308,287,R,V,WIL_PLA,A,288,288,ARG,ARG,True
5758,ThermoMPNN,WIL_PLA,0.1147890090942382,287,R,W,WIL_PLA,A,288,288,ARG,ARG,True
5759,ThermoMPNN,WIL_PLA,0.0050406455993652,287,R,Y,WIL_PLA,A,288,288,ARG,ARG,True
5760,ThermoMPNN,WIL_PLA,1.9122297763824463,288,W,A,WIL_PLA,A,289,289,TRP,TRP,True
5761,ThermoMPNN,WIL_PLA,1.0380183458328247,288,W,C,WIL_PLA,A,289,289,TRP,TRP,True
5762,ThermoMPNN,WIL_PLA,1.7095668315887451,288,W,D,WIL_PLA,A,289,289,TRP,TRP,True
5763,ThermoMPNN,WIL_PLA,2.092658758163452,288,W,E,WIL_PLA,A,289,289,TRP,TRP,True
5764,ThermoMPNN,WIL_PLA,0.7487695217132568,288,W,F,WIL_PLA,A,289,289,TRP,TRP,True
5765,ThermoMPNN,WIL_PLA,1.8001126050949097,288,W,G,WIL_PLA,A,289,289,TRP,TRP,True
5766,ThermoMPNN,WIL_PLA,1.332892656326294,288,W,H,WIL_PLA,A,289,289,TRP,TRP,True
5767,ThermoMPNN,WIL_PLA,1.72194504737854,288,W,I,WIL_PLA,A,289,289,TRP,TRP,True
5768,ThermoMPNN,WIL_PLA,1.571191430091858,288,W,K,WIL_PLA,A,289,289,TRP,TRP,True
5769,ThermoMPNN,WIL_PLA,1.5524113178253174,288,W,L,WIL_PLA,A,289,289,TRP,TRP,True
5770,ThermoMPNN,WIL_PLA,1.4610722064971924,288,W,M,WIL_PLA,A,289,289,TRP,TRP,True
5771,ThermoMPNN,WIL_PLA,1.3708233833312988,288,W,N,WIL_PLA,A,289,289,TRP,TRP,True
5772,ThermoMPNN,WIL_PLA,1.9335241317749023,288,W,P,WIL_PLA,A,289,289,TRP,TRP,True
5773,ThermoMPNN,WIL_PLA,1.7642080783843994,288,W,Q,WIL_PLA,A,289,289,TRP,TRP,True
5774,ThermoMPNN,WIL_PLA,1.3677053451538086,288,W,R,WIL_PLA,A,289,289,TRP,TRP,True
5775,ThermoMPNN,WIL_PLA,1.5611635446548462,288,W,S,WIL_PLA,A,289,289,TRP,TRP,True
5776,ThermoMPNN,WIL_PLA,1.476759672164917,288,W,T,WIL_PLA,A,289,289,TRP,TRP,True
5777,ThermoMPNN,WIL_PLA,1.609442949295044,288,W,V,WIL_PLA,A,289,289,TRP,TRP,True
5778,ThermoMPNN,WIL_PLA,0.0,288,W,W,WIL_PLA,A,289,289,TRP,TRP,True
5779,ThermoMPNN,WIL_PLA,0.7054224014282227,288,W,Y,WIL_PLA,A,289,289,TRP,TRP,True
5780,ThermoMPNN,WIL_PLA,1.6871575117111206,289,Y,A,WIL_PLA,A,290,290,TYR,TYR,True
5781,ThermoMPNN,WIL_PLA,1.0680503845214844,289,Y,C,WIL_PLA,A,290,290,TYR,TYR,True
5782,ThermoMPNN,WIL_PLA,2.467790126800537,289,Y,D,WIL_PLA,A,290,290,TYR,TYR,True
5783,ThermoMPNN,WIL_PLA,2.085904121398926,289,Y,E,WIL_PLA,A,290,290,TYR,TYR,True
5784,ThermoMPNN,WIL_PLA,0.3583418130874634,289,Y,F,WIL_PLA,A,290,290,TYR,TYR,True
5785,ThermoMPNN,WIL_PLA,1.3978826999664309,289,Y,G,WIL_PLA,A,290,290,TYR,TYR,True
5786,ThermoMPNN,WIL_PLA,1.128225564956665,289,Y,H,WIL_PLA,A,290,290,TYR,TYR,True
5787,ThermoMPNN,WIL_PLA,1.5210505723953247,289,Y,I,WIL_PLA,A,290,290,TYR,TYR,True
5788,ThermoMPNN,WIL_PLA,1.7882858514785769,289,Y,K,WIL_PLA,A,290,290,TYR,TYR,True
5789,ThermoMPNN,WIL_PLA,1.2188513278961182,289,Y,L,WIL_PLA,A,290,290,TYR,TYR,True
5790,ThermoMPNN,WIL_PLA,1.3495631217956543,289,Y,M,WIL_PLA,A,290,290,TYR,TYR,True
5791,ThermoMPNN,WIL_PLA,1.884785771369934,289,Y,N,WIL_PLA,A,290,290,TYR,TYR,True
5792,ThermoMPNN,WIL_PLA,2.250473022460937,289,Y,P,WIL_PLA,A,290,290,TYR,TYR,True
5793,ThermoMPNN,WIL_PLA,1.8074543476104736,289,Y,Q,WIL_PLA,A,290,290,TYR,TYR,True
5794,ThermoMPNN,WIL_PLA,1.6317144632339478,289,Y,R,WIL_PLA,A,290,290,TYR,TYR,True
5795,ThermoMPNN,WIL_PLA,1.9351742267608645,289,Y,S,WIL_PLA,A,290,290,TYR,TYR,True
5796,ThermoMPNN,WIL_PLA,1.851390600204468,289,Y,T,WIL_PLA,A,290,290,TYR,TYR,True
5797,ThermoMPNN,WIL_PLA,1.6319217681884766,289,Y,V,WIL_PLA,A,290,290,TYR,TYR,True
5798,ThermoMPNN,WIL_PLA,0.6968891620635986,289,Y,W,WIL_PLA,A,290,290,TYR,TYR,True
5799,ThermoMPNN,WIL_PLA,0.0,289,Y,Y,WIL_PLA,A,290,290,TYR,TYR,True
5800,ThermoMPNN,WIL_PLA,2.0718331336975098,290,T,A,WIL_PLA,A,291,291,THR,THR,True
5801,ThermoMPNN,WIL_PLA,1.1455402374267578,290,T,C,WIL_PLA,A,291,291,THR,THR,True
5802,ThermoMPNN,WIL_PLA,3.0438051223754883,290,T,D,WIL_PLA,A,291,291,THR,THR,True
5803,ThermoMPNN,WIL_PLA,3.0812206268310547,290,T,E,WIL_PLA,A,291,291,THR,THR,True
5804,ThermoMPNN,WIL_PLA,1.5510923862457275,290,T,F,WIL_PLA,A,291,291,THR,THR,True
5805,ThermoMPNN,WIL_PLA,2.477977991104126,290,T,G,WIL_PLA,A,291,291,THR,THR,True
5806,ThermoMPNN,WIL_PLA,1.9717586040496824,290,T,H,WIL_PLA,A,291,291,THR,THR,True
5807,ThermoMPNN,WIL_PLA,1.3687200546264648,290,T,I,WIL_PLA,A,291,291,THR,THR,True
5808,ThermoMPNN,WIL_PLA,2.304829359054565,290,T,K,WIL_PLA,A,291,291,THR,THR,True
5809,ThermoMPNN,WIL_PLA,1.3935744762420654,290,T,L,WIL_PLA,A,291,291,THR,THR,True
5810,ThermoMPNN,WIL_PLA,1.5973961353302002,290,T,M,WIL_PLA,A,291,291,THR,THR,True
5811,ThermoMPNN,WIL_PLA,1.8985199928283687,290,T,N,WIL_PLA,A,291,291,THR,THR,True
5812,ThermoMPNN,WIL_PLA,1.6866705417633057,290,T,P,WIL_PLA,A,291,291,THR,THR,True
5813,ThermoMPNN,WIL_PLA,2.610360145568848,290,T,Q,WIL_PLA,A,291,291,THR,THR,True
5814,ThermoMPNN,WIL_PLA,1.970782995223999,290,T,R,WIL_PLA,A,291,291,THR,THR,True
5815,ThermoMPNN,WIL_PLA,1.2867016792297363,290,T,S,WIL_PLA,A,291,291,THR,THR,True
5816,ThermoMPNN,WIL_PLA,0.0,290,T,T,WIL_PLA,A,291,291,THR,THR,True
5817,ThermoMPNN,WIL_PLA,1.236118197441101,290,T,V,WIL_PLA,A,291,291,THR,THR,True
5818,ThermoMPNN,WIL_PLA,1.960639834403992,290,T,W,WIL_PLA,A,291,291,THR,THR,True
5819,ThermoMPNN,WIL_PLA,1.6867218017578125,290,T,Y,WIL_PLA,A,291,291,THR,THR,True
5820,ThermoMPNN,WIL_PLA,0.7450500726699829,291,I,A,WIL_PLA,A,292,292,ILE,ILE,True
5821,ThermoMPNN,WIL_PLA,0.1028330326080322,291,I,C,WIL_PLA,A,292,292,ILE,ILE,True
5822,ThermoMPNN,WIL_PLA,2.181488037109375,291,I,D,WIL_PLA,A,292,292,ILE,ILE,True
5823,ThermoMPNN,WIL_PLA,1.6848880052566528,291,I,E,WIL_PLA,A,292,292,ILE,ILE,True
5824,ThermoMPNN,WIL_PLA,0.7919841408729553,291,I,F,WIL_PLA,A,292,292,ILE,ILE,True
5825,ThermoMPNN,WIL_PLA,1.2355990409851074,291,I,G,WIL_PLA,A,292,292,ILE,ILE,True
5826,ThermoMPNN,WIL_PLA,0.9854443073272704,291,I,H,WIL_PLA,A,292,292,ILE,ILE,True
5827,ThermoMPNN,WIL_PLA,0.0,291,I,I,WIL_PLA,A,292,292,ILE,ILE,True
5828,ThermoMPNN,WIL_PLA,0.9898476004600524,291,I,K,WIL_PLA,A,292,292,ILE,ILE,True
5829,ThermoMPNN,WIL_PLA,0.4718021154403686,291,I,L,WIL_PLA,A,292,292,ILE,ILE,True
5830,ThermoMPNN,WIL_PLA,0.7576943635940552,291,I,M,WIL_PLA,A,292,292,ILE,ILE,True
5831,ThermoMPNN,WIL_PLA,1.3018559217453003,291,I,N,WIL_PLA,A,292,292,ILE,ILE,True
5832,ThermoMPNN,WIL_PLA,2.0434043407440186,291,I,P,WIL_PLA,A,292,292,ILE,ILE,True
5833,ThermoMPNN,WIL_PLA,1.3555378913879397,291,I,Q,WIL_PLA,A,292,292,ILE,ILE,True
5834,ThermoMPNN,WIL_PLA,0.9147881865501404,291,I,R,WIL_PLA,A,292,292,ILE,ILE,True
5835,ThermoMPNN,WIL_PLA,0.99417245388031,291,I,S,WIL_PLA,A,292,292,ILE,ILE,True
5836,ThermoMPNN,WIL_PLA,0.5261684656143188,291,I,T,WIL_PLA,A,292,292,ILE,ILE,True
5837,ThermoMPNN,WIL_PLA,-0.1269171237945556,291,I,V,WIL_PLA,A,292,292,ILE,ILE,True
5838,ThermoMPNN,WIL_PLA,1.1388319730758667,291,I,W,WIL_PLA,A,292,292,ILE,ILE,True
5839,ThermoMPNN,WIL_PLA,0.7867279648780823,291,I,Y,WIL_PLA,A,292,292,ILE,ILE,True
5840,ThermoMPNN,WIL_PLA,1.288488268852234,292,Y,A,WIL_PLA,A,293,293,TYR,TYR,True
5841,ThermoMPNN,WIL_PLA,0.3138387203216553,292,Y,C,WIL_PLA,A,293,293,TYR,TYR,True
5842,ThermoMPNN,WIL_PLA,1.5933417081832886,292,Y,D,WIL_PLA,A,293,293,TYR,TYR,True
5843,ThermoMPNN,WIL_PLA,1.76918363571167,292,Y,E,WIL_PLA,A,293,293,TYR,TYR,True
5844,ThermoMPNN,WIL_PLA,0.1312236785888672,292,Y,F,WIL_PLA,A,293,293,TYR,TYR,True
5845,ThermoMPNN,WIL_PLA,1.8931769132614136,292,Y,G,WIL_PLA,A,293,293,TYR,TYR,True
5846,ThermoMPNN,WIL_PLA,0.2015829086303711,292,Y,H,WIL_PLA,A,293,293,TYR,TYR,True
5847,ThermoMPNN,WIL_PLA,1.1821951866149902,292,Y,I,WIL_PLA,A,293,293,TYR,TYR,True
5848,ThermoMPNN,WIL_PLA,0.3092565536499023,292,Y,K,WIL_PLA,A,293,293,TYR,TYR,True
5849,ThermoMPNN,WIL_PLA,0.504345178604126,292,Y,L,WIL_PLA,A,293,293,TYR,TYR,True
5850,ThermoMPNN,WIL_PLA,0.9843677282333374,292,Y,M,WIL_PLA,A,293,293,TYR,TYR,True
5851,ThermoMPNN,WIL_PLA,0.2723761796951294,292,Y,N,WIL_PLA,A,293,293,TYR,TYR,True
5852,ThermoMPNN,WIL_PLA,1.9041085243225095,292,Y,P,WIL_PLA,A,293,293,TYR,TYR,True
5853,ThermoMPNN,WIL_PLA,1.3361998796463013,292,Y,Q,WIL_PLA,A,293,293,TYR,TYR,True
5854,ThermoMPNN,WIL_PLA,-0.2493114471435547,292,Y,R,WIL_PLA,A,293,293,TYR,TYR,True
5855,ThermoMPNN,WIL_PLA,1.22267746925354,292,Y,S,WIL_PLA,A,293,293,TYR,TYR,True
5856,ThermoMPNN,WIL_PLA,1.3401206731796265,292,Y,T,WIL_PLA,A,293,293,TYR,TYR,True
5857,ThermoMPNN,WIL_PLA,1.1930330991744995,292,Y,V,WIL_PLA,A,293,293,TYR,TYR,True
5858,ThermoMPNN,WIL_PLA,0.3496530055999756,292,Y,W,WIL_PLA,A,293,293,TYR,TYR,True
5859,ThermoMPNN,WIL_PLA,0.0,292,Y,Y,WIL_PLA,A,293,293,TYR,TYR,True
5860,ThermoMPNN,WIL_PLA,1.7606061697006226,293,I,A,WIL_PLA,A,294,294,ILE,ILE,True
5861,ThermoMPNN,WIL_PLA,1.069416046142578,293,I,C,WIL_PLA,A,294,294,ILE,ILE,True
5862,ThermoMPNN,WIL_PLA,2.1403822898864746,293,I,D,WIL_PLA,A,294,294,ILE,ILE,True
5863,ThermoMPNN,WIL_PLA,2.1072397232055664,293,I,E,WIL_PLA,A,294,294,ILE,ILE,True
5864,ThermoMPNN,WIL_PLA,0.9625036716461182,293,I,F,WIL_PLA,A,294,294,ILE,ILE,True
5865,ThermoMPNN,WIL_PLA,1.86668598651886,293,I,G,WIL_PLA,A,294,294,ILE,ILE,True
5866,ThermoMPNN,WIL_PLA,1.7790908813476562,293,I,H,WIL_PLA,A,294,294,ILE,ILE,True
5867,ThermoMPNN,WIL_PLA,0.0,293,I,I,WIL_PLA,A,294,294,ILE,ILE,True
5868,ThermoMPNN,WIL_PLA,2.168229103088379,293,I,K,WIL_PLA,A,294,294,ILE,ILE,True
5869,ThermoMPNN,WIL_PLA,0.5128211975097656,293,I,L,WIL_PLA,A,294,294,ILE,ILE,True
5870,ThermoMPNN,WIL_PLA,1.006330490112305,293,I,M,WIL_PLA,A,294,294,ILE,ILE,True
5871,ThermoMPNN,WIL_PLA,1.8790286779403689,293,I,N,WIL_PLA,A,294,294,ILE,ILE,True
5872,ThermoMPNN,WIL_PLA,1.9515323638916016,293,I,P,WIL_PLA,A,294,294,ILE,ILE,True
5873,ThermoMPNN,WIL_PLA,2.180649995803833,293,I,Q,WIL_PLA,A,294,294,ILE,ILE,True
5874,ThermoMPNN,WIL_PLA,2.106198072433472,293,I,R,WIL_PLA,A,294,294,ILE,ILE,True
5875,ThermoMPNN,WIL_PLA,1.95896315574646,293,I,S,WIL_PLA,A,294,294,ILE,ILE,True
5876,ThermoMPNN,WIL_PLA,1.743996500968933,293,I,T,WIL_PLA,A,294,294,ILE,ILE,True
5877,ThermoMPNN,WIL_PLA,0.5406547784805298,293,I,V,WIL_PLA,A,294,294,ILE,ILE,True
5878,ThermoMPNN,WIL_PLA,1.3934983015060425,293,I,W,WIL_PLA,A,294,294,ILE,ILE,True
5879,ThermoMPNN,WIL_PLA,1.2849583625793457,293,I,Y,WIL_PLA,A,294,294,ILE,ILE,True
5880,ThermoMPNN,WIL_PLA,-0.0890885591506958,294,S,A,WIL_PLA,A,295,295,SER,SER,True
5881,ThermoMPNN,WIL_PLA,0.3484160900115967,294,S,C,WIL_PLA,A,295,295,SER,SER,True
5882,ThermoMPNN,WIL_PLA,0.4628350734710693,294,S,D,WIL_PLA,A,295,295,SER,SER,True
5883,ThermoMPNN,WIL_PLA,0.8978487253189087,294,S,E,WIL_PLA,A,295,295,SER,SER,True
5884,ThermoMPNN,WIL_PLA,0.7906463146209717,294,S,F,WIL_PLA,A,295,295,SER,SER,True
5885,ThermoMPNN,WIL_PLA,-0.1433159112930297,294,S,G,WIL_PLA,A,295,295,SER,SER,True
5886,ThermoMPNN,WIL_PLA,0.4058287143707275,294,S,H,WIL_PLA,A,295,295,SER,SER,True
5887,ThermoMPNN,WIL_PLA,1.122274398803711,294,S,I,WIL_PLA,A,295,295,SER,SER,True
5888,ThermoMPNN,WIL_PLA,0.9066215753555298,294,S,K,WIL_PLA,A,295,295,SER,SER,True
5889,ThermoMPNN,WIL_PLA,1.1799436807632446,294,S,L,WIL_PLA,A,295,295,SER,SER,True
5890,ThermoMPNN,WIL_PLA,0.6007776260375977,294,S,M,WIL_PLA,A,295,295,SER,SER,True
5891,ThermoMPNN,WIL_PLA,0.4819530844688415,294,S,N,WIL_PLA,A,295,295,SER,SER,True
5892,ThermoMPNN,WIL_PLA,0.6083699464797974,294,S,P,WIL_PLA,A,295,295,SER,SER,True
5893,ThermoMPNN,WIL_PLA,0.6446373462677002,294,S,Q,WIL_PLA,A,295,295,SER,SER,True
5894,ThermoMPNN,WIL_PLA,0.7650659084320068,294,S,R,WIL_PLA,A,295,295,SER,SER,True
5895,ThermoMPNN,WIL_PLA,0.0,294,S,S,WIL_PLA,A,295,295,SER,SER,True
5896,ThermoMPNN,WIL_PLA,0.6919074058532715,294,S,T,WIL_PLA,A,295,295,SER,SER,True
5897,ThermoMPNN,WIL_PLA,1.330277681350708,294,S,V,WIL_PLA,A,295,295,SER,SER,True
5898,ThermoMPNN,WIL_PLA,0.5547464489936829,294,S,W,WIL_PLA,A,295,295,SER,SER,True
5899,ThermoMPNN,WIL_PLA,0.575302243232727,294,S,Y,WIL_PLA,A,295,295,SER,SER,True
5900,ThermoMPNN,WIL_PLA,-0.757148027420044,295,E,A,WIL_PLA,A,296,296,GLU,GLU,True
5901,ThermoMPNN,WIL_PLA,-0.1256633996963501,295,E,C,WIL_PLA,A,296,296,GLU,GLU,True
5902,ThermoMPNN,WIL_PLA,0.838934063911438,295,E,D,WIL_PLA,A,296,296,GLU,GLU,True
5903,ThermoMPNN,WIL_PLA,0.0,295,E,E,WIL_PLA,A,296,296,GLU,GLU,True
5904,ThermoMPNN,WIL_PLA,0.7450957298278809,295,E,F,WIL_PLA,A,296,296,GLU,GLU,True
5905,ThermoMPNN,WIL_PLA,0.328885018825531,295,E,G,WIL_PLA,A,296,296,GLU,GLU,True
5906,ThermoMPNN,WIL_PLA,0.7410414218902588,295,E,H,WIL_PLA,A,296,296,GLU,GLU,True
5907,ThermoMPNN,WIL_PLA,0.4771342873573303,295,E,I,WIL_PLA,A,296,296,GLU,GLU,True
5908,ThermoMPNN,WIL_PLA,0.5385977625846863,295,E,K,WIL_PLA,A,296,296,GLU,GLU,True
5909,ThermoMPNN,WIL_PLA,0.5498202443122864,295,E,L,WIL_PLA,A,296,296,GLU,GLU,True
5910,ThermoMPNN,WIL_PLA,0.2613268494606018,295,E,M,WIL_PLA,A,296,296,GLU,GLU,True
5911,ThermoMPNN,WIL_PLA,0.8984411954879761,295,E,N,WIL_PLA,A,296,296,GLU,GLU,True
5912,ThermoMPNN,WIL_PLA,1.357223391532898,295,E,P,WIL_PLA,A,296,296,GLU,GLU,True
5913,ThermoMPNN,WIL_PLA,0.2256972789764404,295,E,Q,WIL_PLA,A,296,296,GLU,GLU,True
5914,ThermoMPNN,WIL_PLA,0.5664316415786743,295,E,R,WIL_PLA,A,296,296,GLU,GLU,True
5915,ThermoMPNN,WIL_PLA,-0.2261707782745361,295,E,S,WIL_PLA,A,296,296,GLU,GLU,True
5916,ThermoMPNN,WIL_PLA,0.2239789366722107,295,E,T,WIL_PLA,A,296,296,GLU,GLU,True
5917,ThermoMPNN,WIL_PLA,0.3843663930892944,295,E,V,WIL_PLA,A,296,296,GLU,GLU,True
5918,ThermoMPNN,WIL_PLA,0.8164600133895874,295,E,W,WIL_PLA,A,296,296,GLU,GLU,True
5919,ThermoMPNN,WIL_PLA,0.8974352478981018,295,E,Y,WIL_PLA,A,296,296,GLU,GLU,True
5920,ThermoMPNN,WIL_PLA,-0.0423218011856079,296,C,A,WIL_PLA,A,297,297,CYS,CYS,True
5921,ThermoMPNN,WIL_PLA,0.0,296,C,C,WIL_PLA,A,297,297,CYS,CYS,True
5922,ThermoMPNN,WIL_PLA,1.233048677444458,296,C,D,WIL_PLA,A,297,297,CYS,CYS,True
5923,ThermoMPNN,WIL_PLA,0.6100847125053406,296,C,E,WIL_PLA,A,297,297,CYS,CYS,True
5924,ThermoMPNN,WIL_PLA,0.8095777630805969,296,C,F,WIL_PLA,A,297,297,CYS,CYS,True
5925,ThermoMPNN,WIL_PLA,1.0059322118759155,296,C,G,WIL_PLA,A,297,297,CYS,CYS,True
5926,ThermoMPNN,WIL_PLA,0.3981807827949524,296,C,H,WIL_PLA,A,297,297,CYS,CYS,True
5927,ThermoMPNN,WIL_PLA,1.0346591472625732,296,C,I,WIL_PLA,A,297,297,CYS,CYS,True
5928,ThermoMPNN,WIL_PLA,0.9033120274543762,296,C,K,WIL_PLA,A,297,297,CYS,CYS,True
5929,ThermoMPNN,WIL_PLA,0.5831114649772644,296,C,L,WIL_PLA,A,297,297,CYS,CYS,True
5930,ThermoMPNN,WIL_PLA,0.4036005735397339,296,C,M,WIL_PLA,A,297,297,CYS,CYS,True
5931,ThermoMPNN,WIL_PLA,0.7065622806549072,296,C,N,WIL_PLA,A,297,297,CYS,CYS,True
5932,ThermoMPNN,WIL_PLA,0.6439666152000427,296,C,P,WIL_PLA,A,297,297,CYS,CYS,True
5933,ThermoMPNN,WIL_PLA,0.5320602655410767,296,C,Q,WIL_PLA,A,297,297,CYS,CYS,True
5934,ThermoMPNN,WIL_PLA,0.9989436268806458,296,C,R,WIL_PLA,A,297,297,CYS,CYS,True
5935,ThermoMPNN,WIL_PLA,0.234140396118164,296,C,S,WIL_PLA,A,297,297,CYS,CYS,True
5936,ThermoMPNN,WIL_PLA,0.8880701065063477,296,C,T,WIL_PLA,A,297,297,CYS,CYS,True
5937,ThermoMPNN,WIL_PLA,0.8060977458953857,296,C,V,WIL_PLA,A,297,297,CYS,CYS,True
5938,ThermoMPNN,WIL_PLA,0.8484224677085876,296,C,W,WIL_PLA,A,297,297,CYS,CYS,True
5939,ThermoMPNN,WIL_PLA,0.7951117753982544,296,C,Y,WIL_PLA,A,297,297,CYS,CYS,True
5940,ThermoMPNN,WIL_PLA,-0.1234307289123535,297,S,A,WIL_PLA,A,298,298,SER,SER,True
5941,ThermoMPNN,WIL_PLA,-0.1086540222167968,297,S,C,WIL_PLA,A,298,298,SER,SER,True
5942,ThermoMPNN,WIL_PLA,0.4322029948234558,297,S,D,WIL_PLA,A,298,298,SER,SER,True
5943,ThermoMPNN,WIL_PLA,0.4097274541854858,297,S,E,WIL_PLA,A,298,298,SER,SER,True
5944,ThermoMPNN,WIL_PLA,0.707935094833374,297,S,F,WIL_PLA,A,298,298,SER,SER,True
5945,ThermoMPNN,WIL_PLA,0.346418559551239,297,S,G,WIL_PLA,A,298,298,SER,SER,True
5946,ThermoMPNN,WIL_PLA,0.3504036068916321,297,S,H,WIL_PLA,A,298,298,SER,SER,True
5947,ThermoMPNN,WIL_PLA,0.5442280769348145,297,S,I,WIL_PLA,A,298,298,SER,SER,True
5948,ThermoMPNN,WIL_PLA,0.7410494089126587,297,S,K,WIL_PLA,A,298,298,SER,SER,True
5949,ThermoMPNN,WIL_PLA,0.3284890651702881,297,S,L,WIL_PLA,A,298,298,SER,SER,True
5950,ThermoMPNN,WIL_PLA,0.3224679231643677,297,S,M,WIL_PLA,A,298,298,SER,SER,True
5951,ThermoMPNN,WIL_PLA,0.1835905909538269,297,S,N,WIL_PLA,A,298,298,SER,SER,True
5952,ThermoMPNN,WIL_PLA,1.3563848733901978,297,S,P,WIL_PLA,A,298,298,SER,SER,True
5953,ThermoMPNN,WIL_PLA,0.6061253547668457,297,S,Q,WIL_PLA,A,298,298,SER,SER,True
5954,ThermoMPNN,WIL_PLA,0.5890485048294067,297,S,R,WIL_PLA,A,298,298,SER,SER,True
5955,ThermoMPNN,WIL_PLA,0.0,297,S,S,WIL_PLA,A,298,298,SER,SER,True
5956,ThermoMPNN,WIL_PLA,0.0603415369987487,297,S,T,WIL_PLA,A,298,298,SER,SER,True
5957,ThermoMPNN,WIL_PLA,0.4084129333496094,297,S,V,WIL_PLA,A,298,298,SER,SER,True
5958,ThermoMPNN,WIL_PLA,0.6075574159622192,297,S,W,WIL_PLA,A,298,298,SER,SER,True
5959,ThermoMPNN,WIL_PLA,0.4947081208229065,297,S,Y,WIL_PLA,A,298,298,SER,SER,True
