position,WT,Mut,ThermoMPNN_ddG,ThermoMPNN_norm
1,M,A,-0.0327449440956115,0.6879289893668208
1,M,C,-0.214785099029541,0.7163521738886038
1,M,D,-0.0022823810577392,0.683172659366189
1,M,E,0.0554916858673095,0.6741519959560721
1,M,F,-0.005874216556549,0.6837334774076349
1,M,G,0.0623127222061157,0.6730869805227572
1,M,H,0.0130884647369384,0.6807727032332327
1,M,I,-0.0387750267982482,0.6888705077554469
1,M,K,0.1705576181411743,0.6561859585926229
1,M,L,-0.0688351988792419,0.6935640096815727
1,M,N,0.0687503218650817,0.672081833701988
1,M,P,0.0323891639709472,0.677759151987208
1,M,Q,0.0839834809303283,0.6697033755474214
1,M,R,0.146073579788208,0.6600088203134193
1,M,S,0.0662132501602172,0.6724779641998913
1,M,T,0.038150668144226,0.6768595686161679
1,M,V,-0.0391062498092651,0.6889222238878762
1,M,W,-0.0554115772247314,0.6914680870793577
1,M,Y,0.0742688179016113,0.6712201928668331
2,F,A,0.0788716673851013,0.6705015182412115
2,F,C,-0.2080554962158203,0.7153014346019771
2,F,D,0.0025587081909179,0.6824167867234144
2,F,E,0.0878089070320129,0.6691060853945863
2,F,G,0.2074088454246521,0.6504321223947103
2,F,H,0.0519947409629821,0.6746979980747491
2,F,I,0.1600947976112365,0.6578195909011026
2,F,K,0.2060302495956421,0.6506473720666475
2,F,L,-0.0312996506690979,0.6877033257391182
2,F,M,0.0818851590156555,0.6700310010154864
2,F,N,0.0803804993629455,0.6702659339014037
2,F,P,0.0466184020042419,0.675537442945203
2,F,Q,0.1927616000175476,0.652719097810069
2,F,R,0.1516704559326172,0.6591349414516053
2,F,S,0.1597741246223449,0.657869659785837
2,F,T,0.1963669061660766,0.6521561765032048
2,F,V,0.1974080801010131,0.6519936108380486
2,F,W,-0.1604488492012024,0.7078682805648858
2,F,Y,0.0728158950805664,0.671447047724507
3,L,A,0.0925565361976623,0.668364805318961
3,L,C,-0.0510010719299316,0.6907794444780926
3,L,D,0.1118999719619751,0.6653445813237998
3,L,E,0.1049111485481262,0.6664357945100008
3,L,F,0.0224890708923339,0.6793049217788146
3,L,G,0.2506501674652099,0.6436805566438972
3,L,H,0.1051799058914184,0.6663938315729623
3,L,I,-0.0222409963607788,0.6862889355842766
3,L,K,0.046009361743927,0.6756325366002617
3,L,M,0.0571929812431335,0.6738863609789395
3,L,N,0.1514229774475097,0.6591735819738018
3,L,P,0.3317846059799194,0.6310124773522056
3,L,Q,0.0767017006874084,0.6708403301032264
3,L,R,0.0562928318977355,0.6740269075025935
3,L,S,0.0623201131820678,0.6730858265187224
3,L,T,-0.0098814368247985,0.6843591523371318
3,L,V,0.0309021472930908,0.6779913301538165
3,L,W,-5.286931991577149e-05,0.6828245503265069
3,L,Y,0.0798132419586181,0.6703545037110723
4,R,A,0.1132564544677734,0.6651327843574828
4,R,C,-0.0446717739105224,0.6897912075390266
4,R,D,0.4639889299869537,0.6103705047215331
4,R,E,0.3565875291824341,0.6271398259411992
4,R,F,0.058508813381195,0.6736809110348138
4,R,G,0.3698931932449341,0.6250623208711197
4,R,H,0.1478130221366882,0.6597372291864299
4,R,I,0.0242033004760742,0.6790372672946211
4,R,K,0.0264526009559631,0.6786860685022007
4,R,L,0.0429255962371826,0.6761140261708014
4,R,M,0.1091632843017578,0.665771879237126
4,R,N,0.290174663066864,0.6375093246317955
4,R,P,0.276074469089508,0.6397108851356128
4,R,Q,0.2493444681167602,0.6438844244857173
4,R,S,0.2155707478523254,0.649157748293926
4,R,T,0.1364731788635254,0.6615077971027129
4,R,V,0.0546216964721679,0.6742878333987455
4,R,W,0.133013904094696,0.6620479175234062
4,R,Y,0.1005053520202636,0.6671237018990179
5,R,A,0.0037495493888854,0.6822308524765541
5,R,C,-0.2782583832740783,0.7262626953938227
5,R,D,0.2803519070148468,0.6390430192602157
5,R,E,0.2012996673583984,0.6513859904878054
5,R,F,-0.1366226077079773,0.7041481252031838
5,R,G,0.3485884070396423,0.6283887840337661
5,R,H,0.0387890934944152,0.6767598868644226
5,R,I,-0.3726897835731506,0.7410069210089079
5,R,K,-0.0024671554565429,0.6832015094670583
5,R,L,-0.2182472944259643,0.7168927503270206
5,R,M,-0.0956962704658508,0.697758013990326
5,R,N,0.2044084072113037,0.6509006015004063
5,R,P,0.1822052001953125,0.6543673412986664
5,R,Q,0.1548448204994201,0.6586393060251556
5,R,S,0.0951589941978454,0.6679584656079437
5,R,T,-0.0353118777275085,0.6883297824132838
5,R,V,-0.2900256514549255,0.7281000001079553
5,R,W,-0.073058545589447,0.6942234299226024
5,R,Y,-0.0874258279800415,0.6964666927819021
6,E,A,0.1337102055549621,0.6619391991755498
6,E,C,-0.0993878245353698,0.6983344017797571
6,E,D,0.1804930567741394,0.6546346700559146
6,E,F,0.0792653560638427,0.6704400489133917
6,E,G,0.4556536376476288,0.6116719513847138
6,E,H,0.1911195516586303,0.6529754821419551
6,E,I,0.0127403140068054,0.680827062407161
6,E,K,0.2256826162338256,0.6475789125641297
6,E,L,0.1040055155754089,0.6665771972301968
6,E,M,0.147792637348175,0.6597404120040096
6,E,N,0.30283123254776,0.6355331671741244
6,E,P,0.5766737461090088,0.5927762474402051
6,E,Q,0.1898220777511596,0.6531780656889623
6,E,R,0.2039471864700317,0.6509726150747697
6,E,S,0.1386845707893371,0.6611625172342127
6,E,T,0.0846055746078491,0.6696062437723336
6,E,V,0.0425161719322204,0.6761779524104372
6,E,W,0.07243013381958,0.6715072792899347
6,E,Y,0.1688833832740783,0.6564473684259509
7,F,A,0.3710308670997619,0.6248846880081225
7,F,C,0.0183777809143066,0.6799468458296398
7,F,D,0.3504159450531006,0.6281034379232008
7,F,E,0.2254579663276672,0.6476139887028962
7,F,G,0.5518192052841187,0.5966569582664865
7,F,H,0.2981631159782409,0.6362620323998918
7,F,I,0.290069580078125,0.6375257319633544
7,F,K,0.466017484664917,0.6100537724931673
7,F,L,0.2922510504722595,0.6371851239498982
7,F,M,0.2931209206581116,0.6370493051201931
7,F,N,0.3863704800605774,0.6224896084728615
7,F,P,0.5586792826652527,0.5955858470860524
7,F,Q,0.4588081836700439,0.6111794103642443
7,F,R,0.3722239732742309,0.6246984001148644
7,F,S,0.354259192943573,0.6275033651316043
7,F,T,0.2656798958778381,0.6413338615197393
7,F,V,0.3151635527610779,0.6336076369902369
7,F,W,-0.0263755321502685,0.6869344891639207
7,F,Y,0.1613876223564148,0.6576177332598593
8,G,A,-0.2398027777671814,0.7202583565620077
8,G,C,-0.4266276955604553,0.7494286190990423
8,G,D,0.05713552236557,0.6738953324296614
8,G,E,-0.0937474966049194,0.6974537384909968
8,G,F,-0.363141119480133,0.7395160222478577
8,G,H,-0.2287966609001159,0.7185398956504881
8,G,I,-0.6284671425819397,0.7809432036067764
8,G,K,-0.2337994575500488,0.7193210167847653
8,G,L,-0.3390589952468872,0.735755914149694
8,G,M,-0.265005886554718,0.7241934917076063
8,G,N,-0.0711662173271179,0.6939279676637646
8,G,P,-0.0462751984596252,0.6900415612691826
8,G,Q,-0.1366097927093505,0.7041461243090913
8,G,R,-0.2605023384094238,0.7234903216845809
8,G,S,-0.2143343091011047,0.7162817889489671
8,G,T,-0.4001857042312622,0.7453000486803574
8,G,V,-0.5915421843528748,0.7751778552879686
8,G,W,-0.2697900533676147,0.7249404766580163
8,G,Y,-0.2909784317016601,0.7282487642571149
9,A,C,-0.1363917589187622,0.7041120811900656
9,A,D,0.2343688607215881,0.6462226693222658
9,A,E,0.1238613724708557,0.6634769653907863
9,A,F,0.0751134157180786,0.6710883199864082
9,A,G,0.252821147441864,0.6433415865716517
9,A,H,0.1765561699867248,0.6552493633341128
9,A,I,0.0181538462638854,0.6799818102905966
9,A,K,0.112366497516632,0.665271739472347
9,A,L,0.0434091687202453,0.6760385226648813
9,A,M,0.0358697175979614,0.6772157091516727
9,A,N,0.202141523361206,0.6512545457056513
9,A,P,0.2573210000991821,0.6426389935506438
9,A,Q,0.1527435183525085,0.6589673968174282
9,A,R,0.088616669178009,0.6689799639213668
9,A,S,0.1286141872406005,0.6627348756510398
9,A,T,0.1053381562232971,0.6663691228575404
9,A,V,-0.0343214869499206,0.6881751458726246
9,A,W,0.1758580207824707,0.6553583701829778
9,A,Y,0.2490409612655639,0.6439318131030161
10,V,A,0.0657077431678772,0.672556892491979
10,V,C,-0.1109541654586792,0.7001403343358155
10,V,D,0.1948601603507995,0.6523914351160673
10,V,E,0.1327588558197021,0.6620877399690899
10,V,F,-0.002372920513153,0.6831867959156149
10,V,G,0.2725551128387451,0.6402603864923307
10,V,H,0.1582180261611938,0.658112624167577
10,V,I,-0.0304139852523803,0.6875650406911129
10,V,K,0.0991309285163879,0.6673383001170645
10,V,L,-0.0345054864883422,0.6882038749891999
10,V,M,0.0126315951347351,0.680844037434253
10,V,N,0.2203500270843505,0.6484115264752165
10,V,P,0.285857617855072,0.6381833746659112
10,V,Q,0.1708143949508667,0.6561458662588988
10,V,R,0.0711755156517028,0.6717031714748369
10,V,S,0.1787477731704712,0.6549071732183509
10,V,T,0.113526165485382,0.6650906725166978
10,V,W,0.0361157655715942,0.6771772919850958
10,V,Y,0.0953968167304992,0.6679213327361797
11,A,C,-0.1489167809486389,0.7060676992372146
11,A,D,0.3296178579330444,0.6313507866640763
11,A,E,0.2214817404747009,0.6482348242606343
11,A,F,0.0078508853912353,0.6815904826085822
11,A,G,0.3409560620784759,0.6295804746761074
11,A,H,0.1957340836524963,0.65225498344544
11,A,I,-0.0846775770187377,0.6960375894106505
11,A,K,0.0275438427925109,0.6785156853903573
11,A,L,-0.0251228809356689,0.6867389040929955
11,A,M,0.0169231295585632,0.6801739705753541
11,A,N,0.218798816204071,0.648653727725256
11,A,P,0.1648669242858886,0.6570744858604912
11,A,Q,0.2000706195831298,0.6515778901910068
11,A,R,0.0121655464172363,0.6809168048338325
11,A,S,0.1325743794441223,0.6621165435375383
11,A,T,0.0839192271232605,0.6697134079373366
11,A,V,-0.1302940845489502,0.7031600092484117
11,A,W,0.070565640926361,0.6717983954206738
11,A,Y,0.1212174892425537,0.6638897731082887
12,A,C,-0.1749917268753051,0.7101389603264954
12,A,D,0.2809733152389526,0.6389459945096956
12,A,E,0.1347660422325134,0.6617743441152923
12,A,F,-0.0059227347373962,0.6837410528857342
12,A,G,0.2755801081657409,0.6397880731151644
12,A,H,0.0858530402183532,0.6694114683655294
12,A,I,-0.0213137865066528,0.6861441639168178
12,A,K,-0.1036052107810974,0.6989928913723717
12,A,L,-0.0367542505264282,0.6885549900232629
12,A,M,0.0151216983795166,0.680455240445861
12,A,N,0.1174262762069702,0.664481721339221
12,A,P,0.1811625957489013,0.6545301303194422
12,A,Q,0.0922391414642334,0.6684143623470671
12,A,R,-0.0929957032203674,0.6973363558063955
12,A,S,0.0583995580673217,0.6736979698202632
12,A,T,0.0057370662689208,0.6819205277625265
12,A,V,-0.0633734464645385,0.6927112286193299
12,A,W,0.0817046761512756,0.6700591810494968
12,A,Y,0.096459150314331,0.6677554632691498
13,L,A,0.2370351552963256,0.6458063623667224
13,L,C,-0.0939452052116394,0.697484608098927
13,L,D,0.3444856405258178,0.6290293772573576
13,L,E,0.2651789784431457,0.6414120732125475
13,L,F,-0.1607115268707275,0.7079092942405408
13,L,G,0.5018060803413391,0.6044658522947054
13,L,H,0.1428694725036621,0.6605090996754606
13,L,I,-0.1379872560501098,0.7043611971578295
13,L,K,0.2609870433807373,0.6420665889364293
13,L,M,0.1061718463897705,0.6662389530637152
13,L,N,0.3106576800346374,0.6343111699661442
13,L,P,0.5199523568153381,0.6016325490337245
13,L,Q,0.3053534030914306,0.6351393632972591
13,L,R,0.230031669139862,0.6468998649480246
13,L,S,0.2965697646141052,0.6365108133342263
13,L,T,0.1712878942489624,0.6560719355488003
13,L,V,-0.0373573899269104,0.6886491623363906
13,L,W,-0.1094430685043335,0.6999043963496098
13,L,Y,-0.0734033584594726,0.6942772679334182
14,S,A,0.0417937636375427,0.6762907469983518
14,S,C,-0.1729262471199035,0.7098164627311978
14,S,D,0.2837492823600769,0.6385125636233137
14,S,E,0.14314866065979,0.6604655081036956
14,S,F,-0.0549343228340148,0.6913935700607576
14,S,G,0.2030760049819946,0.6511086386471261
14,S,H,-9.435415267944336e-05,0.6828310276394762
14,S,I,-0.1343035697937011,0.7037860378243064
14,S,K,-0.1038202047348022,0.6990264598607058
14,S,L,-0.023741066455841,0.6865231518709142
14,S,M,0.0079429745674133,0.6815761040905683
14,S,N,0.0804981589317321,0.6702475629016889
14,S,P,0.1339353322982788,0.66190404858491
14,S,Q,0.0922158360481262,0.6684180011823703
14,S,R,-0.1060971021652221,0.6993819675552883
14,S,T,-0.0931432247161865,0.6973593893546702
14,S,V,-0.0792413353919982,0.6951887915236244
14,S,W,0.0822291374206543,0.6699772932954488
14,S,Y,0.0287321209907531,0.6783301513223156
15,V,A,0.1337549686431884,0.6619322100059521
15,V,C,-0.1378482580184936,0.7043394944367886
15,V,D,0.2514081001281738,0.6435622153914283
15,V,E,0.2769900560379028,0.6395679282325636
15,V,F,-0.0455146431922912,0.6899228105314111
15,V,G,0.2756757140159607,0.6397731455145855
15,V,H,0.1503127217292785,0.6593469338540895
15,V,I,0.0002172589302062,0.6827823733403329
15,V,K,0.2254066467285156,0.6476220015857506
15,V,L,-0.0204165577888488,0.6860040734108872
15,V,M,0.0746919512748718,0.6711541261358425
15,V,N,0.254941463470459,0.6430105270109349
15,V,P,0.167726993560791,0.6566279235249717
15,V,Q,0.2881256937980652,0.6378292443309832
15,V,R,0.1737163066864013,0.655692770771505
15,V,S,0.2759708762168884,0.6397270598050679
15,V,T,0.188667893409729,0.6533582764480694
15,V,W,0.0078180432319641,0.6815956104813496
15,V,Y,0.0762160420417785,0.6709161593360918
16,L,A,0.007740318775177,0.6816077461366831
16,L,C,-0.169586181640625,0.7092949552788073
16,L,D,0.0845422744750976,0.6696161272585023
16,L,E,0.1257017254829406,0.6631896183861284
16,L,F,-0.0699020624160766,0.6937305864413982
16,L,G,0.1131711602210998,0.6651461019363034
16,L,H,-0.0007261633872985,0.6829296763714808
16,L,I,0.0136049389839172,0.680692062548061
16,L,K,0.0799313783645629,0.6703360582594843
16,L,M,0.0815951228141784,0.6700762863673669
16,L,N,0.0724067091941833,0.6715109367382062
16,L,P,0.0439545512199401,0.6759533683348962
16,L,Q,0.1415472030639648,0.6607155547198748
16,L,R,0.0555664896965026,0.6741403163184622
16,L,S,0.0604780316352844,0.6733734434114206
16,L,T,0.0395532846450805,0.6766405684311179
16,L,V,0.0299248099327087,0.6781439285744466
16,L,W,0.0020616054534912,0.6824944028012369
16,L,Y,0.0270731449127197,0.6785891786957008
17,A,C,-0.0545277595520019,0.691330090532361
17,A,D,0.3913418054580688,0.6217134011622162
17,A,E,0.4217240214347839,0.6169696163022205
17,A,F,0.3357610702514648,0.6303916045685308
17,A,G,0.2301233410835266,0.6468855515753998
17,A,H,0.2668779492378235,0.6411468011882966
17,A,I,0.2423709034919738,0.6449732552119756
17,A,K,0.2916985154151916,0.6372713950579815
17,A,L,0.1740709543228149,0.6556373971908043
17,A,M,0.2436853647232055,0.6447680193169852
17,A,N,0.3006734848022461,0.6358700712068883
17,A,P,0.2484917640686035,0.6440175630479867
17,A,Q,0.3106545805931091,0.63431165390332
17,A,R,0.2874689698219299,0.637931783173363
17,A,S,0.2253455519676208,0.6476315407320057
17,A,T,0.297969102859497,0.6362923250058046
17,A,V,0.0492509603500366,0.6751264034596892
17,A,W,0.371753454208374,0.6247718655007554
17,A,Y,0.3882596492767334,0.6221946394576837
18,H,A,0.0040096044540405,0.6821902482862017
18,H,C,-0.1582897901535034,0.7075311717894706
18,H,D,0.3232436776161194,0.6323460313857083
18,H,E,0.2155866622924804,0.6491552634626576
18,H,F,-0.0623375177383422,0.692549481924779
18,H,G,0.1765896081924438,0.6552441423965039
18,H,I,-0.0334388017654418,0.6880373261488268
18,H,K,-0.0103344321250915,0.6844298816166823
18,H,L,0.0011147856712341,0.6826422363019815
18,H,M,0.0580558776855468,0.67375163100788
18,H,N,0.1576842069625854,0.6581959730396366
18,H,P,-0.005305528640747,0.6836446842423467
18,H,Q,0.1133541464805603,0.6651175310299587
18,H,R,-0.0141682624816894,0.6850284839837828
18,H,S,0.1042647957801818,0.6665367140241383
18,H,T,0.0508754849433898,0.6748727552341436
18,H,V,-0.0220844745635986,0.686264496756895
18,H,W,0.0199049115180969,0.6797084043991974
18,H,Y,-0.0007485151290893,0.6829331663030376
19,A,C,-0.1861866116523742,0.7118868948733222
19,A,D,0.0668998956680297,0.6723707535024674
19,A,E,0.124282419681549,0.6634112243867409
19,A,F,0.0712873339653015,0.671685712510569
19,A,G,0.1207343935966491,0.6639652021623356
19,A,H,0.0905011296272277,0.668685730118437
19,A,I,0.0060049891471862,0.6818786951162662
19,A,K,0.160274863243103,0.6577914760124813
19,A,L,-0.0367425084114074,0.6885531566458851
19,A,M,0.0731123685836792,0.6714007572723381
19,A,N,0.1165460348129272,0.6646191594971685
19,A,P,0.1022862792015075,0.666845633459059
19,A,Q,0.1308913230895996,0.6623793307305207
19,A,R,0.1660292148590088,0.6568930094195393
19,A,S,0.1453568339347839,0.6601207307853396
19,A,T,0.1325947642326355,0.6621133607199586
19,A,V,-0.0395153760910034,0.6889861035950912
19,A,W,0.1198951005935669,0.6640962467656711
19,A,Y,0.1682400703430175,0.6565478133093966
20,A,C,-0.0950777530670166,0.6976614406042871
20,A,D,0.1864920854568481,0.6536980003455312
20,A,E,0.1685656905174255,0.6564969719864777
20,A,F,0.0844804048538208,0.6696257873890514
20,A,G,0.2176945209503173,0.6488261489571285
20,A,H,0.0816711783409118,0.6700644112935898
20,A,I,0.0568693280220031,0.6739368951878815
20,A,K,0.0294095277786254,0.6782243831299353
20,A,L,0.0442124605178833,0.6759130991779732
20,A,M,0.1528070569038391,0.6589574761053228
20,A,N,0.1519140005111694,0.6590969151573628
20,A,P,0.1399981379508972,0.6609574209364848
20,A,Q,0.1381714940071106,0.6612426274497878
20,A,R,0.0561199784278869,0.6740538963066325
20,A,S,0.1402373313903808,0.6609200740155853
20,A,T,0.1849632859230041,0.6539367023575298
20,A,V,0.0207249522209167,0.6795803657902428
20,A,W,0.1414086818695068,0.6607371829890425
20,A,Y,0.1324023008346557,0.6621434113572834
21,P,A,0.2001318931579589,0.6515683231252991
21,P,C,0.1393913030624389,0.6610521702516299
21,P,D,0.3725045919418335,0.6246545851874797
21,P,E,0.400905430316925,0.6202201664736441
21,P,F,0.3163877725601196,0.6334164911122518
21,P,G,0.4597929120063782,0.6110256579395794
21,P,H,0.3429404497146606,0.6292706385524978
21,P,I,0.3177139163017273,0.633209431146368
21,P,K,0.3000639081001282,0.6359652486203045
21,P,L,0.2311829924583435,0.6467201009001567
21,P,M,0.2890626788139343,0.6376829464001236
21,P,N,0.3825005888938904,0.6230938412628736
21,P,Q,0.3506394028663635,0.6280685479141173
21,P,R,0.3233222961425781,0.6323337561331127
21,P,S,0.3591454029083252,0.6267404474803272
21,P,T,0.4000690579414367,0.6203507550592561
21,P,V,0.3270083665847778,0.6317582245402235
21,P,W,0.3178709745407104,0.633184908560629
21,P,Y,0.3207655549049377,0.6327329577707859
22,A,C,-0.0347785949707031,0.6882465172995815
22,A,D,0.1808694005012512,0.6545759089149827
22,A,E,0.2454282641410827,0.6444958884139149
22,A,F,0.168436050415039,0.6565172135895069
22,A,G,0.3005977272987366,0.6358818997482447
22,A,H,0.158277690410614,0.6581033083769414
22,A,I,0.1679463386535644,0.6565936756632946
22,A,K,0.0468411445617675,0.6755026646139293
22,A,L,0.1079986095428466,0.6659537279374438
22,A,M,0.2420642375946045,0.6450211370729343
22,A,N,0.2051011323928833,0.6507924415415991
22,A,P,-0.0085114240646362,0.6841452427989125
22,A,Q,0.2021542191505432,0.6512525634245271
22,A,R,0.0975854396820068,0.6675796079446255
22,A,S,0.1356866955757141,0.6616305961610902
22,A,T,0.2411925792694091,0.645157235097164
22,A,V,0.143264353275299,0.6604474442179578
22,A,W,0.1855406761169433,0.6538465504455554
22,A,Y,0.2025356888771057,0.6511930019259583
23,P,A,0.2002933025360107,0.6515431211662172
23,P,C,0.1386435627937317,0.6611689200953089
23,P,D,0.3834927082061767,0.622938934834174
23,P,E,0.4744598865509033,0.6087356020779667
23,P,F,0.3736816048622131,0.6244708100449425
23,P,G,0.4763158559799194,0.6084458167744613
23,P,H,0.3922567963600158,0.6215705373240084
23,P,I,0.3671922087669372,0.6254840442004392
23,P,K,0.3412044644355774,0.6295416899034065
23,P,L,0.2569250464439392,0.6427008165248613
23,P,M,0.3431141972541809,0.6292435101511965
23,P,N,0.404657244682312,0.6196343698287358
23,P,Q,0.3969448804855346,0.6208385544260504
23,P,R,0.3814752101898193,0.6232539407097297
23,P,S,0.3683188557624817,0.6253081330370099
23,P,T,0.428169846534729,0.6159631851866384
23,P,V,0.3497830033302307,0.6282022634784042
23,P,W,0.3862850069999695,0.6225029539711345
23,P,Y,0.3997656106948852,0.6203981343700707
24,A,C,-0.0494019985198974,0.6905297701212796
24,A,D,0.1415380835533142,0.6607169786119499
24,A,E,0.221071183681488,0.6482989273234689
24,A,F,0.1673926711082458,0.6566801235945767
24,A,G,0.288597047328949,0.6377556486543141
24,A,H,0.1333812475204467,0.6619905616615812
24,A,I,0.2000336050987243,0.6515836695176647
24,A,K,0.0486834049224853,0.6752150198017787
24,A,L,0.1098514795303344,0.6656644265711142
24,A,M,0.2509798407554626,0.643629082480056
24,A,N,0.1765192151069641,0.6552551333542866
24,A,P,-0.101491093635559,0.6986627996860068
24,A,Q,0.1663379669189453,0.6568448018316353
24,A,R,0.1244244575500488,0.6633890470350082
24,A,S,0.1220775842666626,0.6637554805419844
24,A,T,0.2108926773071289,0.6498881677025466
24,A,V,0.1456924676895141,0.6600683259730833
24,A,W,0.2110995054244995,0.6498558742025414
24,A,Y,0.2059541344642639,0.6506592564469087
25,P,A,0.1551504731178283,0.6585915823744274
25,P,C,0.1425433158874511,0.6605600247567369
25,P,D,0.4236826300621032,0.6166638052330063
25,P,E,0.4544048905372619,0.611866926880927
25,P,F,0.3146355152130127,0.633690083133334
25,P,G,0.4537373781204223,0.6119711501969383
25,P,H,0.2931628227233886,0.6370427626618347
25,P,I,0.3195897936820984,0.6329165374771559
25,P,K,0.207084059715271,0.6504828334268511
25,P,L,0.2762638330459595,0.6396813184354639
25,P,M,0.3492834568023681,0.6282802611220769
25,P,N,0.3757947087287903,0.624140876568808
25,P,Q,0.3207924365997314,0.6327287605464337
25,P,R,0.2608895897865295,0.6420818050380168
25,P,S,0.3128677606582641,0.6339660948402954
25,P,T,0.3753919005393982,0.6242037697887031
25,P,V,0.2902524471282959,0.637497179669978
25,P,W,0.3729698061943054,0.6245819480786783
25,P,Y,0.3133746385574341,0.6338869524990721
26,M,A,-0.0885392427444458,0.6966405379058498
26,M,C,-0.167714238166809,0.7090026758375492
26,M,D,0.1411620378494262,0.6607756932204609
26,M,E,0.1005871295928955,0.6671109334027623
26,M,F,-0.0634406805038452,0.6927217263334526
26,M,G,0.0818474888801574,0.6700368827134701
26,M,H,-0.0241246223449707,0.6865830390964283
26,M,I,-0.0904377698898315,0.6969369680390394
26,M,K,-0.1509673595428466,0.7063878702114743
26,M,L,-0.0589674115180969,0.6920232840043762
26,M,N,0.0555387139320373,0.6741446531400767
26,M,P,-0.0508919954299926,0.6907624136120956
26,M,Q,0.001038908958435,0.6826540834563062
26,M,R,-0.1114222407341003,0.7002134181558561
26,M,S,-0.0089315176010131,0.6842108348992114
26,M,T,-0.0357742309570312,0.688401972810846
26,M,V,-0.0129258632659912,0.6848344996281316
26,M,W,0.0025552511215209,0.6824173264994953
26,M,Y,-0.0227977037429809,0.6863758581462504
27,Q,A,-0.0632165074348449,0.6926867246465593
27,Q,C,-0.1545988321304321,0.7069548770648809
27,Q,D,-0.0301175713539123,0.6875187595454282
27,Q,E,-0.0064162015914916,0.6838181012680234
27,Q,F,0.0951502919197082,0.6679598243546299
27,Q,G,0.1175575256347656,0.6644612284611197
27,Q,H,0.0252690911293029,0.6788708580515104
27,Q,I,0.0463959574699401,0.675572174744056
27,Q,K,0.0607028603553772,0.6733383393532016
27,Q,L,0.0030192136764526,0.682344884826861
27,Q,M,0.1276077032089233,0.6628920249424199
27,Q,N,0.0791816115379333,0.6704531245236244
27,Q,P,-0.0618258118629455,0.6924695857583395
27,Q,R,0.1358463764190673,0.6616056640900487
27,Q,S,0.0399292707443237,0.676581863129091
27,Q,T,0.0889386534690857,0.6689296902939811
27,Q,V,0.0232322216033935,0.6791888885344153
27,Q,W,0.1027960181236267,0.6667660444065965
27,Q,Y,0.1678592562675476,0.6566072724366397
28,R,A,0.5276839733123779,0.600425358442029
28,R,C,0.4539234638214111,0.6119420953534177
28,R,D,1.1016981601715088,0.5108005657300039
28,R,E,0.9981175661087036,0.5269733180493565
28,R,F,0.6590541005134583,0.5799136347102972
28,R,G,0.7752676010131836,0.5617684196074816
28,R,H,0.503840982913971,0.6041481289257775
28,R,I,0.4699124693870544,0.6094456216733275
28,R,K,0.0320944786071777,0.6778051632448524
28,R,L,0.5348559617996216,0.5993055464300309
28,R,M,0.6233783960342407,0.5854839284277764
28,R,N,0.6420573592185974,0.5825674531179347
28,R,P,0.6340993642807007,0.583809989736437
28,R,Q,0.6296848654747009,0.5844992558721402
28,R,S,0.6186416149139404,0.586223514723286
28,R,T,0.6075016856193542,0.5879628686917254
28,R,V,0.6352205872535706,0.5836349254630656
28,R,W,0.7796879410743713,0.5610782414363316
28,R,Y,0.5781211853027344,0.592550248779073
29,R,A,0.0354183316230773,0.6772861871561511
29,R,C,-0.1063048243522644,0.6994144006525558
29,R,D,0.2959043979644775,0.6366147016168081
29,R,E,0.1971903443336486,0.6520276074246536
29,R,F,0.1181510090827941,0.6643685637984245
29,R,G,0.3040435910224914,0.6353438732864856
29,R,H,0.0159425735473632,0.6803270715461284
29,R,I,-0.0619162917137146,0.6924837130012813
29,R,K,-0.0076864361763,0.6840164317517733
29,R,L,0.0146914720535278,0.6805224146484656
29,R,M,0.0921329259872436,0.6684309465018248
29,R,N,0.1735482215881347,0.6557190150568118
29,R,P,0.265001893043518,0.6414397227769612
29,R,Q,0.081430435180664,0.6701020001830772
29,R,S,0.0256707668304443,0.6788081416548143
29,R,T,-0.0748944878578186,0.6945100882474331
29,R,V,-0.1642366051673889,0.7084596890197373
29,R,W,0.1867408752441406,0.6536591550806834
29,R,Y,0.1045677661895752,0.6664894091651969
30,D,A,0.177431583404541,0.6551126790013816
30,D,C,0.0840269327163696,0.6696965911204751
30,D,E,0.0341808199882507,0.6774794083801019
30,D,F,0.4930176734924316,0.6058380468504048
30,D,G,0.5633797645568848,0.5948519284393909
30,D,H,0.2324760556221008,0.6465182060329768
30,D,I,0.3700536489486694,0.6250372678157843
30,D,K,0.5292116403579712,0.6001868332532294
30,D,L,0.4088029265403747,0.6189870759365553
30,D,M,0.4517038464546203,0.6122886595167307
30,D,N,0.2443978786468505,0.6446567696054397
30,D,P,0.0698634386062622,0.6719080351104612
30,D,Q,0.3334428668022156,0.6307535616566302
30,D,R,0.5503592491149902,0.5968849112892902
30,D,S,0.1329885721206665,0.6620518727791704
30,D,T,0.3889395594596863,0.6220884803929689
30,D,V,0.4325154423713684,0.6152846773466142
30,D,W,0.5115456581115723,0.6029451448649185
30,D,Y,0.4212437272071838,0.6170446079515123
31,I,A,2.095787286758423,0.35558657634215046
31,I,C,1.5134103298187256,0.4465171060065501
31,I,D,2.7478156089782715,0.253780898783758
31,I,E,2.833811521530152,0.24035376403171188
31,I,F,2.1844263076782227,0.34174675485689593
31,I,G,2.9720845222473145,0.21876424706392528
31,I,H,2.987138509750366,0.21641376420071767
31,I,K,3.123385190963745,0.19514063046814112
31,I,L,1.068698167800903,0.5159530820674437
31,I,M,1.7594976425170898,0.4080937971501387
31,I,N,2.958450555801392,0.2208930122487105
31,I,P,2.8184409141540527,0.24275368293873162
31,I,Q,2.9836292266845703,0.21696169276161398
31,I,R,3.15211033821106,0.19065557517403775
31,I,S,2.7636494636535645,0.25130864988191376
31,I,T,2.247068405151367,0.33196601227316797
31,I,V,0.3092398643493652,0.6345325433046529
31,I,W,2.388596773147583,0.3098682123669699
31,I,Y,2.509723901748657,0.2909557986301675
32,S,A,0.4958256483078003,0.6053996183820335
32,S,C,0.5987954139709473,0.5893222389122641
32,S,D,0.8747405409812927,0.5462370236434209
32,S,E,0.7147853374481201,0.5712119324315004
32,S,F,1.5100555419921875,0.447040912160526
32,S,G,0.9452223777770996,0.5352322085057468
32,S,H,1.162814021110535,0.501258124979456
32,S,I,1.4636324644088743,0.4542892673418236
32,S,K,1.0377540588378906,0.5207845991535344
32,S,L,1.306629657745361,0.47880319805043314
32,S,M,1.2182505130767822,0.49260244326478764
32,S,N,1.0136489868164062,0.5245482902480965
32,S,P,0.3425555229187011,0.6293307398271474
32,S,Q,0.9218356013298036,0.5388837471598007
32,S,R,1.2672191858291626,0.4849566267583532
32,S,T,0.4628582000732422,0.6105470533791267
32,S,V,1.3073053359985352,0.4786976997460931
32,S,W,1.4777276515960691,0.45208848858267503
32,S,Y,1.5883643627166748,0.4348140160565144
33,S,A,-0.0703427195549011,0.6937993892787293
33,S,C,-0.0216752886772155,0.6862006077431959
33,S,D,0.3459713757038116,0.6287973991801584
33,S,E,0.1319038271903991,0.6622212414842413
33,S,F,0.3234567046165466,0.6323127700113513
33,S,G,0.5167467594146729,0.6021330610578696
33,S,H,0.0729727149009704,0.6714225623647048
33,S,I,0.0492231249809265,0.675130749587788
33,S,K,-0.2068281769752502,0.7151098047868162
33,S,L,0.1541035175323486,0.6587550507685462
33,S,M,0.1564677357673645,0.658385909074682
33,S,N,0.2963127493858337,0.636550942893887
33,S,P,0.1457938551902771,0.6600524956435417
33,S,Q,-0.1799179911613464,0.7109081319351223
33,S,R,-0.0885107517242431,0.6966360894064254
33,S,T,0.1308872699737548,0.662379963571443
33,S,V,-0.0251901149749755,0.6867494018071183
33,S,W,0.1549168825149536,0.6586280544858166
33,S,Y,0.2375656366348266,0.6457235346577751
34,T,A,-0.1102753281593322,0.7000343427878154
34,T,C,-0.0629470348358154,0.6926446500317109
34,T,D,0.2407469153404235,0.6452268196791638
34,T,E,0.0559144020080566,0.6740859943704706
34,T,F,0.14698326587677,0.6598667847523011
34,T,G,0.4484543204307556,0.6127960304196953
34,T,H,-0.0060673952102661,0.6837636397227695
34,T,I,-0.0610907673835754,0.6923548181957847
34,T,K,0.0176386833190917,0.6800622462331168
34,T,L,0.0782274007797241,0.6706021120284037
34,T,M,0.1422638893127441,0.6606036535544386
34,T,N,0.2556970119476318,0.6428925580178321
34,T,P,1.0877082347869873,0.5129849092381411
34,T,Q,0.0428586602210998,0.6761244773525034
34,T,R,-0.0543806552886962,0.6913071221294755
34,T,S,0.0112383961677551,0.6810615671948073
34,T,V,-0.0623409748077392,0.6925500217008598
34,T,W,-0.0198982954025268,0.6859231535311909
34,T,Y,-0.0506774187088012,0.6907289102691506
35,V,A,0.9121289849281312,0.540399308103852
35,V,C,0.7302875518798828,0.5687914648074743
35,V,D,1.5168328285217283,0.4459827276865782
35,V,E,1.1157023906707764,0.5086139886656702
35,V,F,1.410536289215088,0.4625795392627724
35,V,G,2.499899387359619,0.2924897677998701
35,V,H,1.571621656417847,0.4374281702286987
35,V,I,-0.0875967741012573,0.6964933837784483
35,V,K,0.8247201442718506,0.5540470530627063
35,V,L,-0.0073589086532592,0.6839652926213615
35,V,M,0.2170174121856689,0.6489318706170881
35,V,N,1.7806551456451416,0.4047903303098304
35,V,P,2.6673736572265625,0.266340855342579
35,V,Q,0.3744950294494629,0.6243438044557288
35,V,R,1.1856374740600586,0.4976945419071168
35,V,S,1.428808331489563,0.4597265993202321
35,V,T,0.6376775503158569,0.5832513028798618
35,V,W,1.5277457237243652,0.44427882211627145
35,V,Y,1.7629592418670654,0.4075533137765635
36,L,A,2.2310705184936523,0.33446387261939675
36,L,C,1.533950686454773,0.4433099985031451
36,L,D,3.416459321975708,0.1493809457033285
36,L,E,3.1100099086761475,0.19722900551170947
36,L,F,1.570420265197754,0.4376157517232538
36,L,G,2.9712798595428467,0.21888988459996883
36,L,H,2.67652440071106,0.2649120866697234
36,L,I,0.8084235191345215,0.5565915575075018
36,L,K,2.218900680541992,0.33636403332748765
36,L,M,1.1115148067474363,0.5092678250162092
36,L,N,3.045982837677002,0.2072259935611787
36,L,P,3.3533051013946533,0.15924164959888498
36,L,Q,2.665781259536743,0.26658948737316707
36,L,R,1.992412567138672,0.3717271840652443
36,L,S,2.6827399730682373,0.26394160650241816
36,L,T,2.476766586303711,0.29610165152495493
36,L,V,1.2640172243118286,0.48545657108696505
36,L,W,1.783273458480835,0.40438151507402886
36,L,Y,1.8235175609588623,0.3980979258787676
37,D,A,-0.6464032530784607,0.7837436922046395
37,D,C,-0.8457366228103638,0.814866985586229
37,D,E,-0.1980797052383422,0.7137438455754983
37,D,F,-0.689979076385498,0.7905474859445101
37,D,G,0.1265940517187118,0.6630502933385192
37,D,H,-0.603232741355896,0.7770031825569983
37,D,I,-0.4688776135444641,0.7560253900989655
37,D,K,-0.5471550822257996,0.7682473909923137
37,D,L,-0.4010540843009949,0.7454356348479587
37,D,M,-0.5695033669471741,0.7717367827729981
37,D,N,-0.3698439598083496,0.7405625829231005
37,D,P,1.941465854644776,0.37968184555472617
37,D,Q,-0.5733652710914612,0.7723397684941339
37,D,R,-0.7408679723739624,0.7984931201443652
37,D,S,-0.5157565474510193,0.7633449212710528
37,D,T,-0.4050852060317993,0.7460650416776002
37,D,V,-0.507578432559967,0.7620680158065795
37,D,W,-0.9375079870224,0.8291958814266067
37,D,Y,-0.9129821062088012,0.8253664865539359
38,N,A,0.4154512882232666,0.6179490213878269
38,N,C,-0.0589059591293334,0.6920136890192161
38,N,D,1.5333669185638428,0.4434011462089237
38,N,E,1.348737359046936,0.472228632321695
38,N,F,0.3705515265464782,0.6249595307536678
38,N,G,1.366648554801941,0.4694320338342071
38,N,H,0.1286436319351196,0.662730278247869
38,N,I,0.5342824459075928,0.5993950934205354
38,N,K,-0.5970824956893921,0.7760429022963229
38,N,L,0.0616703033447265,0.6731872858089407
38,N,M,-0.0745826959609985,0.6944614060288373
38,N,P,2.775198459625244,0.24950542551274357
38,N,Q,0.2124737501144409,0.6496413039039474
38,N,R,-1.0882099866867063,0.8527260236955744
38,N,S,0.4030892252922058,0.619879195507306
38,N,T,0.5063133239746094,0.6037621052696627
38,N,V,0.6236792802810669,0.5854369492957803
38,N,W,0.1351787447929382,0.6617099060190282
38,N,Y,0.1922229528427124,0.6528032005073449
39,I,A,2.2941486835479736,0.32461504379761735
39,I,C,1.7150354385375977,0.4150359876158244
39,I,D,3.2644460201263428,0.17311583062362645
39,I,E,3.0971686840057373,0.19923399445728146
39,I,F,1.3016645908355713,0.47957842818024254
39,I,G,3.063806533813477,0.204443056992425
39,I,H,2.798517227172852,0.24586450555710643
39,I,K,2.8443543910980225,0.23870763311501692
39,I,L,0.2116239070892334,0.6497739957549776
39,I,M,0.9988878965377808,0.5268530410481842
39,I,N,2.9463796615600586,0.2227777241931102
39,I,P,3.201821804046631,0.18289378126210892
39,I,Q,2.953372001647949,0.2216859619243442
39,I,R,2.834900379180908,0.24018375317923463
39,I,S,3.080372810363769,0.20185645001332886
39,I,T,2.626574754714966,0.2727110692923212
39,I,V,1.2116581201553345,0.4936317590248979
39,I,W,2.047111988067627,0.36318658633359185
39,I,Y,1.902180433273316,0.38581574925889667
40,D,A,-1.2437264919281006,0.8770078879153852
40,D,C,-1.609739065170288,0.9341559545621707
40,D,E,-0.853618323802948,0.8160976099050177
40,D,F,-1.438206672668457,0.9073734194379175
40,D,G,-0.0075992941856384,0.684002825671944
40,D,H,-1.1996889114379885,0.870131996842794
40,D,I,-1.9765872955322263,0.9914344981167584
40,D,K,-1.3525094985961914,0.8939929287844381
40,D,L,-1.6322104930877686,0.9376645735391119
40,D,M,-1.6302404403686523,0.9373569756249407
40,D,N,-0.7546337246894836,0.8006424619656092
40,D,P,1.56428861618042,0.4385731283608739
40,D,Q,-1.239438533782959,0.8763383794455354
40,D,R,-1.7281489372253418,0.9526441042994803
40,D,S,-1.0896563529968262,0.8529518548399917
40,D,T,-1.7115166187286377,0.9500471857359444
40,D,V,-2.0260260105133057,0.9991537055572107
40,D,W,-1.44289231300354,0.9081050207700252
40,D,Y,-1.6044197082519531,0.9333254066905655
41,L,A,1.743975043296814,0.4105174475917444
41,L,C,0.9466750621795654,0.5350053908740096
41,L,D,2.539534568786621,0.28630125364669934
41,L,E,2.047498941421509,0.36312616863848113
41,L,F,0.2562184333801269,0.6428111448944759
41,L,G,2.528759002685547,0.2879837170775213
41,L,H,1.310427188873291,0.47821026333218075
41,L,I,0.6469939947128296,0.5817966621810654
41,L,K,1.2531307935714722,0.4871563445783086
41,L,M,0.6741354465484619,0.5775588801708641
41,L,N,1.8994781970977783,0.3862376680243835
41,L,P,2.243462562561035,0.3325290173383895
41,L,Q,1.6874032020568848,0.4193503992165281
41,L,R,0.8046795129776001,0.5571761350029861
41,L,S,1.9315948486328125,0.381223073782067
41,L,T,1.2264645099639893,0.49131993529685514
41,L,V,0.8876070380210876,0.5442280887485687
41,L,W,0.1179907321929931,0.6643935889343074
41,L,Y,-0.0005152225494384,0.682896740724069
42,F,A,0.9651830196380616,0.5321156158671981
42,F,C,0.3290749788284302,0.631435550121727
42,F,D,2.790360450744629,0.24713807930025367
42,F,E,2.2163922786712646,0.33675568740651407
42,F,G,1.847731232643128,0.3943172783700817
42,F,H,1.2801746129989624,0.4829338065891472
42,F,I,1.0656945705413818,0.5164220544167997
42,F,K,1.6970499753952026,0.41784418198256484
42,F,L,0.1708588600158691,0.6561389236217219
42,F,M,0.4416204690933227,0.6138630467471028
42,F,N,1.6053545475006104,0.43216122136213353
42,F,P,2.7099196910858154,0.2596978497293917
42,F,Q,1.6829285621643066,0.42004905559474004
42,F,R,1.752127766609192,0.40924450668951945
42,F,S,1.6004480123519895,0.4329273125245064
42,F,T,1.308102011680603,0.47857330927892583
42,F,V,1.0001099109649658,0.5266622395101127
42,F,W,0.6641930341720581,0.5791112575662182
42,F,Y,0.3067535161972046,0.6349207539845433
43,A,C,0.8693258762359619,0.5470824525831841
43,A,D,2.20115327835083,0.33913505759652757
43,A,E,1.940201997756958,0.379879180244672
43,A,F,1.658939003944397,0.4237947107230167
43,A,G,1.7569376230239868,0.40849351064444017
43,A,H,2.20461654663086,0.338594313641396
43,A,I,1.3069806098937988,0.4787484014717498
43,A,K,2.3167195320129395,0.3210909016051117
43,A,L,1.5098633766174316,0.44707091626543005
43,A,M,1.2230122089385986,0.49185896685890274
43,A,N,2.3802530765533447,0.31117097124441584
43,A,P,3.378143548965454,0.15536345152332443
43,A,Q,1.9405121803283687,0.3798307493011483
43,A,R,2.089855432510376,0.3565127576448952
43,A,S,0.9130425453186036,0.5402566676212638
43,A,T,1.1240302324295044,0.5073137053130086
43,A,V,1.067461013793945,0.5161462474524896
43,A,W,1.6918052434921265,0.4186630781360125
43,A,Y,1.6974080801010132,0.4177882686257834
44,Q,A,0.78582763671875,0.560119608423351
44,Q,C,1.23477303981781,0.4900226672450585
44,Q,D,2.6888420581817627,0.2629888458809371
44,Q,E,1.2865476608276367,0.48193873869071396
44,Q,F,1.7534171342849731,0.409043188824357
44,Q,G,1.8527649641036987,0.39353132717052997
44,Q,H,1.5007528066635132,0.4484934123679676
44,Q,I,1.8718948364257808,0.39054444830808316
44,Q,K,1.8345423936843872,0.3963765427312246
44,Q,L,2.2646324634552,0.3292236147493777
44,Q,M,0.8646252155303955,0.547816399149298
44,Q,N,2.41846776008606,0.3052042492215405
44,Q,P,4.065978527069092,0.04796703390177215
44,Q,R,1.739973783493042,0.41114219187282613
44,Q,S,1.1821582317352295,0.4982377800000008
44,Q,T,1.382508635520935,0.46695569007933635
44,Q,V,1.626347899436951,0.42888338457917813
44,Q,W,2.325227975845337,0.31976241960547136
44,Q,Y,2.0141079425811768,0.36833973551195404
45,Y,A,2.0119638442993164,0.3686745083598472
45,Y,C,1.5643270015716553,0.4385671349850805
45,Y,D,3.47086238861084,0.1408866198108767
45,Y,E,3.126347064971924,0.19467817265769105
45,Y,F,0.5949118137359619,0.589928612193631
45,Y,G,2.87935209274292,0.23324320065475962
45,Y,H,2.038527488708496,0.36452694340700936
45,Y,I,1.803030014038086,0.40129678783721445
45,Y,K,2.7460505962371826,0.25405648239244844
45,Y,L,1.298460602760315,0.4800786889293155
45,Y,M,1.5761784315109253,0.43671668951532616
45,Y,N,2.7494893074035645,0.2535195727087874
45,Y,P,3.6020712852478027,0.12040007011877418
45,Y,Q,2.7488858699798584,0.2536137915543359
45,Y,R,2.3944852352142334,0.3089488061846874
45,Y,S,2.5597143173217773,0.28315045037241016
45,Y,T,2.330359697341919,0.31896116854597467
45,Y,V,1.828399896621704,0.39733561314896026
45,Y,W,0.5409399271011353,0.5983556149797318
46,S,A,-0.4815289974212646,0.7580007378925154
46,S,C,0.2915776968002319,0.6372902593013563
46,S,D,2.137349367141724,0.349097202169334
46,S,E,1.5807499885559082,0.4360029007938841
46,S,F,1.0123741626739502,0.524747337331126
46,S,G,0.894451916217804,0.5431593507215932
46,S,H,1.6340240240097046,0.4276848583242276
46,S,I,0.9551351070404052,0.5336844657395001
46,S,K,1.5511775016784668,0.44062025706668334
46,S,L,1.4613361358642578,0.45464780895023943
46,S,M,0.9123713970184326,0.5403614586328083
46,S,N,2.0014593601226807,0.37031464590074875
46,S,P,2.131889820098877,0.3499496388916633
46,S,Q,1.3929885625839231,0.4653193868099052
46,S,R,1.434999704360962,0.4587598975854923
46,S,T,0.8012482523918152,0.5577118813761283
46,S,V,0.7525972127914429,0.56530810362852
46,S,W,1.0284477472305298,0.522237657750025
46,S,Y,1.254318118095398,0.4869709594140132
47,A,C,0.6832972764968872,0.5761283804919565
47,A,D,1.9777235984802248,0.37402067401950884
47,A,E,1.8222110271453853,0.39830192401136577
47,A,F,1.3659906387329102,0.46953475880627
47,A,G,0.907726228237152,0.5410867408621773
47,A,H,1.443908929824829,0.4573688387864181
47,A,I,1.3419501781463623,0.47328836167201194
47,A,K,1.1895170211791992,0.49708880146667217
47,A,L,1.411006212234497,0.462506166941723
47,A,M,1.0062716007232666,0.5257001724044803
47,A,N,1.571436047554016,0.4374571506203461
47,A,P,2.135106325149536,0.34944742378091853
47,A,Q,1.2183294296264648,0.4925901214797712
47,A,R,1.0323827266693115,0.5216232622793195
47,A,S,0.2359068393707275,0.6459825341117079
47,A,T,0.6173202991485596,0.5864298208639538
47,A,V,1.1616947650909424,0.5014328821388505
47,A,W,1.5531972646713257,0.4403048975447299
47,A,Y,1.483586311340332,0.45117373564246815
48,A,C,0.0393168926239013,0.6766774779472622
48,A,D,2.378204822540283,0.31149077926579366
48,A,E,2.0057175159454346,0.3696497906729746
48,A,F,0.8404743671417236,0.5515872376236883
48,A,G,1.4938385486602783,0.4495729831424953
48,A,H,1.616137981414795,0.4304775294754036
48,A,I,0.0580472946166992,0.6737529711415978
48,A,K,1.7583030462265017,0.4082803177055005
48,A,L,0.027026891708374,0.6785964005274022
48,A,M,0.2974443435668945,0.6363742592922732
48,A,N,1.7711870670318604,0.40626864670430785
48,A,P,2.5208189487457275,0.28922345244429415
48,A,Q,1.7173051834106443,0.41468159669934007
48,A,R,1.7529354095458984,0.40911840382926834
48,A,S,0.9063601493835448,0.5413000361724427
48,A,T,0.7235468029975891,0.5698439444066374
48,A,V,0.1398754119873047,0.6609765829873524
48,A,W,1.025221347808838,0.5227414177371389
48,A,Y,0.967732310295105,0.5317175775400439
49,A,C,0.5633865594863892,0.5948508675001977
49,A,D,2.3666906356811523,0.31328856864821947
49,A,E,2.007568359375,0.36936080572710617
49,A,F,1.3498485088348389,0.47205514084414507
49,A,G,1.104060411453247,0.5104317311501165
49,A,H,1.977102518081665,0.3741176475843662
49,A,I,0.9857112765312196,0.528910397580076
49,A,K,1.867908835411072,0.39116681012922205
49,A,L,1.3022412061691284,0.4794883972525621
49,A,M,1.241639494895935,0.48895056027082023
49,A,N,2.046061754226685,0.363350566584339
49,A,P,1.9191511869430544,0.38316598847834926
49,A,Q,1.868317723274231,0.39110296764794367
49,A,R,1.7469693422317505,0.41004992705391596
49,A,S,0.5534013509750366,0.5964099269511725
49,A,T,0.5901384353637695,0.5906739126704097
49,A,V,0.6048744916915894,0.5883730705936655
49,A,W,1.3821022510528564,0.4670191416882804
49,A,Y,1.4754323959350586,0.4524468626743761
50,Y,A,1.1633468866348269,0.5011749250111427
50,Y,C,0.2717350721359253,0.6403884251012854
50,Y,D,1.6403697729110718,0.42669405279553574
50,Y,E,1.418597936630249,0.46132081866833075
50,Y,F,0.2464370727539062,0.644338376169653
50,Y,G,1.8386268615722656,0.39573880659826755
50,Y,H,0.0278143882751464,0.6784734432587943
50,Y,I,1.861375093460083,0.39218696830892735
50,Y,K,1.6940772533416748,0.41830833357313046
50,Y,L,1.3124622106552124,0.47789252135028454
50,Y,M,0.9718382954597472,0.5310764817663083
50,Y,N,0.8330592513084412,0.55274501078454
50,Y,P,2.2297348976135254,0.3346724123162607
50,Y,Q,1.3119341135025024,0.47797497679986567
50,Y,R,1.3408241271972656,0.4734641797705997
50,Y,S,1.199329853057861,0.4955566563678632
50,Y,T,1.3434312343597412,0.47305711415381857
50,Y,V,1.3243277072906494,0.4760398795502705
50,Y,W,0.5232495069503784,0.601117742249923
51,C,A,1.1074559688568115,0.5099015593609811
51,C,D,1.6616053581237793,0.4233783944609891
51,C,E,1.31742525100708,0.47711760764093625
51,C,F,0.0624940395355224,0.6730586701979687
51,C,G,2.6433794498443604,0.27008723637661947
51,C,H,0.8519377708435059,0.5497973773657595
51,C,I,0.0813744068145752,0.6701107482781795
51,C,K,1.0796458721160889,0.5142437415103925
51,C,L,0.3180913925170898,0.6331504931822373
51,C,M,0.7304052114486694,0.5687730938077595
51,C,N,1.404229760169983,0.46356422112489265
51,C,P,1.2124438285827637,0.49350908095081447
51,C,Q,1.2464665174484253,0.48819688395830535
51,C,R,1.1604535579681396,0.5016266803648187
51,C,S,1.258618712425232,0.4862994779695232
51,C,T,1.0693211555480957,0.5158558106950936
51,C,V,-0.0464855432510376,0.6900744038517528
51,C,W,0.3029853105545044,0.6355091099125931
51,C,Y,0.0926718711853027,0.6683467972721281
52,S,A,-0.0841947793960571,0.6959622068890244
52,S,C,-0.4319154024124145,0.7502542252275631
52,S,D,0.4020975828170776,0.6200340274841324
52,S,E,0.250097781419754,0.6437668044857701
52,S,F,-0.0824630856513977,0.6956918256049746
52,S,G,0.4608239829540252,0.610864669723487
52,S,H,-0.2270514965057373,0.71826741110102
52,S,I,-0.7237801551818848,0.7958250814289445
52,S,K,-0.4689280390739441,0.7560332633845577
52,S,L,-0.4691059589385986,0.7560610432397494
52,S,M,-0.2662209272384643,0.724383204387032
52,S,N,-0.023969829082489,0.6865588701570872
52,S,P,-0.2103933095932006,0.7156664535233623
52,S,Q,-0.0779625177383422,0.6949891209061567
52,S,R,-0.4282806515693664,0.7496867065175282
52,S,T,-0.2063333392143249,0.7150325423553915
52,S,V,-0.6114712953567505,0.7782895247964012
52,S,W,-0.0760429501533508,0.6946894055840618
52,S,Y,-0.1683822274208068,0.7091069736054336
53,S,A,-0.1828305125236511,0.711362883976695
53,S,C,-0.1168110370635986,0.7010548080814978
53,S,D,0.8467321395874023,0.550610168465604
53,S,E,0.7455497980117798,0.5664084650886418
53,S,F,0.1495531797409057,0.6594655263816305
53,S,G,0.5617374181747437,0.5951083593036979
53,S,H,-0.0637608766555786,0.6927717207663139
53,S,I,-0.1028956174850463,0.6988820976785497
53,S,K,-0.5725885033607483,0.7722184863926732
53,S,L,-0.0850048065185546,0.6960886820086416
53,S,M,0.009433090686798,0.6813434419867841
53,S,N,-0.0473756194114685,0.6902133775795853
53,S,P,1.469658136367798,0.45334843763302457
53,S,Q,0.1344309449195861,0.6618266651691914
53,S,R,-0.8210018277168274,0.8110049714866078
53,S,T,0.0699624419212341,0.6718925770402857
53,S,V,-0.0722184777259826,0.6940922643349731
53,S,W,0.3449592292308807,0.6289554325875328
53,S,Y,0.0252832174301147,0.6788686524147666
54,N,A,1.6431336402893066,0.4262625111254365
54,N,C,0.9898848533630372,0.5282587482533125
54,N,D,1.4344675540924072,0.45884298587599576
54,N,E,1.9169728755950928,0.38350610324814544
54,N,F,1.77018141746521,0.40642566570490984
54,N,G,1.7873073816299438,0.40375167083963215
54,N,H,1.026353359222412,0.522564668990136
54,N,I,2.1425461769104004,0.3482857884291441
54,N,K,1.6088978052139282,0.43160798810527096
54,N,L,1.4510923624038696,0.45624723992946287
54,N,M,1.6915719509124756,0.418699503714981
54,N,P,2.4995481967926025,0.29254460160449003
54,N,Q,1.797824740409851,0.40210952309815395
54,N,R,1.5159696340560913,0.4461175041900584
54,N,S,1.2421858310699463,0.4888652570370887
54,N,T,1.8815840482711792,0.38903160485740407
54,N,V,1.8604679107666016,0.39232861299771127
54,N,W,1.7856557369232178,0.40400955351546675
54,N,Y,1.719946026802063,0.41426926361252925
55,I,A,1.7037938833236694,0.41679120913974177
55,I,C,1.1429975032806396,0.5043522145393267
55,I,D,2.4218196868896484,0.3046808897788039
55,I,E,2.189568519592285,0.3409438658561886
55,I,F,1.5210671424865725,0.4453215950524646
55,I,G,2.4642491340637207,0.2980560876486167
55,I,H,2.0783562660217285,0.35830820179331485
55,I,K,1.753182888031006,0.4090797633070718
55,I,L,0.1948838233947754,0.6523877404418592
55,I,M,0.8776800632476807,0.5457780557645275
55,I,N,2.23838758468628,0.33332140862497395
55,I,P,2.6934330463409424,0.2622720232456617
55,I,Q,1.80986487865448,0.4002296132995764
55,I,R,1.8173704147338867,0.3990577222022671
55,I,S,1.926280498504639,0.38205283990900346
55,I,T,1.2274959087371826,0.49115889589509976
55,I,V,0.3977376222610473,0.6207147781868371
55,I,W,1.7329877614974976,0.41223296765427203
55,I,Y,1.7433923482894895,0.41060842778080825
56,E,A,-0.1943575739860534,0.7131626835596975
56,E,C,-0.5228077173233032,0.7644458690396763
56,E,D,0.0088225603103637,0.6814387683039466
56,E,F,-0.1605322360992431,0.7078813003362135
56,E,G,0.0973288118839263,0.6676196770121392
56,E,H,-0.4575573205947876,0.7542578747094842
56,E,I,-0.1286293268203735,0.7029000791460639
56,E,K,-0.1650100946426391,0.7085804592645697
56,E,L,-0.1824941635131836,0.7113103674866288
56,E,M,-0.1886267662048339,0.7122678930279953
56,E,N,-0.4716678857803345,0.7564610545415439
56,E,P,1.3909989595413208,0.46563003725087804
56,E,Q,-0.2804745435714721,0.7266087197810549
56,E,R,-0.2711403369903564,0.7251513057499815
56,E,S,-0.5496705770492554,0.768640152542954
56,E,T,-0.7510015964508057,0.8000753527408769
56,E,V,-0.2836666107177734,0.7271071192332976
56,E,W,-0.0789639353752136,0.695145479146384
56,E,Y,-0.249727725982666,0.7218080071575054
57,S,A,0.097953200340271,0.6675221869374115
57,S,C,0.0649071931838989,0.6726818878806162
57,S,D,0.699998140335083,0.5735207594716464
57,S,E,0.9101046323776244,0.540715384225085
57,S,F,0.4056686162948608,0.6194764574056553
57,S,G,0.5119261741638184,0.6028857322700961
57,S,H,0.1679340600967407,0.6565955927990298
57,S,I,0.6188831925392151,0.5861857955430205
57,S,K,0.2616676688194275,0.6419603181939049
57,S,L,0.4267251491546631,0.6161887557494994
57,S,M,0.30131995677948,0.6357691330797826
57,S,N,-0.0712237358093261,0.6939369484209708
57,S,P,1.971863865852356,0.3749355944764305
57,S,Q,0.3820732831954956,0.6231605594477547
57,S,R,0.1175446510314941,0.6644632386616963
57,S,T,0.2742820978164673,0.6399907404205288
57,S,V,0.4913895726203918,0.6060922534649995
57,S,W,0.570171594619751,0.5937914731833102
57,S,Y,0.4101009368896484,0.6187844086311909
58,T,A,0.0440666079521179,0.6759358721446916
58,T,C,-0.1363617777824401,0.7041074000285374
58,T,D,1.0594706535339355,0.5173938374918862
58,T,E,0.6021898984909058,0.5887922346398434
58,T,F,0.4978806674480438,0.6050787540747046
58,T,G,0.8097720742225647,0.5563809983035769
58,T,H,0.3012247681617737,0.6357839955349723
58,T,I,-0.3019524216651916,0.7299622089736769
58,T,K,-0.1520231366157531,0.7065527159652476
58,T,L,-0.0070248842239379,0.6839131390841773
58,T,M,0.0883474349975586,0.6690220013102786
58,T,N,0.5700386762619019,0.5938122266429677
58,T,P,0.3076756596565246,0.6347767733682375
58,T,Q,0.2498821020126342,0.6438004799986718
58,T,R,-0.0895134806632995,0.696792652389304
58,T,S,0.1963535547256469,0.6521582611556547
58,T,V,-0.2785579562187195,0.7263094697831676
58,T,W,0.4237222373485565,0.6166576210742877
58,T,Y,0.3744601607322693,0.6243492487489573
59,G,A,1.3550583124160769,0.47124169829041007
59,G,C,0.7460623979568481,0.5663284293249401
59,G,D,1.6117591857910156,0.43116122102710014
59,G,E,1.626616597175598,0.42884143094862376
59,G,F,1.1222890615463257,0.5075855663280385
59,G,H,1.1113290786743164,0.5092968240208249
59,G,I,1.7138628959655762,0.4152190647720502
59,G,K,1.407210111618042,0.4630988783043557
59,G,L,1.269688367843628,0.4845710963458984
59,G,M,1.243053913116455,0.4887297174019081
59,G,N,1.235074520111084,0.48997559504822086
59,G,P,2.122311353683472,0.35144519089478904
59,G,Q,1.3501980304718018,0.47200056762108145
59,G,R,1.4396159648895264,0.4580391290009367
59,G,S,1.4765589237213137,0.4522709701239151
59,G,T,1.736311435699463,0.4117140194850231
59,G,V,1.7437785863876345,0.4105481217635073
59,G,W,1.2002639770507812,0.49541080514824287
59,G,Y,1.1671538352966309,0.5005805198683945
60,T,A,0.296717882156372,0.6364876867211101
60,T,C,0.1443163156509399,0.6602831940791701
60,T,D,0.9722504019737244,0.5310121367348856
60,T,E,0.5565136671066284,0.5959239795747242
60,T,F,0.4701653122901916,0.6094061435675574
60,T,G,0.8127637505531311,0.5559138872510512
60,T,H,0.3093477487564087,0.6345156985683389
60,T,I,0.41934734582901,0.6173407030512723
60,T,K,0.150485873222351,0.6593198985176297
60,T,L,0.3727036118507385,0.6246235108368983
60,T,M,0.3224149942398071,0.632475419434865
60,T,N,0.4612638354301452,0.6107959925236919
60,T,P,2.168048143386841,0.34430399057201044
60,T,Q,0.2906088232994079,0.6374415362012369
60,T,R,0.1181308031082153,0.6643717186965518
60,T,S,0.2199125289916992,0.6484798360688876
60,T,V,0.4064919352531433,0.6193479069400724
60,T,W,0.4666313529014587,0.6099579250128924
60,T,Y,0.307363748550415,0.6348254741998016
61,T,A,0.3841115236282348,0.6228423149157144
61,T,C,0.0173947215080261,0.6801003376727485
61,T,D,1.186886429786682,0.49749953383820894
61,T,E,0.8070206642150879,0.5568105949184885
61,T,F,0.3628456592559814,0.6261627009442099
61,T,G,1.008463740348816,0.5253578985303611
61,T,H,0.4165099859237671,0.6177837196163302
61,T,I,-0.4996402263641357,0.7608285689408153
61,T,K,0.0235238671302795,0.6791433519074627
61,T,L,0.0062628388404846,0.6818384352658273
61,T,M,0.1513622999191284,0.659183055974668
61,T,N,0.7390496730804443,0.5674233744112858
61,T,P,0.4450416564941406,0.6133288731697822
61,T,Q,0.4194207191467285,0.617329246769282
61,T,R,0.069051444530487,0.6720348173440553
61,T,S,0.4710063934326172,0.6092748197696973
61,T,V,-0.3487081527709961,0.7372625036430233
61,T,W,0.4410391449928283,0.6139538128870311
61,T,Y,0.3300994038581848,0.6312755995786173
62,L,A,2.32560396194458,0.3197037143034445
62,L,C,1.4929109811782837,0.4497178106488589
62,L,D,3.421103239059448,0.14865585891012667
62,L,E,3.2825241088867188,0.1702931739805147
62,L,F,1.8028843402862549,0.4013195328844804
62,L,G,3.018974781036377,0.21144294765984922
62,L,H,3.0536530017852783,0.20602839795464328
62,L,I,0.3920323848724365,0.6216055762368383
62,L,K,2.9335854053497314,0.22477537962917088
62,L,M,1.0982356071472168,0.5113411980073255
62,L,N,3.135009527206421,0.19332564270300356
62,L,P,3.306140184402466,0.16660583328193057
62,L,Q,3.140139579772949,0.19252465222506315
62,L,R,2.918765068054199,0.2270893810745051
62,L,S,3.1166179180145264,0.19619725145275152
62,L,T,2.7361159324646,0.2556076499448628
62,L,V,0.8803168535232544,0.545366355518639
62,L,W,2.325503349304199,0.31971942364869205
62,L,Y,2.327383041381836,0.3194259343644943
63,T,A,0.5734684467315674,0.5932767129319293
63,T,C,0.0009386539459228,0.6826697369626488
63,T,D,1.553800106048584,0.4402107717640229
63,T,E,1.188048243522644,0.4973181318491303
63,T,F,0.3258607387542724,0.631937411586074
63,T,G,1.2278811931610107,0.49109873878154525
63,T,H,0.2056131362915039,0.6507124988427387
63,T,I,-0.5640172958374023,0.7708802046652214
63,T,K,0.2863009572029114,0.6381141530367933
63,T,L,0.4359069466590881,0.614755138398401
63,T,M,0.4208055734634399,0.617113019916509
63,T,N,0.8796029686927795,0.54547781927932
63,T,P,1.283816695213318,0.4823651431815616
63,T,Q,0.6913098096847534,0.5748773284404556
63,T,R,-0.0038278102874755,0.6834139578872659
63,T,S,0.4417078495025635,0.6138494034413369
63,T,V,-0.5523512363433838,0.7690587023611779
63,T,W,0.5093671083450317,0.6032852968606512
63,T,Y,0.1781708598136901,0.654997250678452
64,C,A,0.7082106471061707,0.5722384841658177
64,C,D,1.1897351741790771,0.4970547397346782
64,C,E,2.219404697418213,0.33628533769750363
64,C,F,0.6631695628166199,0.5792710592055814
64,C,G,2.0203857421875,0.3673595393751947
64,C,H,0.0690129995346069,0.6720408200263329
64,C,I,0.7198691368103027,0.5704181637852613
64,C,K,2.0002686977386475,0.37050055222815664
64,C,L,0.7581656575202942,0.5644386639596463
64,C,M,0.6212587952613831,0.5858148763106834
64,C,N,0.2348635196685791,0.6461454348102935
64,C,P,2.0627355575561523,0.36074717070783374
64,C,Q,1.5317341089248655,0.4436560880357665
64,C,R,1.652353286743164,0.424822984156902
64,C,S,0.6436038613319397,0.5823259870801432
64,C,T,1.2915678024291992,0.48115490936954863
64,C,V,0.3474178314208984,0.628571554076015
64,C,W,1.0999447107315063,0.511074343880769
64,C,Y,0.7515883445739746,0.5654656251792662
65,D,A,-0.1258202195167541,0.7024614738544938
65,D,C,-0.1139900684356689,0.7006143507995816
65,D,E,0.1734516620635986,0.655734091561137
65,D,F,0.3606447577476501,0.6265063428714994
65,D,G,0.2072836756706237,0.6504516660114282
65,D,H,0.1385353207588195,0.6611858206705278
65,D,I,0.3796305656433105,0.6235419577812464
65,D,K,0.136681854724884,0.6614752151016989
65,D,L,0.2414750456809997,0.6451131316687707
65,D,M,0.345424473285675,0.6288827908254893
65,D,N,0.0663614869117736,0.6724548189738068
65,D,P,-0.107951819896698,0.6996715574226267
65,D,Q,0.1982222199440002,0.651866493571025
65,D,R,0.2029086351394653,0.6511347712546232
65,D,S,-0.1256610751152038,0.7024366255418096
65,D,T,0.1554086208343505,0.6585512759915678
65,D,V,0.318205714225769,0.6331326433456349
65,D,W,0.3143186569213867,0.6337395564030827
65,D,Y,0.335206925868988,0.6304781269516861
66,V,A,-0.4102476239204407,0.7468710855764349
66,V,C,-0.4219685196876526,0.7487011498458978
66,V,D,0.629202663898468,0.5845745453289248
66,V,E,0.3887182474136352,0.622123035368623
66,V,F,0.1659872531890869,0.656899561184382
66,V,G,0.2014839351177215,0.6513572194920514
66,V,H,-0.1609179973602295,0.7079415319016412
66,V,I,0.2850785851478576,0.6383050104137697
66,V,K,-0.3382012248039245,0.7356219845362715
66,V,L,-0.3401247859001159,0.7359223233928047
66,V,M,-0.3849287629127502,0.7429178772386144
66,V,N,-0.1451858282089233,0.7054851598617593
66,V,P,1.0757839679718018,0.5148467272315284
66,V,Q,-0.1771118640899658,0.7104699919677597
66,V,R,-0.3058053851127624,0.73056379872219
66,V,S,-0.1875753402709961,0.712103726647565
66,V,T,-0.2024502754211425,0.7144262528323819
66,V,W,0.4318436086177826,0.6153895753827264
66,V,Y,0.2761744260787964,0.639695278161691
67,G,A,1.1283748149871826,0.5066353556832149
67,G,C,0.6326690912246704,0.5840333081301334
67,G,D,1.5720984935760498,0.43735371835548775
67,G,E,1.4763555526733398,0.45230272384783965
67,G,F,1.0755157470703125,0.5148886064102096
67,G,H,0.8512506484985352,0.5499046625150565
67,G,I,1.6846219301223757,0.41978465837999945
67,G,K,1.036081314086914,0.5210457763247585
67,G,L,1.2196327447891235,0.4923866258973173
67,G,M,1.10805344581604,0.5098082711638477
67,G,N,0.9980528950691224,0.5269834155846607
67,G,P,2.074841022491455,0.3588570610026263
67,G,Q,1.0839505195617676,0.5135716272249803
67,G,R,1.0868775844573977,0.5131146044012747
67,G,S,1.2906279563903809,0.4813016540116475
67,G,T,1.581623077392578,0.43586657941403484
67,G,V,1.685542345046997,0.419640947651734
67,G,W,1.3510262966156006,0.4718712447173139
67,G,Y,1.2005131244659424,0.4953719040444901
68,N,A,-0.12946617603302,0.7030307421835491
68,N,C,0.0574142932891845,0.6738518060032854
68,N,D,1.2941224575042725,0.4807560334588208
68,N,E,1.4994392395019531,0.44869850866569555
68,N,F,0.6938343644142151,0.5744831523042241
68,N,G,0.3237781524658203,0.632262580142323
68,N,H,0.3095122575759887,0.6344900126720812
68,N,I,0.8603585958480835,0.5484825758978217
68,N,K,0.0167335271835327,0.6802035745014396
68,N,L,0.552997350692749,0.5964730063007504
68,N,M,0.4348560571670532,0.6149192210204739
68,N,P,2.167506456375122,0.3443885678999781
68,N,Q,0.4358749985694885,0.6147601266739062
68,N,R,-0.1973079442977905,0.7136233452187063
68,N,S,-0.2272809743881225,0.7183032410650029
68,N,T,-0.2743488550186157,0.7256522737918499
68,N,V,0.5002871751785278,0.604703009430335
68,N,W,0.9913667440414428,0.5280273704443411
68,N,Y,0.6158638000488281,0.5866572341106767
69,C,A,-0.4474793672561645,0.7526843343691699
69,C,D,2.126243352890014,0.3508312607482913
69,C,E,2.2080652713775635,0.33805584046839765
69,C,F,0.3490306138992309,0.628319739227847
69,C,G,0.9556095004081726,0.5336103954321394
69,C,H,1.4910091161727903,0.450014761945161
69,C,I,0.7322987914085388,0.5684774361127546
69,C,K,1.710384964942932,0.4157620981222829
69,C,L,1.3111203908920288,0.4781020289215003
69,C,M,0.6249004602432251,0.585246278048487
69,C,N,2.021568775177002,0.36717482427775827
69,C,P,1.6096415519714355,0.4314918617960301
69,C,Q,1.470555067062378,0.4532083936595147
69,C,R,1.6452664136886597,0.42592950650953204
69,C,S,-0.0634273290634155,0.6927196416810028
69,C,T,0.305453896522522,0.6351236725649799
69,C,V,0.5893049240112305,0.5908040545447825
69,C,W,1.2882832288742063,0.48166775248519433
69,C,Y,0.9425765872001648,0.5356453140307422
70,P,A,0.0840515494346618,0.6696927475425205
70,P,C,-0.1244876980781555,0.7022534180948057
70,P,D,0.8944065570831299,0.5431664329560324
70,P,E,0.5337846279144287,0.5994728211761676
70,P,F,0.0563862323760986,0.6740123242419283
70,P,G,0.5166358947753906,0.6021503711183911
70,P,H,0.2146201729774475,0.6493061681031722
70,P,I,-0.2092365026473999,0.7154858332789525
70,P,K,-0.3009932041168213,0.7298124397242288
70,P,L,-0.114675760269165,0.7007214125932589
70,P,M,-0.0183601379394531,0.6856829904011806
70,P,N,0.4958105087280273,0.605401982229008
70,P,Q,0.0886690020561218,0.6689717928282819
70,P,R,-0.1903657913208007,0.7125394190095958
70,P,S,0.2495744824409485,0.6438485107633771
70,P,T,0.0614951252937316,0.6732146375658616
70,P,V,-0.1216463446617126,0.7018097779953096
70,P,W,0.2782533168792724,0.6393706866074593
70,P,Y,0.161095917224884,0.6576632791932961
71,L,A,0.6785790920257568,0.5768650631644109
71,L,C,0.5617090463638306,0.5951127891901539
71,L,D,1.547744870185852,0.44115621748896094
71,L,E,1.266415238380432,0.48508215261658694
71,L,F,0.5462378263473511,0.5975284174424211
71,L,G,1.3668357133865356,0.4694028114739718
71,L,H,0.6385084390640259,0.5831215704907916
71,L,I,0.4059300422668457,0.6194356391661674
71,L,K,-0.1723710298538208,0.7097297728313278
71,L,M,0.2063465118408203,0.6505979918617403
71,L,N,0.7949721813201904,0.5586918076248472
71,L,P,2.117082118988037,0.3522616673623574
71,L,Q,0.4337694644927978,0.6150888782265534
71,L,R,-0.4504811763763428,0.7531530275240014
71,L,S,0.8334469199180603,0.5526844814116195
71,L,T,0.5700696706771851,0.593807387271209
71,L,V,0.6539392471313477,0.580712252034779
71,L,W,0.6302223801612854,0.5844153299980632
71,L,Y,0.5734825730323792,0.5932745072951855
72,V,A,1.932746410369873,0.3810432725082624
72,V,C,1.5603394508361816,0.4391897387748074
72,V,D,2.7787182331085205,0.24895585901063666
72,V,E,2.704521894454956,0.2605406449341401
72,V,F,2.310074806213379,0.3221283884583069
72,V,G,3.0353879928588867,0.20888023973205372
72,V,H,2.968636274337769,0.2193026457850505
72,V,I,0.4020287990570068,0.6200447671668431
72,V,K,2.7965633869171143,0.2461695721075885
72,V,L,0.8401702642440796,0.5516347193058286
72,V,M,1.8717844486236568,0.3905616839167315
72,V,N,3.047834873199463,0.20693682248562723
72,V,P,2.725903987884521,0.2572021112615495
72,V,Q,2.769010066986084,0.2504716619232758
72,V,R,2.85474157333374,0.23708581073492535
72,V,S,2.94115686416626,0.2235931955603901
72,V,T,2.0696866512298584,0.3596618485261005
72,V,W,2.6795687675476074,0.2644367486852079
72,V,Y,2.6835718154907227,0.2638117252096016
73,E,A,-0.0474894642829895,0.6902311529643144
73,E,C,-0.3265610337257385,0.7338045212463498
73,E,D,0.4357744753360748,0.6147758220594275
73,E,F,-0.1162015199661254,0.7009596399745658
73,E,G,0.7631676197052002,0.5636576731161471
73,E,H,0.105114459991455,0.6664040500925605
73,E,I,-0.8002977967262268,0.8077723083777232
73,E,K,0.104110300540924,0.6665608364310587
73,E,L,-0.2682326436042785,0.724697307533625
73,E,M,-0.2638377547264099,0.7240111032312077
73,E,N,0.4912723898887634,0.6061105500128412
73,E,P,1.7027673721313477,0.41695148540979676
73,E,Q,-0.181558072566986,0.7111642091530315
73,E,R,0.0806421637535095,0.6702250784359791
73,E,S,0.243837833404541,0.6447442133305261
73,E,T,-0.1836223006248474,0.7114865113121618
73,E,V,-0.8508453965187073,0.8156646536493275
73,E,W,0.0831179618835449,0.6698385150037836
73,E,Y,0.0023481845855712,0.6824496572254372
74,A,C,0.1369646787643432,0.6614310558344006
74,A,D,0.875354528427124,0.5461411575501776
74,A,E,0.4402211308479309,0.6140815350755247
74,A,F,0.3219113349914551,0.632554059225944
74,A,G,0.8082398772239685,0.5566202307851721
74,A,H,0.2954386472702026,0.6366874224839669
74,A,I,0.2468687891960144,0.6442709693049445
74,A,K,-0.0001219511032104,0.6828353365416383
74,A,L,0.2582534551620483,0.6424934029125797
74,A,M,0.169919729232788,0.656285556586011
74,A,N,0.5333915948867798,0.5995341881326618
74,A,P,2.5075173377990723,0.29130032467345135
74,A,Q,0.1331732273101806,0.6620230412912695
74,A,R,-0.078647494316101,0.6950960710220243
74,A,S,0.3097111582756042,0.634458956934468
74,A,T,0.4361065030097961,0.6147239802894623
74,A,V,0.3553486466407776,0.6273332612142856
74,A,W,0.2070818543434143,0.6504831777667648
74,A,Y,0.1679286360740661,0.6565964396890875
75,A,C,0.5613390803337097,0.5951705545372815
75,A,D,1.218964695930481,0.4924909329716859
75,A,E,1.5065118074417114,0.44759421986926184
75,A,F,0.8840903043746948,0.5447771806199839
75,A,G,0.5558755993843079,0.5960236054875647
75,A,H,0.7629750967025757,0.563687733059956
75,A,I,0.9065802097320556,0.5412656766329558
75,A,K,0.6125532984733582,0.5871741255469282
75,A,L,0.7671119570732117,0.5630418165274299
75,A,M,0.5711177587509155,0.5936437420538913
75,A,N,0.8103539347648621,0.5562901484052911
75,A,P,1.989020109176636,0.37225687191720386
75,A,Q,0.7434524297714233,0.5667359416529605
75,A,R,0.4625779986381531,0.6105908031611224
75,A,S,0.1329469680786132,0.6620583687051081
75,A,T,0.2583494186401367,0.6424784194730959
75,A,V,0.9780369997024536,0.5301086353340178
75,A,W,0.8925778269767761,0.5434519651962807
75,A,Y,0.7660807967185974,0.5632028187032487
76,G,A,0.6608724594116211,0.5796297217982912
76,G,C,0.2391855716705322,0.645470603031509
76,G,D,1.1783690452575684,0.4988294118104719
76,G,E,1.0986284017562866,0.5112798682767679
76,G,F,0.7205433249473572,0.5703128981430252
76,G,H,0.3758555650711059,0.6241313746484896
76,G,I,1.4523861408233645,0.4560452333844731
76,G,K,0.4261111617088318,0.6162846218427427
76,G,L,0.7550625205039978,0.5649231781375351
76,G,M,0.5768482685089111,0.5927489980546098
76,G,N,0.4338905811309814,0.6150699674507578
76,G,P,2.0788371562957764,0.3582331170791816
76,G,Q,0.4991151690483093,0.6048860028282034
76,G,R,0.5777211785316467,0.592612704594213
76,G,S,0.8386157155036926,0.5518774417189807
76,G,T,1.279999613761902,0.4829611304266156
76,G,V,1.4043264389038086,0.4635491260075991
76,G,W,1.0381373167037964,0.5207247584604411
76,G,Y,0.862616777420044,0.5481299904392627
77,A,C,0.5242520570755005,0.6009612071864969
77,A,D,1.95199191570282,0.37803833906656187
77,A,E,1.882174253463745,0.3889394520513372
77,A,F,1.0746026039123535,0.5150311817474086
77,A,G,1.428699612617493,0.45974357434732416
77,A,H,1.7593729496002195,0.4081132663149834
77,A,I,0.6122136116027832,0.5872271632001068
77,A,K,2.041419982910156,0.36407531834411155
77,A,L,1.0324764251708984,0.5216086324862337
77,A,M,1.0727784633636477,0.5153159973883772
77,A,N,1.9170551300048828,0.3834932603000165
77,A,P,1.3799811601638794,0.4673503222332912
77,A,Q,1.905322790145874,0.38532511141443637
77,A,R,1.8213611841201784,0.398434615862396
77,A,S,0.7917868494987488,0.5591891554443807
77,A,T,0.6171140670776367,0.5864620212991175
77,A,V,0.1061047315597534,0.6662494321648695
77,A,W,1.3865175247192385,0.4663297545682832
77,A,Y,1.2759120464324951,0.4835993504967485
78,T,A,1.227021336555481,0.491232994121913
78,T,C,0.307848572731018,0.6347497752577143
78,T,D,2.624295473098755,0.27306694924626973
78,T,E,1.5067312717437744,0.44755995339461646
78,T,F,0.2652167081832886,0.6414061822080795
78,T,G,2.6149816513061523,0.2745211804597634
78,T,H,0.8355869054794312,0.5523503507111327
78,T,I,-0.6604511737823486,0.785937090921856
78,T,K,0.5540331602096558,0.5963112782191679
78,T,L,0.2738726139068603,0.6400546759666488
78,T,M,0.2969094514846802,0.6364577756810477
78,T,N,1.6670897006988523,0.422522086241253
78,T,P,2.862340211868286,0.2358993829093715
78,T,Q,0.9943190813064576,0.5275664016713553
78,T,R,0.1329280138015747,0.6620613281670683
78,T,S,0.955163598060608,0.5336800172400757
78,T,V,-0.456100583076477,0.7540304242368246
78,T,W,0.5022603273391724,0.6043949275789878
78,T,Y,0.2256228923797607,0.6475882376612493
79,T,A,1.7731252908706665,0.4059660184526735
79,T,C,0.908911943435669,0.540901606972954
79,T,D,2.4750401973724365,0.29637120453191534
79,T,E,2.53699278831482,0.28669811935685047
79,T,F,1.6045424938201904,0.43228801290221186
79,T,G,1.7726744413375854,0.4060364126987945
79,T,H,2.029951810836792,0.36586592312077243
79,T,I,0.5086355209350586,0.6033995246471252
79,T,K,1.5290029048919678,0.4440825297525507
79,T,L,0.5424777269363403,0.5981155076886264
79,T,M,1.0193300247192385,0.5236612706306606
79,T,N,1.679742455482483,0.4205465243985676
79,T,P,1.615877628326416,0.4305181801981768
79,T,Q,2.024866819381714,0.3666598778966944
79,T,R,1.2402446269989014,0.4891683506129307
79,T,S,0.9604837894439696,0.5328493390776925
79,T,V,0.4897100925445556,0.6063544822689328
79,T,W,1.8674025535583496,0.39124585940560386
79,T,Y,1.899826407432556,0.3861832995439712
80,I,A,1.6759740114212036,0.42113491755255406
80,I,C,0.9178885221481324,0.5395000318467889
80,I,D,3.0596024990081787,0.20509946193258977
80,I,E,2.473299741744995,0.2966429538691355
80,I,F,0.3407679796218872,0.629609841286847
80,I,G,2.774080514907837,0.24967997792948676
80,I,H,1.991468071937561,0.371874654613107
80,I,K,2.2004497051239014,0.33924491133545037
80,I,L,0.188334584236145,0.6534103183074439
80,I,M,0.3873041868209839,0.6223438223986302
80,I,N,2.46665620803833,0.2976802545926476
80,I,P,2.847256898880005,0.2382544445627816
80,I,Q,2.1428401470184326,0.3482398888493095
80,I,R,2.032627820968628,0.36544809920831234
80,I,S,2.207371234893799,0.33816420516985624
80,I,T,1.7263141870498655,0.4132749588457965
80,I,V,0.5946797132492065,0.5899648516429166
80,I,W,0.8581377267837524,0.548829335497302
80,I,Y,0.875346302986145,0.5461424418449905
81,D,A,-0.1713657081127166,0.7095728050163885
81,D,C,-0.6911283731460571,0.7907269335719169
81,D,E,0.3298630714416504,0.6313124997882775
81,D,F,-1.2410764694213867,0.8765941216300152
81,D,G,0.415044903755188,0.618012472996771
81,D,H,-0.2900329530239105,0.7281011401522638
81,D,I,-0.0205587446689605,0.6860262740288303
81,D,K,0.4368360936641693,0.6146100642702074
81,D,L,-0.0556609332561492,0.691507020755805
81,D,M,-0.3593707382678985,0.7389273266331363
81,D,N,0.2254455387592315,0.6476159291048418
81,D,P,2.0510499477386475,0.3625717255386789
81,D,Q,-0.0047080814838409,0.6835514006984554
81,D,R,0.1708396673202514,0.6561419203096186
81,D,S,-0.2942661941051483,0.7287621052696627
81,D,T,0.0704021155834198,0.671823927759943
81,D,V,-0.0672226250171661,0.6933122274060994
81,D,W,-1.399962306022644,0.9014020627859348
81,D,Y,-1.1145422458648682,0.8568374608769367
82,E,A,-0.7390173077583313,0.7982041631179492
82,E,C,-1.2007383108139038,0.8702958468027631
82,E,D,0.6240712404251099,0.5853757498560008
82,E,F,-0.4189682900905609,0.7482327033128963
82,E,G,0.6027671098709106,0.5887021106473215
82,E,H,-0.1175906583666801,0.7011765357308872
82,E,I,-1.6071090698242188,0.9337453152554755
82,E,K,0.1406766176223755,0.6608514852273897
82,E,L,-0.6483670473098755,0.7840503129379748
82,E,M,-0.9392407536506652,0.8294664302273712
82,E,N,0.5716400146484375,0.5935621986397569
82,E,P,0.9173306226730348,0.5395871405384457
82,E,Q,-0.5780502557754517,0.7730712674549161
82,E,R,-0.1254651844501495,0.7024060397816461
82,E,S,-0.7045202255249023,0.7928178958180793
82,E,T,-1.542955994606018,0.9237286532985103
82,E,V,-2.0314462184906006,1.0
82,E,W,-0.1461914479732513,0.7056421742091192
82,E,Y,-0.1180389896035194,0.7012465367780528
83,F,A,3.5333738327026367,0.13112627704040858
83,F,C,2.159743309020996,0.34560068162178964
83,F,D,3.5868008136749268,0.12278435413241962
83,F,E,3.496215581893921,0.13692805093818483
83,F,G,3.975877523422241,0.06203512483029161
83,F,H,3.246938943862915,0.17584933114856793
83,F,I,1.961982607841492,0.3764784234190452
83,F,K,3.502046585083008,0.13601761620662423
83,F,L,2.192150354385376,0.3405407461886877
83,F,M,2.224055528640747,0.33555917135214025
83,F,N,3.4524266719818115,0.14376511535889658
83,F,P,3.791491985321045,0.09082451019694715
83,F,Q,3.706919670104981,0.10402936888152181
83,F,R,3.211063861846924,0.18145075505553354
83,F,S,3.2965667247772217,0.16810060354038758
83,F,T,3.162402868270874,0.18904853149077855
83,F,V,2.4207589626312256,0.30484650797076174
83,F,W,1.0809166431427002,0.5140453272682852
83,F,Y,1.3798813819885254,0.46736590128776057
84,D,A,-0.574860692024231,0.7725732588750077
84,D,C,-0.6511741280555725,0.7844886018090838
84,D,E,0.186567947268486,0.6536861555178275
84,D,F,-0.6464364528656006,0.7837488759163118
84,D,G,0.0549522936344146,0.6742362149844
84,D,H,-0.6687890887260437,0.7872389470703394
84,D,I,-0.6438151001930237,0.7833395860498186
84,D,K,-0.7052688598632812,0.7929347852590205
84,D,L,-0.3263981342315674,0.733779086625164
84,D,M,-0.6123288869857788,0.7784234264903711
84,D,N,-0.3363053202629089,0.7353259638883847
84,D,P,0.7295581102371216,0.568905357560519
84,D,Q,-0.656151294708252,0.785265721155176
84,D,R,-0.8536626696586609,0.8161045339292263
84,D,S,-0.9790762066841124,0.8356862141672906
84,D,T,-0.6265352964401245,0.7806415711489462
84,D,V,-0.4937628507614136,0.759910893764585
84,D,W,-0.8147469162940979,0.8100283490397626
84,D,Y,-0.7500870823860168,0.7999325633545424
85,D,A,-0.2414091974496841,0.7205091779429923
85,D,C,-1.073148488998413,0.8503743682153637
85,D,E,-0.3612757325172424,0.7392247665198564
85,D,F,-1.467201828956604,0.9119006331052265
85,D,G,0.5039738416671753,0.6041273847726041
85,D,H,-0.6699972152709961,0.7874275801976035
85,D,I,-1.3367332220077517,0.8915296699462842
85,D,K,-0.1986327618360519,0.7138301981153179
85,D,L,-0.7318997979164124,0.7970928572324654
85,D,M,-0.787704586982727,0.805806043712705
85,D,N,-0.0784541368484497,0.6950658807874374
85,D,P,0.9210476875305176,0.5390067695737977
85,D,Q,-0.2928479313850403,0.7285406621325228
85,D,R,-0.4147778749465942,0.7475784249043601
85,D,S,-0.2657175660133362,0.7243046111283736
85,D,T,-0.5361375212669373,0.766527143235837
85,D,V,-1.1830915212631226,0.8675405318789706
85,D,W,-1.2666480541229248,0.8805867894606376
85,D,Y,-1.3498114347457886,0.893571661472842
86,T,A,0.5965189933776855,0.5896776721549735
86,T,C,0.1419128179550171,0.6606584687460901
86,T,D,1.1316708326339722,0.5061207257226122
86,T,E,0.938518524169922,0.5362789273912202
86,T,F,0.3729388117790222,0.6245867874504369
86,T,G,0.9491947293281556,0.5346119778694786
86,T,H,0.2162297368049621,0.6490548558051485
86,T,I,-0.0646111965179443,0.6929044870692174
86,T,K,0.0733026266098022,0.6713710509749269
86,T,L,0.4716736078262329,0.6091706429861068
86,T,M,0.4041020274162292,0.6197210597286058
86,T,N,0.5833033919334412,0.5917411151275002
86,T,P,1.2461950778961182,0.4882392656871307
86,T,Q,0.4483281970024109,0.6128157229401596
86,T,R,-0.0060323476791381,0.6837581675100886
86,T,S,0.247369110584259,0.644192850676978
86,T,V,0.0570427179336547,0.673909822625485
86,T,W,0.6277260780334473,0.5848050948608069
86,T,Y,0.3408122658729553,0.6296029265691226
87,S,A,0.7537634372711182,0.5651260129596143
87,S,C,0.250021755695343,0.6437786749063051
87,S,D,1.2770025730133057,0.483429079062715
87,S,E,1.3855228424072266,0.46648506117580135
87,S,F,-0.202364444732666,0.714412851495204
87,S,G,0.7383003234863281,0.5675403755300369
87,S,H,0.4984667897224426,0.604987238762802
87,S,I,0.6275457143783569,0.5848332562818489
87,S,K,0.9372742176055908,0.5364732095543643
87,S,L,0.7023057341575623,0.5731604589377259
87,S,M,0.4407963156700134,0.6139917275034639
87,S,N,0.7879486083984375,0.5597884464913085
87,S,P,1.4665989875793457,0.4538260836256097
87,S,Q,0.7832028865814209,0.5605294287594409
87,S,R,0.7420535087585449,0.5669543648359932
87,S,T,-0.0065802335739135,0.683843712712408
87,S,V,0.7076206207275391,0.572330609052432
87,S,W,-0.0908080339431762,0.6969947799185877
87,S,Y,0.103447675704956,0.6666642966153695
88,S,A,-0.0143628120422363,0.6850588603480529
88,S,C,0.0332436561584472,0.677625734230414
88,S,D,0.2943429946899414,0.6368584942756375
88,S,E,0.1720439791679382,0.6559538827973401
88,S,F,0.538324773311615,0.5987639369718734
88,S,G,0.469477504491806,0.6095135357414222
88,S,H,0.2388137578964233,0.6455286568796453
88,S,I,0.1985852122306823,0.6518098170825432
88,S,K,0.0001072287559509,0.6827995531100763
88,S,L,0.2068156003952026,0.6505247498314689
88,S,M,0.2825163602828979,0.6387050682479848
88,S,N,0.2791045308113098,0.6392377807072936
88,S,P,0.0222944617271423,0.6793353074495688
88,S,Q,0.084223985671997,0.6696658238838706
88,S,R,0.1030818223953247,0.6667214198150906
88,S,T,0.1349353194236755,0.6617479137003025
88,S,V,0.1358590126037597,0.6616036911154086
88,S,W,0.4594610929489136,0.6110774671368502
88,S,Y,0.4708492159843445,0.6092993609684045
89,Y,A,1.018832445144653,0.5237389611603563
89,Y,C,0.3067283630371094,0.6349246813208552
89,Y,D,1.1728326082229614,0.49969385389735643
89,Y,E,1.2176344394683838,0.49269863508497624
89,Y,F,0.0923792123794555,0.6683924921093114
89,Y,G,1.3627277612686155,0.47004421436168453
89,Y,H,0.4788519144058227,0.6080498444867886
89,Y,I,1.318817377090454,0.47690024539709674
89,Y,K,1.2036653757095337,0.49487972132366054
89,Y,L,0.8483763337135315,0.5503534491002883
89,Y,M,0.9009000062942504,0.5421525659596134
89,Y,N,0.6248955130577087,0.5852470504866715
89,Y,P,2.312663555145264,0.3217241892386443
89,Y,Q,1.1234700679779053,0.5074011676510632
89,Y,R,1.0519351959228516,0.5185704004442395
89,Y,S,0.9168315529823304,0.5396650637302451
89,Y,T,0.826054573059082,0.5538386994955253
89,Y,V,0.9649391770362854,0.5321536886938614
89,Y,W,-0.0334835052490234,0.6880443060119404
90,G,A,1.6531941890716553,0.4246916882784944
90,G,C,1.3171824216842651,0.4771555222573689
90,G,D,2.0356717109680176,0.36497283567566996
90,G,E,2.2711756229400635,0.3282019861451765
90,G,F,1.355739951133728,0.4711352693376549
90,G,H,1.855354070663452,0.39312707211196257
90,G,I,2.0212435722351074,0.3672256004552881
90,G,K,2.0580875873565674,0.3614728903419579
90,G,L,1.7616605758666992,0.40775608345325365
90,G,M,1.5477067232131958,0.4411621736388178
90,G,N,1.8965927362442017,0.3866881949221515
90,G,P,2.3792128562927246,0.3113333880058256
90,G,Q,1.8207652568817136,0.3985276620909415
90,G,R,2.074676990509033,0.3588826724470109
90,G,S,1.70894455909729,0.415986998618285
90,G,T,1.811584949493408,0.3999610467799361
90,G,V,1.9308401346206665,0.38134091248439167
90,G,W,1.513152837753296,0.4465573100180841
90,G,Y,1.518440008163452,0.4457317876479206
91,D,A,-0.6267479658126831,0.7806747766843983
91,D,C,-1.0442739725112915,0.845865990871977
91,D,E,-0.26031294465065,0.72346075033119
91,D,F,-0.6124513745307922,0.7784425513153022
91,D,G,-0.1008413881063461,0.6985613566821357
91,D,H,-1.000438570976257,0.8390216673936272
91,D,I,-1.0059155225753784,0.8398768216093286
91,D,K,-1.251444935798645,0.8782130217740832
91,D,L,-0.5737234950065613,0.7723957004638836
91,D,M,-0.7921653985977173,0.8065025409865938
91,D,N,-0.7982988953590393,0.8074602061252227
91,D,P,0.5844331979751587,0.591564710720411
91,D,Q,-0.9376826286315918,0.8292231494251702
91,D,R,-1.4630892276763916,0.91125850431175
91,D,S,-1.1216769218444824,0.8579514470298562
91,D,T,-1.4944781064987185,0.9161594663825783
91,D,V,-1.0047295093536377,0.8396916411876847
91,D,W,-0.511561393737793,0.7626899029970267
91,D,Y,-0.7451784014701843,0.7991661371587402
92,P,A,0.0192252397537231,0.6798145262379756
92,P,C,-0.3891094326972961,0.7435706340369916
92,P,D,1.349531888961792,0.47210457688795715
92,P,E,1.1639938354492188,0.5010739124321637
92,P,F,-0.2809465527534485,0.7266824178290497
92,P,G,0.6661906242370605,0.578799360056369
92,P,H,0.4912325739860534,0.6061167667442543
92,P,I,-0.3833699822425842,0.7426744940650876
92,P,K,0.9227068424224854,0.53874771428096
92,P,L,0.1883193254470825,0.6534127007673867
92,P,M,0.2443757057189941,0.644660231617544
92,P,N,0.9178184270858764,0.5395109762721508
92,P,Q,1.0325968265533447,0.5215898333882478
92,P,R,0.8141642808914185,0.5556952127929463
92,P,S,0.4479960799217224,0.6128675786698511
92,P,T,0.0016645193099975,0.6825564025986534
92,P,V,-0.5921496748924255,0.7752727069744394
92,P,W,-0.2924434542655945,0.7284775083310716
92,P,Y,-0.243439495563507,0.7208261823860196
93,T,A,0.4597389101982116,0.6110340896142206
93,T,C,0.4377092123031616,0.6144737382371159
93,T,D,2.039235830307007,0.3644163451493544
93,T,E,1.5238938331604004,0.44488024434806983
93,T,F,0.9973748922348022,0.5270892768418827
93,T,G,1.0589401721954346,0.5174766652008334
93,T,H,1.0761977434158323,0.5147821216185495
93,T,I,0.0850175619125366,0.6695419173538792
93,T,K,0.355908989906311,0.6272457709567785
93,T,L,0.737846314907074,0.5676112630198179
93,T,M,0.4917716383934021,0.6060325989015892
93,T,N,1.303159236907959,0.4793450587836627
93,T,P,1.3419368267059326,0.4732904463244618
93,T,Q,0.6871654987335205,0.5755244082835006
93,T,R,0.1369516849517822,0.6614330846479456
93,T,S,0.3601869344711303,0.6265778259762661
93,T,V,0.2281709909439087,0.647190385463778
93,T,W,1.1386353969573977,0.5050333002754608
93,T,Y,1.128764510154724,0.5065745098898333
94,G,A,2.327011823654175,0.3194838951477891
94,G,C,1.7510673999786377,0.40941006904257243
94,G,D,3.100830554962158,0.19866224129695764
94,G,E,3.045490026473999,0.20730293957214224
94,G,F,1.6176412105560305,0.4302428199451059
94,G,H,2.658975839614868,0.26765206450763435
94,G,I,2.292649745941162,0.3248490832610561
94,G,K,2.927031993865967,0.22579860894864617
94,G,L,2.0473008155822754,0.3631571033918003
94,G,M,2.037734031677246,0.3646508313240324
94,G,N,2.8825721740722656,0.2327404271549658
94,G,P,2.713912010192871,0.25907450142093263
94,G,Q,2.736090898513794,0.2556115586682064
94,G,R,2.9025676250457764,0.22961839952967267
94,G,S,2.602872848510742,0.27641181132808335
94,G,T,2.831052303314209,0.24078457979604734
94,G,V,2.188431024551392,0.3411214707997333
94,G,W,1.865725040435791,0.3915077810955601
94,G,Y,1.962355375289917,0.3764202206671625
95,F,A,2.463057041168213,0.2982422173316442
95,F,C,1.6133253574371338,0.43091668384953863
95,F,D,3.017397165298462,0.21168927168236779
95,F,E,2.724559545516968,0.25741202831806775
95,F,G,2.817044734954834,0.2429716780234934
95,F,H,2.5039877891540527,0.2918514174389591
95,F,I,1.1465603113174438,0.5037959287556625
95,F,K,2.6491808891296387,0.2691814176611979
95,F,L,1.003935933113098,0.526064856292436
95,F,M,1.1195485591888428,0.5080134598563504
95,F,N,2.8739163875579834,0.23409191478342828
95,F,P,2.5787441730499268,0.2801791877903693
95,F,Q,2.6141552925109863,0.2746502055560381
95,F,R,2.468167543411255,0.2974442793805054
95,F,S,2.7344233989715576,0.25587191686882527
95,F,T,2.4351677894592285,0.3025967584920086
95,F,V,1.5854114294052124,0.4352750778943417
95,F,W,1.4949626922607422,0.44939746285140036
95,F,Y,1.141332745552063,0.5046121446416745
96,I,A,3.032354593276977,0.2093538653234855
96,I,C,2.051599264144897,0.3624859569807399
96,I,D,4.215256690979004,0.02465920492621243
96,I,E,4.026682376861572,0.05410261277308992
96,I,F,1.7921702861785889,0.40299239202365816
96,I,G,3.839178085327149,0.08337895061648193
96,I,H,3.6317038536071777,0.1157733329099504
96,I,K,3.5713205337524414,0.12520139697027788
96,I,L,0.4784488677978515,0.6081127749326202
96,I,M,1.583935022354126,0.43550559950677126
96,I,N,3.974287509918213,0.062283384601513725
96,I,P,3.721936464309693,0.10168469326442464
96,I,Q,3.887177228927612,0.0758845133812539
96,I,R,3.5191378593444824,0.13334903771512263
96,I,S,3.840764284133911,0.0831312864602457
96,I,T,3.299066066741944,0.16771036404695217
96,I,V,0.9812982082366944,0.5295994403601595
96,I,W,2.582123041152954,0.27965162181679626
96,I,Y,2.442873001098633,0.3013936906727922
97,A,C,0.5014992952346802,0.6045137527686326
97,A,D,3.372966051101685,0.15617184996264932
97,A,E,2.85854721069336,0.2364916103348283
97,A,F,0.9834158420562744,0.5292687995912295
97,A,G,1.8558473587036133,0.39305005164912576
97,A,H,2.7397820949554443,0.25503522671768014
97,A,I,0.6497759819030762,0.5813622913397842
97,A,K,3.041081666946411,0.20799124713997785
97,A,L,0.9569989442825316,0.5333934519800867
97,A,M,1.0874298810958862,0.5130283705191281
97,A,N,2.9837117195129395,0.21694881258754845
97,A,P,2.997060775756836,0.21486453239700676
97,A,Q,2.950678825378418,0.2221064661042399
97,A,R,2.997648000717163,0.21477284491514742
97,A,S,1.818480849266052,0.398884342402527
97,A,T,1.905576229095459,0.3852855402438247
97,A,V,0.48238205909729,0.6074986586564394
97,A,W,1.751050353050232,0.4094127306970397
97,A,Y,1.6149623394012451,0.4306610905688053
98,V,A,2.13146448135376,0.3500160499625674
98,V,C,1.204527497291565,0.4947451123368951
98,V,D,3.75545072555542,0.09645188058172682
98,V,E,3.032374143600464,0.20935081279668377
98,V,F,1.298845648765564,0.4800185690416976
98,V,G,3.841777801513672,0.08297303900373565
98,V,H,2.4046852588653564,0.30735620616483106
98,V,I,-0.5122578144073486,0.7627986399578514
98,V,K,2.291144371032715,0.32508412782478324
98,V,L,0.6958664655685425,0.5741658663400513
98,V,M,1.1925764083862305,0.49661111824815046
98,V,N,3.276565790176392,0.1712234873622226
98,V,P,3.867079496383667,0.07902251093335066
98,V,Q,2.438793659210205,0.30203062644811224
98,V,R,2.307806968688965,0.32248248156729836
98,V,S,2.717571258544922,0.2585031577459115
98,V,T,1.535407304763794,0.44308256664345386
98,V,W,1.6392879486083984,0.42686296548288316
98,V,Y,1.35798180103302,0.4707852338557535
99,D,A,2.479296922683716,0.2957065726597608
99,D,C,1.536279320716858,0.44294641278031927
99,D,E,2.2289626598358154,0.33479298712492594
99,D,F,1.838167667388916,0.3958105037521697
99,D,G,2.59253478050232,0.2780259651652342
99,D,H,2.2073049545288086,0.33817455398023255
99,D,I,2.0910861492156982,0.35632059736013766
99,D,K,2.727539300918579,0.25694677856237236
99,D,L,2.270974636077881,0.3282333676097349
99,D,M,2.2059664726257324,0.3383835403883358
99,D,N,1.2697316408157349,0.4845643398384045
99,D,P,3.0355944633483887,0.20884800207095333
99,D,Q,2.342736005783081,0.31702877017678344
99,D,R,2.6230857372283936,0.27325583364860606
99,D,S,1.4471944570541382,0.45685584676702606
99,D,T,2.2454991340637207,0.33221103338790536
99,D,V,2.233325719833374,0.3341117524850454
99,D,W,2.110255002975464,0.3533276320570558
99,D,Y,2.503049373626709,0.29199793872543833
100,P,A,0.2133967876434326,0.6494971836903791
100,P,C,-0.0651755928993225,0.6929926101676467
100,P,D,0.9357319474220276,0.536714014831781
100,P,E,0.6530827879905701,0.5808459769055502
100,P,F,0.098790168762207,0.6673915052869579
100,P,G,0.3224539756774902,0.6324693329942299
100,P,H,0.3124678134918213,0.6340285413489511
100,P,I,-0.0116260051727294,0.6846315438217584
100,P,K,-0.0816866755485534,0.6955705993424187
100,P,L,0.0564971566200256,0.6739950048749226
100,P,M,0.1859410405158996,0.6537840387915107
100,P,N,0.4709651172161102,0.6092812645099721
100,P,Q,0.3729099035263061,0.6245913010952504
100,P,R,-0.0232282876968383,0.6864430881877599
100,P,S,0.3740298748016357,0.6244164322580461
100,P,T,0.1519331932067871,0.6590939184694661
100,P,V,0.0834904909133911,0.6697803494778374
100,P,W,0.2226325273513794,0.6480551439711237
100,P,Y,0.122865617275238,0.663632439515019
101,T,A,0.3557419776916504,0.6272718477253706
101,T,C,0.4549749493598938,0.6117779196665033
101,T,D,1.1463347673416138,0.5038311444916912
101,T,E,0.8370193243026733,0.5521266972840069
101,T,F,0.7545207738876343,0.5650077647719869
101,T,G,0.930466651916504,0.537536121722261
101,T,H,0.5563762784004211,0.5959454310206932
101,T,I,0.4620059728622436,0.6106801174895231
101,T,K,0.0959609746932983,0.667833246863687
101,T,L,0.3644149303436279,0.6259176798294726
101,T,M,0.4490094184875488,0.6127093591327936
101,T,N,0.5655227899551392,0.5945173231082124
101,T,P,1.6491163969039917,0.4253283820852265
101,T,Q,0.4548284411430359,0.6118007950045474
101,T,R,-0.0346338748931884,0.6882239211560619
101,T,S,0.3766137361526489,0.624012996170084
101,T,V,0.4358500838279724,0.6147640167842814
101,T,W,0.813274621963501,0.5558341213753897
101,T,Y,0.6259838342666626,0.5850771233925516
102,N,A,0.9391108751296996,0.5361864395517238
102,N,C,0.1836695671081543,0.6541386995960353
102,N,D,1.5267250537872314,0.4444381863508796
102,N,E,1.6287521123886108,0.42850799823444835
102,N,F,0.4864273071289062,0.6068670461900538
102,N,G,1.3200838565826416,0.4767025012218483
102,N,H,0.1826522350311279,0.654297542667531
102,N,I,1.470548152923584,0.45320947321167626
102,N,K,0.4012612104415893,0.6201646160697445
102,N,L,0.6856824159622192,0.575755972222155
102,N,M,0.7814658284187317,0.5608006476270644
102,N,P,2.5273637771606445,0.2882015632585367
102,N,Q,0.9722995162010192,0.5310044681919449
102,N,R,0.0452373027801513,0.6757530834894745
102,N,S,0.7825489640235901,0.5606315301970656
102,N,T,0.9616714715957642,0.5326638980744922
102,N,V,1.2678685188293457,0.4848552419200082
102,N,W,0.5930013656616211,0.5902269036236509
102,N,Y,0.4324897527694702,0.6152886884412835
103,E,A,-0.5431632995605469,0.7676241264422119
103,E,C,-0.8469372391700745,0.8150544460964902
103,E,D,0.3659915030002594,0.6256715186704266
103,E,F,-0.5973175168037415,0.7760795977633318
103,E,G,-0.2726644873619079,0.7253892818562163
103,E,H,-0.695624053478241,0.7914288751390343
103,E,I,-0.0421534180641174,0.6893979992771468
103,E,K,-1.070971965789795,0.8500345326400922
103,E,L,-0.5592113733291626,0.7701298228480962
103,E,M,-0.6365299820899963,0.782202110330901
103,E,N,-0.4828730821609497,0.7582105991101289
103,E,P,0.8978729844093323,0.542625195757241
103,E,Q,-0.7340295910835266,0.7974253965241622
103,E,R,-0.9922298789024352,0.8377399877027841
103,E,S,-0.3706618547439575,0.7406902864986257
103,E,T,-0.1957618594169616,0.7133819443263039
103,E,V,-0.0368438065052032,0.6885689730157003
103,E,W,-0.5852780342102051,0.7741997903360799
103,E,Y,-0.5652796626091003,0.7710773066930634
104,L,A,1.6173008680343628,0.4302959599696103
104,L,C,0.6916001439094543,0.5748319965561542
104,L,D,2.6488823890686035,0.269228024533828
104,L,E,2.2966439723968506,0.32422543714510427
104,L,F,0.4609167575836181,0.6108501841809053
104,L,G,2.471442937850952,0.29693286946341907
104,L,H,1.103095531463623,0.510582384515559
104,L,I,0.9544817209243774,0.5337864834187676
104,L,K,0.5433676242828369,0.5979765618802464
104,L,M,0.4308178424835205,0.6155497353217295
104,L,N,1.4049935340881348,0.463444967836977
104,L,P,2.3613712787628174,0.31411911651982466
104,L,Q,1.508564591407776,0.44727370455508847
104,L,R,-0.1497900485992431,0.7062040485365163
104,L,S,1.6754237413406372,0.4212208350142395
104,L,T,1.1205832958221436,0.5078518992914826
104,L,V,1.2459887266159058,0.4882714847352628
104,L,W,0.0214291810989379,0.6794704096799944
104,L,Y,0.3073620796203613,0.6348257347813578
105,I,A,2.819486379623413,0.24259044720671652
105,I,C,1.9978395700454712,0.3708798286832617
105,I,D,3.9321117401123047,0.0688685783351527
105,I,E,3.766289472579956,0.09475955227770438
105,I,F,1.898151516914368,0.3864448117486247
105,I,G,3.583132743835449,0.12335707516709515
105,I,H,3.547856092453003,0.12886506197318093
105,I,K,3.5318424701690674,0.1313653792312256
105,I,L,0.8773577213287354,0.5458283852308181
105,I,M,1.7459285259246826,0.4102124368801673
105,I,N,3.750155210494995,0.09727870585967147
105,I,P,3.2570745944976807,0.1742667821315952
105,I,Q,3.738237857818604,0.09913944430089705
105,I,R,3.458534240722656,0.14281149854087372
105,I,S,3.653795003890991,0.11232408930189497
105,I,T,2.9827847480773926,0.21709354702907063
105,I,V,0.7541017532348633,0.565073189355571
105,I,W,2.543827533721924,0.28563096343218075
105,I,Y,2.514021158218384,0.29028483834879004
106,V,A,2.733494281768799,0.2560169863437769
106,V,C,1.882746219635009,0.38885014702942067
106,V,D,4.051486492156982,0.050229775232400575
106,V,E,3.966032981872559,0.0635722209786691
106,V,F,2.384192943572998,0.31055581264201
106,V,G,3.735440254211426,0.09957625344102605
106,V,H,3.687288522720337,0.1070945152756817
106,V,I,0.1723158359527588,0.6559114359231256
106,V,K,3.747371912002564,0.09771328144360392
106,V,L,1.6807256937026978,0.42039300463600654
106,V,M,2.521324634552002,0.28914449623275384
106,V,N,3.950750827789306,0.06595832906320831
106,V,P,3.994788885116577,0.05908236353874374
106,V,Q,3.9087181091308594,0.07252118723488388
106,V,R,3.688465118408203,0.10691080527853358
106,V,S,3.642468452453613,0.11409258187221227
106,V,T,2.67319655418396,0.26543168629286296
106,V,W,2.901087999343872,0.22984942369224637
106,V,Y,2.731152534484864,0.2563826194931159
107,L,A,1.6272252798080444,0.4287463931324699
107,L,C,0.7523252964019775,0.5653505598092186
107,L,D,2.964440107345581,0.21995782226930727
107,L,E,2.6595821380615234,0.26755739895084657
107,L,F,0.8525787591934204,0.5496972954351956
107,L,G,2.309237480163574,0.32225912594766537
107,L,H,2.3165841102600098,0.32111204593710363
107,L,I,-0.1930930614471435,0.7129652464984261
107,L,K,2.338308334350586,0.3177200930454841
107,L,M,0.9121935367584229,0.540389229181516
107,L,N,2.648529529571533,0.26928311892000417
107,L,P,2.2931222915649414,0.324775301454704
107,L,Q,2.5851738452911377,0.2791752787319923
107,L,R,2.400522470474243,0.308006171017963
107,L,S,2.43934965133667,0.3019438155639482
107,L,T,1.7982892990112305,0.40203698836067814
107,L,V,-0.0574126243591308,0.6917805243652876
107,L,W,1.2536104917526243,0.48708144599385833
107,L,Y,1.2482929229736328,0.48791171467093897
108,S,A,-0.1426078081130981,0.7050826358092441
108,S,C,-0.1066588163375854,0.6994696718619309
108,S,D,2.126676559448242,0.3507636212214791
108,S,E,1.750719428062439,0.4094644002970481
108,S,F,0.3118364810943603,0.6341271156290824
108,S,G,0.8308160305023193,0.553095260315577
108,S,H,1.5470117330551147,0.44127068724402285
108,S,I,-0.1293432712554931,0.703011552213229
108,S,K,1.7619144916534424,0.4077164378307688
108,S,L,0.7493786215782166,0.5658106444662101
108,S,M,0.5044713020324707,0.6040497128558767
108,S,N,1.808327913284301,0.4004695902999038
108,S,P,1.4800862073898315,0.45172023100480513
108,S,Q,1.5794566869735718,0.4362048328870006
108,S,R,1.5134004354476929,0.4465186508829192
108,S,T,-0.3229314088821411,0.7332378028939518
108,S,V,-0.3749901056289673,0.7413660861517618
108,S,W,0.7888827323913574,0.5596425952716881
108,S,Y,0.7256454825401306,0.5695162630996675
109,F,A,2.6676242351531982,0.26630173088320663
109,F,C,1.5901100635528564,0.43454144774868897
109,F,D,3.3338851928710938,0.16227381381321238
109,F,E,3.0354816913604736,0.20886560993896774
109,F,G,2.878878116607666,0.23331720581673132
109,F,H,2.7285680770874023,0.25678614864591964
109,F,I,1.6917067766189575,0.4186784524478306
109,F,K,2.835693359375,0.24005993971408474
109,F,L,1.6470383405685425,0.42565284334868003
109,F,M,1.746355414390564,0.4101457838406751
109,F,N,2.9997472763061523,0.21444507054333606
109,F,P,3.119985580444336,0.1956714350981989
109,F,Q,2.994694471359253,0.21523399981781632
109,F,R,2.744920492172241,0.2542329333319585
109,F,S,2.888206243515014,0.23186074104704135
109,F,T,2.802366018295288,0.24526356726248394
109,F,V,1.96389389038086,0.37618000169824717
109,F,W,1.19667649269104,0.49597094381634577
109,F,Y,1.2783396244049072,0.4832203160102314
110,R,A,-0.1989297866821289,0.7138765746524652
110,R,C,0.6840355396270752,0.5760131103792575
110,R,D,2.993560791015625,0.21541100914637545
110,R,E,2.0226964950561523,0.36699874559761425
110,R,F,1.61215078830719,0.4311000774262256
110,R,G,0.8839109539985657,0.5448051838307953
110,R,H,1.1202433109283447,0.5079049834770819
110,R,I,1.64084792137146,0.4266193961796734
110,R,K,0.2222319841384887,0.648117683544621
110,R,L,1.814491629600525,0.39950720677381013
110,R,M,1.076984167098999,0.5146593318666564
110,R,N,1.8242535591125488,0.39798300941246645
110,R,P,1.905601024627685,0.38528166874641784
110,R,Q,0.8822084665298462,0.5450710049376111
110,R,S,0.3717352151870727,0.6247747132849056
110,R,T,1.2053461074829102,0.4946172970835601
110,R,V,1.5365564823150637,0.44290313762901534
110,R,W,1.661773681640625,0.4233521129497457
110,R,Y,1.5522911548614502,0.4404463747167991
111,G,A,2.097393274307251,0.35533582243317585
111,G,C,1.7917799949645996,0.4030533308818814
111,G,D,2.953969717025757,0.22159263650127425
111,G,E,2.9889397621154785,0.21613252224966317
111,G,F,1.9235601425170896,0.3824775878456722
111,G,H,2.6363117694854736,0.2711907620413528
111,G,I,2.40071439743042,0.30797620413899557
111,G,K,2.991770029067993,0.2156906131562193
111,G,L,2.4146313667297363,0.3058032517674596
111,G,M,2.216456890106201,0.336745599177694
111,G,N,2.8753914833068848,0.23386159791365008
111,G,P,2.754900455474853,0.2526746928515891
111,G,Q,2.810450553894043,0.24400127297812818
111,G,R,2.842085361480713,0.2390619123536914
111,G,S,2.40785551071167,0.30686121288578777
111,G,T,2.6351146697998047,0.27137767346904895
111,G,V,2.32230806350708,0.3202183256510789
111,G,W,2.07678747177124,0.3585531484561791
111,G,Y,2.144904375076294,0.3479175866901791
112,S,A,-0.3133778572082519,0.7317461410012013
112,S,C,-0.1652727127075195,0.7086214636337406
112,S,D,1.861745834350586,0.39212908197750584
112,S,E,0.5804439783096313,0.5921875750916941
112,S,F,-0.0811303853988647,0.695483741925834
112,S,G,0.847293496131897,0.5505225199978663
112,S,H,0.2932232022285461,0.6370333351933893
112,S,I,0.3636338114738464,0.6260396413042763
112,S,K,0.6969881057739258,0.5739907369212908
112,S,L,0.6525578498840332,0.5809279391114713
112,S,M,0.3205775022506714,0.6327623197282835
112,S,N,1.2515268325805664,0.48740678206682203
112,S,P,0.6326712965965271,0.5840329637902199
112,S,Q,0.5900733470916748,0.590684075351103
112,S,R,0.5712355375289917,0.5936253524412081
112,S,T,0.1722354292869568,0.6559239903702458
112,S,V,0.2484882473945617,0.6440181121305517
112,S,W,0.4170988202095032,0.6176917808593988
112,S,Y,0.1295773386955261,0.6625844921736378
113,S,A,0.2190180420875549,0.6486194984765472
113,S,C,0.15823495388031,0.658109981126078
113,S,D,0.4170878529548645,0.6176934932524827
113,S,E,0.4393490552902221,0.6142176982451434
113,S,F,0.4024280309677124,0.6199824323359971
113,S,G,0.3950859904289245,0.6211287957472793
113,S,H,0.1928915977478027,0.6526988003681348
113,S,I,0.3145069479942322,0.6337101572196484
113,S,K,0.1406393051147461,0.6608573110864684
113,S,L,0.2862322330474853,0.6381248834130199
113,S,M,0.4375720024108886,0.6144951617636324
113,S,N,0.089472472667694,0.6688463414219215
113,S,P,0.3451782464981079,0.6289212359115186
113,S,Q,0.3938068151473999,0.6213285222036519
113,S,R,0.1229510307312011,0.6636191033232302
113,S,T,-0.0024720430374145,0.6832022725987587
113,S,V,0.3672294020652771,0.6254782369543288
113,S,W,0.5327600240707397,0.5996327996387298
113,S,Y,0.3651192188262939,0.6258077144127399
114,D,A,0.4431238174438476,0.6136283186038368
114,D,C,-0.0115082263946533,0.6846131542090753
114,D,E,0.4499315023422241,0.6125653878229718
114,D,F,0.3498175740242004,0.6281968657175965
114,D,G,0.8517467975616455,0.5498271953409806
114,D,H,0.100669264793396,0.6670981090676017
114,D,I,0.494641363620758,0.6055845289156372
114,D,K,0.4902495741844177,0.6062702492808787
114,D,L,0.4652951955795288,0.6101665484681137
114,D,M,0.4561980366706848,0.6115869506117171
114,D,N,-0.1188323497772216,0.7013704095720391
114,D,P,2.379689216613769,0.3112590105844879
114,D,Q,0.295021116733551,0.6367526144054473
114,D,R,0.3626073002815246,0.6261999175743312
114,D,S,0.2102320194244384,0.6499913207728805
114,D,T,0.4181555509567261,0.6175267862018791
114,D,V,0.3594014048576355,0.626700476130897
114,D,W,0.4100673794746399,0.6187896481817681
114,D,Y,0.3609205484390259,0.626463281769331
115,L,A,1.2429697513580322,0.4887428581575298
115,L,C,0.4411851167678833,0.6139310213073444
115,L,D,1.6166094541549685,0.4304039151857662
115,L,E,1.4211355447769165,0.46092460441207017
115,L,F,0.1497774124145507,0.659430515388253
115,L,G,1.693875789642334,0.4183397894895621
115,L,H,1.240236520767212,0.4891696162947753
115,L,I,0.4737609624862671,0.6088447299111257
115,L,K,1.535631537437439,0.44304755565007636
115,L,M,0.4197802543640136,0.6172731100568809
115,L,N,1.6504237651824951,0.4251242536618503
115,L,P,0.908416211605072,0.540979009001641
115,L,Q,1.5336328744888306,0.44335962067664025
115,L,R,1.558488368988037,0.4394787609466124
115,L,S,1.6774412393569946,0.4209058291386838
115,L,T,1.641505479812622,0.42651672704651544
115,L,V,0.8781856298446655,0.5456991181659556
115,L,W,0.6804240942001343,0.5765769902539892
115,L,Y,0.7621326446533203,0.5638192709069516
116,S,A,-0.077911376953125,0.6949811359427549
116,S,C,-0.2476581931114196,0.7214848767212855
116,S,D,-0.096435010433197,0.6978733585548982
116,S,E,-0.2888570427894592,0.7279175371796834
116,S,F,-0.0123614072799682,0.684746367223218
116,S,G,0.3652002215385437,0.6257950669007781
116,S,H,-0.170615553855896,0.7094556782601015
116,S,I,-0.176098883152008,0.7103118282696071
116,S,K,-0.043069303035736,0.6895410027126169
116,S,L,-0.1607285141944885,0.707911946588524
116,S,M,-0.0431414246559143,0.68955226355844
116,S,N,-0.0202576518058776,0.6859792623241396
116,S,P,0.3050771951675415,0.6351824895448166
116,S,Q,-0.0986786484718322,0.6982236732313242
116,S,R,-0.0445657968521118,0.6897746606102054
116,S,T,-0.0031011700630187,0.6833005025389765
116,S,V,-0.1226509809494018,0.7019666387856811
116,S,W,-0.0616206526756286,0.6924375528398904
116,S,Y,-0.0935851335525512,0.6974283876281685
117,N,A,-0.2297510504722595,0.7186889110747199
117,N,C,-0.1818271279335022,0.7112062186224908
117,N,D,0.940432071685791,0.5359801520240245
117,N,E,0.5552453398704529,0.5961220122509814
117,N,F,0.1298174262046814,0.662547005655476
117,N,G,0.438522070646286,0.6143468210595016
117,N,H,-0.173356831073761,0.7098836927727074
117,N,I,-0.0250281691551208,0.686724116089679
117,N,K,-0.8451393246650696,0.8147737253085482
117,N,L,-0.0159395337104797,0.6853050447733092
117,N,M,-0.1500808596611023,0.7062494548726909
117,N,P,1.9290196895599363,0.381625151123343
117,N,Q,-0.2858842015266418,0.7274533669761495
117,N,R,-0.9385311007499696,0.829355627227065
117,N,S,-0.0990710258483886,0.6982849378164926
117,N,T,-0.1897253394126892,0.7124394208373893
117,N,V,-0.0014750361442565,0.6830466030383586
117,N,W,0.1032075881958007,0.6667017831335312
117,N,Y,-0.0844771265983581,0.6960062917044495
118,W,A,2.4341397285461426,0.3027572767306515
118,W,C,1.5565184354782104,0.4397863402478154
118,W,D,2.8067760467529297,0.2445749991130921
118,W,E,2.705474615097046,0.2603918900914645
118,W,F,0.5412445068359375,0.5983080588457184
118,W,G,3.011632204055786,0.2125893948294887
118,W,H,2.205531597137451,0.3384514404967042
118,W,I,1.953412771224976,0.3778164910973614
118,W,K,2.663490295410156,0.2669471913980094
118,W,L,1.829054474830628,0.3972334093400098
118,W,M,1.6778619289398191,0.42084014397354347
118,W,N,2.7100462913513184,0.2596780827570542
118,W,P,3.5112764835357666,0.13457648852281567
118,W,Q,2.4608078002929688,0.2985934068175804
118,W,R,2.415329694747925,0.3056942169991421
118,W,S,2.4701802730560303,0.2971300180236818
118,W,T,2.5172312259674072,0.2897836283383336
118,W,V,2.0803656578063965,0.35799446159960374
118,W,Y,0.6461746692657471,0.5819245891122102
119,I,A,1.4872969388961792,0.4505943697781085
119,I,C,0.9829851984977722,0.5293360389392232
119,I,D,2.413886308670044,0.3059195828193518
119,I,E,2.009127616882324,0.3691173481017062
119,I,F,0.8040679693222046,0.5572716195303793
119,I,G,2.1403515338897705,0.34862845317559765
119,I,H,1.7264583110809326,0.41325245576711844
119,I,K,1.8105791807174685,0.4001180843935063
119,I,L,-0.0084867477416992,0.6841413899144738
119,I,M,0.4648932218551636,0.6102293113972306
119,I,N,2.124715805053711,0.35106976732412265
119,I,P,2.414799213409424,0.3057770447080893
119,I,Q,1.860405445098877,0.3923383661931019
119,I,R,1.7933909893035889,0.40280179522823806
119,I,S,2.102392196655273,0.3545553062203685
119,I,T,1.7307705879211426,0.41257915025173486
119,I,V,0.7794262170791626,0.5611191062082402
119,I,W,1.0111851692199707,0.5249329830769776
119,I,Y,0.9885658025741576,0.5284647007475824
120,A,C,0.0624114274978637,0.6730715689850025
120,A,D,0.658167839050293,0.580052012823144
120,A,E,0.4458816647529602,0.6131977168886369
120,A,F,0.3647888898849487,0.6258592909479068
120,A,G,0.7038968801498413,0.5729120223433051
120,A,H,0.2120124101638794,0.6497133360912789
120,A,I,0.1254663467407226,0.6632263696920422
120,A,K,-0.2323204278945922,0.7190900856870331
120,A,L,0.0483738780021667,0.6752633483739767
120,A,M,0.042470633983612,0.6761850625643289
120,A,N,0.1062197685241699,0.6662314706504574
120,A,P,2.367650032043457,0.31313877147931896
120,A,Q,0.0943425297737121,0.6680859458278492
120,A,R,-0.3541102409362793,0.7381059689146307
120,A,S,0.1408699750900268,0.6608212949928026
120,A,T,0.2250306010246276,0.6476807161942615
120,A,V,0.2755773663520813,0.6397885012134353
120,A,W,0.4353073835372925,0.6148487523224797
120,A,Y,0.298087477684021,0.6362738423282799
121,D,A,-0.2197077870368957,0.7171207871081817
121,D,C,-0.5227353572845459,0.7644345709679164
121,D,E,-0.1041460037231445,0.6990773291030772
121,D,F,-0.0877166986465454,0.6965121084245608
121,D,G,0.072590172290802,0.6714822913799883
121,D,H,-0.4174767732620239,0.7479998225067344
121,D,I,-0.0281404256820678,0.687210054159643
121,D,K,-0.3183377981185913,0.7325205707733737
121,D,L,-0.0772352814674377,0.6948755724930259
121,D,M,-0.1942049860954284,0.71313885896027
121,D,N,-0.4676620960235595,0.7558356029676666
121,D,P,2.0931267738342285,0.3560019805687312
121,D,Q,-0.3867419362068176,0.7432009804864991
121,D,R,-0.3596404194831848,0.7389694338206793
121,D,S,-0.6204921007156372,0.7796980053338067
121,D,T,-0.8189985752105713,0.8106921898607643
121,D,V,-0.1276815533638,0.7027520967415729
121,D,W,0.0433471798896789,0.6760482014083987
121,D,Y,-0.133259117603302,0.7036229603025218
122,L,A,2.0449681282043457,0.3635213219555485
122,L,C,1.1343464851379397,0.505702957649057
122,L,D,2.67603611946106,0.26498832538789147
122,L,E,2.37408709526062,0.31213370841690713
122,L,F,0.9960482120513916,0.5272964205661239
122,L,G,2.4404242038726807,0.30177603826766725
122,L,H,2.4684202671051025,0.29740481988770356
122,L,I,1.052699089050293,0.5184511285433555
122,L,K,2.6437020301818848,0.2700368696843922
122,L,M,0.6623244285583496,0.5794030158443637
122,L,N,2.7058751583099365,0.2603293505179673
122,L,P,2.738996982574463,0.25515781172692203
122,L,Q,2.4153685569763184,0.3056881491714754
122,L,R,2.5832841396331787,0.27947033150552747
122,L,S,2.4639718532562256,0.2980993814128889
122,L,T,2.30801010131836,0.32245076506931036
122,L,V,1.3600237369537354,0.4704664123216957
122,L,W,1.4233479499816897,0.46057916633333945
122,L,Y,1.720757007598877,0.4141426395891657
123,N,A,0.1811106204986572,0.6545382455736222
123,N,C,-0.0446600914001464,0.6897893834681328
123,N,D,-0.1078566312789917,0.6996566949674369
123,N,E,0.1038012504577636,0.6666090905513835
123,N,F,0.2644766569137573,0.641521731515303
123,N,G,0.2509346604347229,0.6436361367950427
123,N,H,0.1586129665374755,0.6580509594035899
123,N,I,0.2971696257591247,0.6364171528777269
123,N,K,0.1519898772239685,0.6590850680030381
123,N,L,0.2255500555038452,0.6475996101848823
123,N,M,0.3650840520858764,0.6258132052383892
123,N,P,0.4107707142829895,0.6186798316687818
123,N,Q,0.2560345530509949,0.6428398553980829
123,N,R,0.204464316368103,0.6508918720182724
123,N,S,-0.0061470866203308,0.68377608249208
123,N,T,0.0208702683448791,0.6795576765818818
123,N,V,0.333946943283081,0.630674856720162
123,N,W,0.3519477844238281,0.6278642612805104
123,N,Y,0.3285159468650818,0.6315228356365827
124,F,A,0.9165295958518982,0.539712210378956
124,F,C,0.3029165267944336,0.6355198495953038
124,F,D,1.715580701828003,0.4149508518988076
124,F,E,1.590100646018982,0.43454291817318486
124,F,G,1.5511327981948853,0.4406272369297969
124,F,H,1.0638043880462646,0.516717181642208
124,F,I,1.007580041885376,0.5254958764643893
124,F,K,1.8746238946914675,0.39011834162472825
124,F,L,0.8717247843742371,0.5467078945155437
124,F,M,0.82184237241745,0.5544963794240187
124,F,N,1.2832720279693604,0.4824501858337369
124,F,P,2.049363136291504,0.36283509904016276
124,F,Q,1.5811432600021362,0.4359414966114533
124,F,R,1.7504510879516602,0.4095062980886976
124,F,S,1.1839652061462402,0.49795564462646774
124,F,T,0.9083245992660522,0.5409933130677816
124,F,V,0.7512452602386475,0.5655191933020415
124,F,W,0.3079482316970825,0.6347342148162132
124,F,Y,0.2356129884719848,0.6460284150785741
125,G,A,-0.3073006272315979,0.7307972611836113
125,G,C,-0.4188315868377685,0.748211358891495
125,G,D,-0.7203260660171509,0.7952857706723724
125,G,E,-0.3125732541084289,0.7316205127716419
125,G,F,0.2366934418678283,0.6458597164403622
125,G,H,-0.0388655066490173,0.6888846349983887
125,G,I,0.0581015944480896,0.6737444929345359
125,G,K,0.2378390729427337,0.6456808411617307
125,G,L,0.1108143925666809,0.6655140803196488
125,G,M,0.0983093380928039,0.667466580694607
125,G,N,-0.2361137270927429,0.7196823596449108
125,G,P,0.8623710870742798,0.5481683517669347
125,G,Q,-0.0387051105499267,0.6888595912495373
125,G,R,0.1484964489936828,0.6596305210391502
125,G,S,-0.3967792987823486,0.7447681831111064
125,G,T,-0.3407512307167053,0.7360201345412356
125,G,V,-0.0327977538108825,0.6879372349117788
125,G,W,0.2515445053577423,0.6435409175024479
125,G,Y,0.326505184173584,0.6318367898794294
126,L,A,1.6585352420806885,0.4238577528466581
126,L,C,0.953285813331604,0.5339732087167807
126,L,D,2.207639217376709,0.33812236321711164
126,L,E,2.027379274368286,0.3662675909767457
126,L,F,0.7599058151245117,0.5641669611548469
126,L,G,1.653557300567627,0.4246349931770443
126,L,H,1.5678130388259888,0.4380228359530032
126,L,I,1.1693953275680542,0.5002305402253979
126,L,K,1.0408086776733398,0.5203076604537448
126,L,M,0.4641375541687011,0.6103472990033016
126,L,N,1.7114547491073608,0.415595065344734
126,L,P,2.0709927082061768,0.3594579248453756
126,L,Q,1.3377161026000977,0.47394945708018893
126,L,R,1.0174384117126465,0.5239566212116886
126,L,S,1.6845725774765017,0.41979236414887683
126,L,T,1.7333574295043943,0.41217524883956524
126,L,V,1.4525896310806274,0.45601346104758034
126,L,W,1.0204975605010986,0.5234789752191036
126,L,Y,1.3212662935256958,0.47651787918925337
127,T,A,0.3888250589370727,0.6221063581490237
127,T,C,-0.0793213844299316,0.6952012901318398
127,T,D,2.1726529598236084,0.3435850088324119
127,T,E,1.444544792175293,0.4572695572134913
127,T,F,0.3101345896720886,0.6343928436710566
127,T,G,1.4875038862228394,0.45056205766513496
127,T,H,0.858859658241272,0.5487166153612605
127,T,I,-0.7219972610473633,0.7955467058750085
127,T,K,0.5198901891708374,0.6016422556966945
127,T,L,0.292273998260498,0.6371815409535
127,T,M,0.1645026206970214,0.6571313670916243
127,T,N,1.4006847143173218,0.4641177335762798
127,T,P,2.258997917175293,0.3301033753091754
127,T,Q,0.7557269930839539,0.5648194294522155
127,T,R,0.20204758644104,0.651269212724674
127,T,S,0.6224448680877686,0.5856296865825552
127,T,V,-0.8112841844558716,0.8094876888429885
127,T,W,0.6118818521499634,0.5872789630908934
127,T,Y,0.439954400062561,0.614123181592102
128,S,A,0.0011218786239624,0.6826411288303674
128,S,C,0.117924690246582,0.6644039005187472
128,S,D,0.1258862018585205,0.6631608148176799
128,S,E,0.3416466116905212,0.6294726544039717
128,S,F,0.5541374683380127,0.5962949918719029
128,S,G,0.2706698179244995,0.6405547505860387
128,S,H,0.3122997283935547,0.634054785634258
128,S,I,0.6204564571380615,0.5859401508938451
128,S,K,0.3357680439949035,0.6303905157098851
128,S,L,0.4941493272781372,0.6056613539423068
128,S,M,0.5517274141311646,0.5966712902520795
128,S,N,0.1595039963722229,0.657911836772011
128,S,P,0.1910934448242187,0.6529795583820135
128,S,Q,0.4105674624443054,0.618711566779738
128,S,R,0.3562179803848266,0.6271975261429378
128,S,T,0.3862849473953247,0.6225029632776187
128,S,V,0.5598472356796265,0.5954034865291062
128,S,W,0.3373880386352539,0.6301375747771348
128,S,Y,0.4964873790740967,0.605296297794985
129,V,A,0.8334646224975586,0.5526817173858265
129,V,C,0.6957430839538574,0.5741851307622446
129,V,D,3.130974292755127,0.1939556916800516
129,V,E,2.9303674697875977,0.22527781809553526
129,V,F,1.2836520671844482,0.4823908476907877
129,V,G,2.2414374351501465,0.33284521444391657
129,V,H,2.1378066539764404,0.3490258028229247
129,V,I,0.4554463624954223,0.6117043146833501
129,V,K,2.492180585861206,0.29369495749747304
129,V,L,1.2542387247085571,0.4869833556509028
129,V,M,1.2706303596496582,0.48442401667037005
129,V,N,2.674762487411499,0.26518718634123806
129,V,P,2.722527503967285,0.25772930497575647
129,V,Q,2.4238829612731934,0.30435873652341994
129,V,R,2.216968774795532,0.33666567509180206
129,V,S,1.8359966278076167,0.3961494831308994
129,V,T,1.2076830863952637,0.49425240845295304
129,V,W,1.8325873613357544,0.39668179541138965
129,V,Y,1.4978220462799072,0.4489510121936906
130,S,A,0.1967715620994568,0.6520929947823011
130,S,C,0.2249649167060852,0.6476909719397963
130,S,D,0.2846363186836242,0.6383740645261728
130,S,E,0.4154071807861328,0.6179559081860989
130,S,F,0.5985917448997498,0.5893540391686094
130,S,G,0.3284105062484741,0.6315392988070465
130,S,H,0.360546350479126,0.6265217078768333
130,S,I,0.5592243075370789,0.5955007485949723
130,S,K,0.5303454399108887,0.6000098053117019
130,S,L,0.6636684536933899,0.5791931639332344
130,S,M,0.6229124069213867,0.5855566865208719
130,S,N,0.2912151217460632,0.6373468706444492
130,S,P,0.8319587707519531,0.5529168364014269
130,S,Q,0.5199201703071594,0.6016375745351663
130,S,R,0.472999095916748,0.6089636853915485
130,S,T,0.1233394145965576,0.6635584622724998
130,S,V,0.5305953025817871,0.5999707925301394
130,S,W,0.4480549693107605,0.6128583838635095
130,S,Y,0.5125823020935059,0.6027832864925577
131,S,A,-0.0263853669166564,0.6869360247338058
131,S,C,-0.2309625148773193,0.7188780653650966
131,S,D,0.1588484048843383,0.658014198791192
131,S,E,0.1326715946197509,0.6621013646618875
131,S,F,-0.0780560374259948,0.6950037227797903
131,S,G,0.084009051322937,0.6696993830657205
131,S,H,-0.0375985503196716,0.6886868163712672
131,S,I,0.3449960350990295,0.6289496858335694
131,S,K,0.2232200503349304,0.6479634099568437
131,S,L,0.2712662816047668,0.6404616205991359
131,S,M,0.2163059115409851,0.6490429621184031
131,S,N,0.1272626519203186,0.6629459001791722
131,S,P,0.924246311187744,0.5385073464082983
131,S,Q,0.1793544292449951,0.6548124518226582
131,S,R,0.1826381683349609,0.6542997389977907
131,S,T,0.1014769673347473,0.6669719969008664
131,S,V,0.2967661619186401,0.6364801484689475
131,S,W,-0.282251238822937,0.7268861274606391
131,S,Y,-0.2408086061477661,0.720415403482062
132,I,A,2.1289241313934326,0.35041269231709904
132,I,C,1.4308645725250244,0.45940554422997804
132,I,D,2.9397664070129395,0.22381029722267343
132,I,E,2.723230123519897,0.25761960014058016
132,I,F,1.2787483930587769,0.48315649214192125
132,I,G,2.8480119705200195,0.23813655002155198
132,I,H,2.345534324645996,0.3165918493588447
132,I,K,2.4570369720458984,0.2991821722309329
132,I,L,0.3967046737670898,0.6208760595571804
132,I,M,1.1173298358917236,0.5083598844224011
132,I,N,2.718855619430542,0.2583026216254177
132,I,P,2.7297658920288086,0.25659912554041364
132,I,Q,2.620824813842773,0.27360884720543605
132,I,R,2.3727774620056152,0.31233819048668116
132,I,S,2.590170621871948,0.27839509755261443
132,I,T,2.0754802227020264,0.35875725826658694
132,I,V,0.7080624103546143,0.5722616293919021
132,I,W,1.4597582817077637,0.4548941701986946
132,I,Y,1.4840058088302612,0.4511082366070108
133,C,A,-0.3261542320251465,0.7337410044920166
133,C,D,2.3167221546173096,0.32109049211980906
133,C,E,2.162070751190185,0.3452372820286469
133,C,F,0.4816900491714477,0.6076067069374368
133,C,G,0.7809942364692688,0.56087428052967
133,C,H,1.2584986686706543,0.48631822122860413
133,C,I,0.8702436089515686,0.5469391606467053
133,C,K,1.531908392906189,0.4436288758761078
133,C,L,0.7015101313591003,0.5732846818881785
133,C,M,0.488626480102539,0.6065236741508048
133,C,N,1.8157665729522705,0.39930814107781226
133,C,P,2.7040722370147705,0.2606108530505781
133,C,Q,1.4613313674926758,0.45464855346897154
133,C,R,1.5139691829681396,0.44642984841114686
133,C,S,0.7938404083251953,0.5588685191459135
133,C,T,1.0628718137741089,0.5168627908932405
133,C,V,0.895412802696228,0.5430093208905888
133,C,W,1.1426867246627808,0.504400738547692
133,C,Y,0.7922381162643433,0.5591186960528707
134,D,A,-0.3887503743171692,0.7435145717764639
134,D,C,-0.3444976806640625,0.7366050936025702
134,D,E,-0.1893724203109741,0.712384317144729
134,D,F,-0.137614369392395,0.7043029757929786
134,D,G,-0.0766609907150268,0.6947859045182274
134,D,H,-0.2452850937843322,0.7211143483612826
134,D,I,-0.1516602635383606,0.706496058089734
134,D,K,-0.3648281693458557,0.7397794329752782
134,D,L,-0.080523133277893,0.6953889274652998
134,D,M,-0.0294047594070434,0.6874074633014619
134,D,N,-0.0479057431221008,0.6902961494496276
134,D,P,-0.223634660243988,0.7177339168970426
134,D,Q,-0.2510658502578735,0.7220169377267037
134,D,R,-0.3188753128051758,0.7326044966474509
134,D,S,-0.3592073321342468,0.7389018129068353
134,D,T,-0.2202510833740234,0.7172056157112214
134,D,V,-0.1651694178581237,0.7086053354967062
134,D,W,-0.1223823428153991,0.7019246944616108
134,D,Y,-0.1562964916229248,0.7072199443464803
135,G,A,0.9387117028236388,0.5362487650760857
135,G,C,0.4749871492385864,0.6086532769191637
135,G,D,1.0831706523895264,0.513693393263617
135,G,E,1.0596332550048828,0.5173684494031212
135,G,F,0.8892345428466797,0.5439739751988154
135,G,H,0.7694828510284424,0.5626716325073408
135,G,I,1.43141508102417,0.4593195895423559
135,G,K,0.9053656458854676,0.5414553148605084
135,G,L,0.9607609510421752,0.5328060639263886
135,G,M,0.8775659203529358,0.5457958776816774
135,G,N,0.7258664965629578,0.5694817546564342
135,G,P,1.730244517326355,0.4126612892808549
135,G,Q,0.9211745262145996,0.5389869653755236
135,G,R,0.9401538968086244,0.5360235853855589
135,G,S,1.03009033203125,0.5219811896597815
135,G,T,1.2739458084106443,0.4839063527959341
135,G,V,1.391268610954285,0.4655879347165772
135,G,W,1.0874886512756348,0.5130191943257547
135,G,Y,0.985864281654358,0.5288865078352594
136,C,A,0.0120273828506469,0.6809383772640955
136,C,D,2.527440309524536,0.2881896137328863
136,C,E,2.951178312301636,0.2220284777670513
136,C,F,-0.0718077421188354,0.6940281333526859
136,C,G,1.224746823310852,0.4915881295571294
136,C,H,1.818684339523316,0.3988525700656341
136,C,I,0.1875050067901611,0.6535398459538627
136,C,K,2.375374794006348,0.3119326511333008
136,C,L,0.8148778080940247,0.5555838048711702
136,C,M,0.7560746669769287,0.5647651447301606
136,C,N,2.3609626293182373,0.3141829217751665
136,C,P,1.806661605834961,0.4007297623708395
136,C,Q,2.2827296257019043,0.3263979800313376
136,C,R,2.484003782272339,0.2949716582192951
136,C,S,0.9189748167991638,0.53933042117313
136,C,T,0.750068187713623,0.5657029777510628
136,C,V,0.2141064405441284,0.6493863806900729
136,C,W,0.9302358627319336,0.5375721564288951
136,C,Y,0.5498756170272827,0.5969604241016945
137,E,A,0.4755724966526031,0.6085618825915551
137,E,C,-0.439312994480133,0.7514092622820743
137,E,D,1.3421473503112793,0.4732575758224392
137,E,F,-0.389457643032074,0.743625002517404
137,E,G,1.2339069843292236,0.490157890459778
137,E,H,0.1275917291641235,0.6628945190801725
137,E,I,0.0174730420112609,0.6800881089525735
137,E,K,0.0835112333297729,0.6697771108213527
137,E,L,-0.3186296820640564,0.732566144626263
137,E,M,-0.369865357875824,0.7405659239509108
137,E,N,0.7844719886779785,0.5603312750988898
137,E,P,2.327476024627685,0.3194114162492182
137,E,Q,-0.193683922290802,0.7130575016758186
137,E,R,0.0250540375709533,0.6789044358463285
137,E,S,0.5835472345352173,0.5917030423008369
137,E,T,0.2479728460311889,0.6440985852990087
137,E,V,-0.136326253414154,0.7041018533639832
137,E,W,-0.2667549252510071,0.7244665811785442
137,E,Y,-0.2912030816078186,0.7282838403958816
138,M,A,1.6635704040527344,0.42307157829148667
138,M,C,1.2543967962265017,0.4869586748549333
138,M,D,4.037441730499268,0.052422680705957125
138,M,E,3.679494857788086,0.10831139391737876
138,M,F,0.771755576133728,0.5623167762666489
138,M,G,2.814085960388184,0.24343365189676752
138,M,H,3.4413304328918457,0.14549764767445295
138,M,I,0.7609964609146118,0.563996671107845
138,M,K,3.93985366821289,0.06765977772169907
138,M,L,-0.1994440555572509,0.7139568709977233
138,M,N,3.741355419158936,0.09865267795384358
138,M,P,4.077907562255859,0.04610447138965279
138,M,Q,3.2872776985168457,0.16955096325647434
138,M,R,3.824285268783569,0.08570426874654435
138,M,S,3.426360607147217,0.1478349897820388
138,M,T,3.4874613285064697,0.1382949128784654
138,M,V,1.3282750844955444,0.47542354833086165
138,M,W,2.4201595783233643,0.30494009397538796
138,M,Y,2.241903066635132,0.33277251218972603
139,H,A,1.3986365795135498,0.4644375229846893
139,H,C,0.4923193454742431,0.6059470816187222
139,H,D,1.969277024269104,0.3753394958886001
139,H,E,2.4900095462799072,0.2940339368762027
139,H,F,1.5129764080047607,0.44658485721117214
139,H,G,2.614663600921631,0.27457083985919517
139,H,I,1.2409465312957764,0.4890587574555641
139,H,K,1.958536982536316,0.37701641265486785
139,H,L,0.942064642906189,0.5357252474231183
139,H,M,1.4011666774749756,0.4640424813454318
139,H,N,0.7439744472503662,0.5666544354647627
139,H,P,2.4180264472961426,0.3052731544301973
139,H,Q,1.495958924293518,0.44924191427529425
139,H,R,1.9301103353500368,0.3814548610763411
139,H,S,1.634573459625244,0.4275990711533203
139,H,T,2.39430570602417,0.3089768373149513
139,H,V,0.7335339784622192,0.5682845778416856
139,H,W,1.389246940612793,0.4659035920460235
139,H,Y,1.0264264345169067,0.5225532592405664
140,K,A,1.092078447341919,0.5123025578201623
140,K,C,1.0497207641601562,0.5189161549434314
140,K,D,2.8955414295196533,0.2307154478814366
140,K,E,1.5377309322357178,0.44271976266529667
140,K,F,1.3558192253112793,0.47112289171373367
140,K,G,2.249542236328125,0.3315797559549494
140,K,H,1.3507848978042605,0.47190893597812694
140,K,I,0.8767125606536865,0.5459291186152726
140,K,L,0.8563088178634644,0.5491148956570027
140,K,M,0.7319496870040894,0.5685319441904292
140,K,N,1.881075620651245,0.3891109891672153
140,K,P,3.537247657775879,0.13052143002244243
140,K,Q,0.5549188852310181,0.5961729838646784
140,K,R,-0.0146358013153076,0.6851014840454662
140,K,S,1.3353605270385742,0.4743172493338512
140,K,T,1.0551974773406982,0.5180610379536665
140,K,V,0.9979515075683594,0.5269992459142022
140,K,W,1.6058406829833984,0.43208531767739494
140,K,Y,1.4063358306884766,0.463235385813888
141,G,A,-0.0825671553611755,0.6957080747263029
141,G,C,-0.3612262606620788,0.7392170421380106
141,G,D,-1.085845708847046,0.852356872695226
141,G,E,-0.3508679270744324,0.7375997240962483
141,G,F,0.502519965171814,0.6043543885340245
141,G,H,0.0998184084892273,0.6672309591288625
141,G,I,0.5395411252975464,0.5985740195497963
141,G,K,0.6647698283195496,0.5790211987190854
141,G,L,0.569814145565033,0.5938472841687659
141,G,M,0.3490651249885559,0.6283143507735234
141,G,N,-0.3926474452018738,0.7441230483232489
141,G,P,0.8022074103355408,0.5575621214331643
141,G,Q,0.2067853212356567,0.6505294775254178
141,G,R,0.5881180763244629,0.5909893652572047
141,G,S,-0.3053787350654602,0.7304971829086344
141,G,T,0.1009716987609863,0.6670508879670176
141,G,V,0.563330352306366,0.5948596435147524
141,G,W,0.3730476498603821,0.6245697938103766
141,G,Y,0.4529629051685333,0.6120920739987592
142,F,A,2.6118242740631104,0.27501416353823
142,F,C,1.7177424430847168,0.4146133243316056
142,F,D,3.0119757652282715,0.21253575225484017
142,F,E,2.923536539077759,0.22634437840521932
142,F,G,3.353733777999878,0.15917471736486832
142,F,H,2.62097692489624,0.2735850970578817
142,F,I,1.2195900678634644,0.4923932893399697
142,F,K,3.0059354305267334,0.21347887135874039
142,F,L,1.2850391864776611,0.48217426719161693
142,F,M,1.514433979988098,0.44635727644773443
142,F,N,2.895531177520752,0.23071704859671066
142,F,P,3.194311141967773,0.18406647271705534
142,F,Q,2.887901782989502,0.23190827856808655
142,F,R,2.872230052947998,0.23435521383303898
142,F,S,2.7418441772460938,0.2547132595919792
142,F,T,2.3644473552703857,0.31363882748574057
142,F,V,1.5752995014190674,0.4368539229306223
142,F,W,0.8641526699066162,0.5478901809556501
142,F,Y,0.9206434488296508,0.5390698861493124
143,Y,A,2.423391819000244,0.30443542195282725
143,Y,C,1.3060518503189087,0.4788934151077965
143,Y,D,3.0877108573913574,0.20071071013648484
143,Y,E,2.968549489974976,0.2193161960259749
143,Y,F,0.7244560718536377,0.5697019739909082
143,Y,G,2.5549027919769287,0.28390170699904566
143,Y,H,1.5966382026672363,0.4335221643784939
143,Y,I,1.7136294841766355,0.415255508963987
143,Y,K,1.9110174179077148,0.3844359699186141
143,Y,L,1.2670183181762695,0.4849879896099433
143,Y,M,1.4775068759918213,0.4521229597999717
143,Y,N,2.469949722290039,0.29716601550437927
143,Y,P,2.675537347793579,0.2650662020472702
143,Y,Q,2.2143921852111816,0.33706797578869757
143,Y,R,1.6129605770111084,0.430973639532545
143,Y,S,2.4483742713928223,0.300534739411557
143,Y,T,2.3898181915283203,0.30967750389373994
143,Y,V,1.994883179664612,0.3713414302971698
143,Y,W,-0.2325475215911865,0.7191255433916499
144,E,A,-0.117258071899414,0.7011246067126331
144,E,C,-0.5466278791427612,0.7681650751399947
144,E,D,0.4650221467018127,0.6102091814720111
144,E,F,-0.3105176091194153,0.7312995507462293
144,E,G,0.6381996870040894,0.5831697780786957
144,E,H,-0.1436315774917602,0.7052424839810281
144,E,I,-0.062076449394226,0.692508719524196
144,E,K,-0.2943988442420959,0.7287828168501416
144,E,L,-0.68175208568573,0.7892629491630325
144,E,M,-0.5522172451019287,0.7690377813848056
144,E,N,0.0415117144584655,0.6763347852813562
144,E,P,2.2928242683410645,0.3248218338754609
144,E,Q,-0.2869403958320617,0.7276182778753119
144,E,R,-0.2917874455451965,0.7283750811665016
144,E,S,0.2613183259963989,0.642014863497516
144,E,T,0.0614950656890869,0.6732146468723458
144,E,V,0.0349250435829162,0.6773632076189878
144,E,W,-0.1135040521621704,0.7005384657278112
144,E,Y,-0.2037501335144043,0.7146292086387551
145,A,C,0.3415579795837402,0.6294864931459048
145,A,D,1.2296578884124756,0.49082133110196113
145,A,E,1.0971875190734863,0.5115048432246432
145,A,F,0.8860518336296082,0.5444709135330463
145,A,G,1.2598533630371094,0.48610670345681173
145,A,H,1.0762195587158203,0.5147787154453501
145,A,I,0.6829107999801636,0.5761887237351939
145,A,K,1.1163603067398071,0.5085112636936073
145,A,L,0.2240933179855346,0.6478270606575419
145,A,M,0.3131536245346069,0.6339214609423054
145,A,N,1.037285566329956,0.5208577481189642
145,A,P,1.8924086093902588,0.3873414914966096
145,A,Q,0.9245691895484924,0.5384569331836504
145,A,R,1.132635235786438,0.505970146809043
145,A,S,0.4255613088607788,0.6163704741590391
145,A,T,0.5751850008964539,0.5930086954948539
145,A,V,0.6144771575927734,0.5868737401579742
145,A,W,0.8172904253005981,0.5552071063121751
145,A,Y,0.8505055904388428,0.5500209935669487
146,W,A,3.1997432708740234,0.18321831697743562
146,W,C,1.9809842109680176,0.37351157211049213
146,W,D,4.034396171569824,0.052898204820155725
146,W,E,3.636258840560913,0.11506213139110244
146,W,F,0.8883483409881592,0.544112344005178
146,W,G,3.4906439781188965,0.13779798385071862
146,W,H,3.1023709774017334,0.19842172452054951
146,W,I,2.176079273223877,0.34305003489745434
146,W,K,3.730605602264404,0.10033112098351238
146,W,L,2.005128860473633,0.3697417015104536
146,W,M,2.165056228637696,0.34477113885047267
146,W,N,3.672633171081543,0.10938275637288497
146,W,P,3.5478127002716064,0.12887183709364314
146,W,Q,3.403698444366455,0.1513733895082644
146,W,R,3.5799522399902344,0.1238536691614125
146,W,S,3.2241110801696777,0.17941360290073438
146,W,T,3.023749828338623,0.21069738660151438
146,W,V,1.954458236694336,0.3776532553653464
146,W,Y,0.9918491840362548,0.5279520437616199
147,E,A,-0.6176024079322815,0.779246817675664
147,E,C,-0.8159961104393005,0.8102233943346071
147,E,D,0.7119901180267334,0.5716483693122631
147,E,F,-0.3115242719650268,0.7314567279570618
147,E,G,0.3929458558559418,0.6214629497139764
147,E,H,-0.4492987394332886,0.7529684054914064
147,E,I,-0.7701406478881836,0.8030636648018831
147,E,K,-1.462576389312744,0.9111784313221115
147,E,L,-1.1466729640960691,0.8618542514495129
147,E,M,-1.1667401790618896,0.8649874840817242
147,E,N,-0.2884549498558044,0.7278547556375983
147,E,P,1.3999340534210205,0.4642349394376822
147,E,Q,-0.9375976920127868,0.8292098876852545
147,E,R,-1.5957422256469729,0.9319705315018719
147,E,S,-0.4499932527542114,0.7530768446447382
147,E,T,-0.6907024383544922,0.7906604294361712
147,E,V,-0.6385692954063416,0.7825205223796562
147,E,W,-0.3882060647010803,0.7434295849631934
147,E,Y,-0.3564364314079284,0.7384691730716063
148,V,A,0.2134322524070739,0.649491646332309
148,V,C,0.0799648761749267,0.6703308280153912
148,V,D,1.1991633176803589,0.4955826586845821
148,V,E,0.8696430921554565,0.5470329234745305
148,V,F,0.3222522139549255,0.6325008354430823
148,V,G,0.8792509436607361,0.5455327833747181
148,V,H,0.3156796097755432,0.6335270614504543
148,V,I,0.0890644788742065,0.6689100443059376
148,V,K,0.1049931049346923,0.6664229980942927
148,V,L,0.0601116418838501,0.6734306503694991
148,V,M,0.0371578931808471,0.6770145774161932
148,V,N,0.5314612984657288,0.5998355786219041
148,V,P,1.8576507568359373,0.3927684746646419
148,V,Q,0.3309115171432495,0.6311487987320549
148,V,R,-0.1454238891601562,0.7055223299594598
148,V,S,0.2418120503425598,0.6450605128073787
148,V,T,0.0401861667633056,0.6765417521823985
148,V,W,0.3578237295150757,0.6269468094598998
148,V,Y,0.2470307350158691,0.6442456835875052
149,I,A,1.8059548139572144,0.40084011865990654
149,I,C,0.9575897455215454,0.5333012061091783
149,I,D,3.1757798194885254,0.18695989586565404
149,I,E,2.970192670822144,0.2190596348708898
149,I,F,1.5681211948394775,0.4379747214299406
149,I,G,2.6118698120117188,0.2750070533843384
149,I,H,2.34468412399292,0.3167245970487799
149,I,K,2.2022573947906494,0.3389626642841075
149,I,L,0.4575340747833252,0.611378345769464
149,I,M,1.037930250167847,0.5207570891863829
149,I,N,2.7020068168640137,0.2609333413393915
149,I,P,2.946627616882324,0.22273900921904044
149,I,Q,2.4906764030456543,0.2939298159315171
149,I,R,2.190289258956909,0.34083133184983017
149,I,S,2.481727123260498,0.29532712868794103
149,I,T,2.0422139167785645,0.36395135597521516
149,I,V,0.2200214862823486,0.6484628238158588
149,I,W,1.7553021907806396,0.4087488619565856
149,I,Y,1.7725608348846436,0.406054150857587
150,A,C,0.1683382987976074,0.6565324762235152
150,A,D,1.2049288749694824,0.4946824424726197
150,A,E,0.618965744972229,0.586172906062471
150,A,F,0.2337914705276489,0.6463128212342402
150,A,G,0.6940550804138184,0.5744486903934116
150,A,H,0.3408021926879883,0.6296044993649442
150,A,I,0.3250541687011719,0.6320633469296104
150,A,K,-0.3229360580444336,0.7332385287997156
150,A,L,0.2072627544403076,0.6504549325873653
150,A,M,0.137151837348938,0.6614018334741654
150,A,N,0.7769867777824402,0.5614999926851035
150,A,P,1.667782425880432,0.4224139262824457
150,A,Q,0.1060034036636352,0.666265253187927
150,A,R,-0.5763821601867676,0.7728108161894557
150,A,S,0.481047511100769,0.6077070308365886
150,A,T,0.6121432781219482,0.5872381448514055
150,A,V,0.285804271697998,0.6381917039692268
150,A,W,0.0813088417053222,0.670120985410746
150,A,Y,0.1309123039245605,0.6623760548480995
151,D,A,-0.2199059128761291,0.7171517218615009
151,D,C,-0.317969262599945,0.7324630287818658
151,D,E,-0.0586166977882385,0.6919685246516295
151,D,F,-0.1152078509330749,0.7008044915772782
151,D,G,0.0770556926727294,0.6707850588938514
151,D,H,-0.1326771974563598,0.703532101097752
151,D,I,-0.1339038014411926,0.7037236192351031
151,D,K,-0.3601641654968261,0.7390512098969173
151,D,L,-0.1768851280212402,0.7104345901020479
151,D,M,-0.0755558013916015,0.6946133436890926
151,D,N,-0.0207481384277343,0.6860558453822213
151,D,P,0.0662198662757873,0.6724769311801505
151,D,Q,-0.1907954216003418,0.7126065001473589
151,D,R,-0.3082872033119201,0.7309513021092849
151,D,S,-0.1654160618782043,0.7086438457281247
151,D,T,-0.1492879390716552,0.7061256507140251
151,D,V,-0.1171848177909851,0.701113169043611
151,D,W,-0.1147531867027282,0.7007335017161715
151,D,Y,-0.1234210729598999,0.7020868785609168
152,T,A,0.0234382152557373,0.6791567253251881
152,T,C,-0.0777947306632995,0.6949629231532707
152,T,D,0.6255740523338318,0.5851411054710922
152,T,E,0.50164794921875,0.604490542397159
152,T,F,-0.0581387877464294,0.6918939052617038
152,T,G,0.4251912236213684,0.616428258119135
152,T,H,-0.0044506192207336,0.6835112013401635
152,T,I,0.0541374087333679,0.6743634485824754
152,T,K,-0.1185258030891418,0.7013225463240487
152,T,L,0.1779035329818725,0.655038990259871
152,T,M,0.1288191676139831,0.6627028706520433
152,T,N,0.2777361273765564,0.6394514389704409
152,T,P,1.2602338790893557,0.4860472908619893
152,T,Q,0.136249303817749,0.6615427522571854
152,T,R,-0.3124152421951294,0.7315958412821566
152,T,S,0.0435419678688049,0.676017787818192
152,T,V,0.0541214942932128,0.674365933413744
152,T,W,-0.2935025691986084,0.7286428752479573
152,T,Y,-0.2781590223312378,0.7262471814847424
153,I,A,2.39858078956604,0.30830933904567814
153,I,C,1.677441120147705,0.42090584775165213
153,I,D,3.83712649345398,0.08369927980097225
153,I,E,3.428018808364868,0.1475760833929476
153,I,F,1.7981328964233398,0.4020614085750913
153,I,G,3.5889906883239746,0.12244243390469811
153,I,H,2.921207427978516,0.22670803857991834
153,I,K,3.0640580654144287,0.20440378362930622
153,I,L,0.9764996767044068,0.53034866817325
153,I,M,1.5920958518981934,0.43423139292270174
153,I,N,3.5678093433380127,0.12574962333866702
153,I,P,3.751863956451416,0.09701190757201983
153,I,Q,3.1616718769073486,0.189162666212411
153,I,R,2.99782395362854,0.21474537217393258
153,I,S,3.166943550109864,0.18833956352812675
153,I,T,2.3818376064300537,0.3109235676697357
153,I,V,0.7086727619171143,0.572166330994192
153,I,W,1.9885623455047607,0.37232834571548645
153,I,Y,1.9500198364257808,0.3783462534011943
154,T,A,0.4489970207214355,0.612711294881497
154,T,C,0.1696956157684326,0.6563205489664201
154,T,D,1.81006932258606,0.4001976920589371
154,T,E,1.310185432434082,0.4782480104318987
154,T,F,0.2286638021469116,0.6471134394528145
154,T,G,1.2825883626937866,0.48255693120695314
154,T,H,0.4397981762886047,0.6141475738870628
154,T,I,-0.0992617607116699,0.698314718565777
154,T,K,-0.0653761625289917,0.6930239264868161
154,T,L,0.0885467529296875,0.6689908804272764
154,T,M,0.0544314384460449,0.6743175396961567
154,T,N,0.7909610271453857,0.559318096782298
154,T,P,1.7697585821151731,0.4064916859034797
154,T,Q,0.5365555286407471,0.5990401813409386
154,T,R,-0.3800066709518432,0.742149357083878
154,T,S,0.4641415476799011,0.6103466754688636
154,T,V,0.0481129884719848,0.6753040828551073
154,T,W,0.25595223903656,0.642852707652696
154,T,Y,0.0907864570617675,0.6686411799788043
155,S,A,-0.2482311725616455,0.7215743399534327
155,S,C,-0.0538868904113769,0.6912300272147656
155,S,D,0.4946145713329315,0.6055887121802632
155,S,E,0.1552910208702087,0.6585696376847985
155,S,F,0.1974030137062072,0.6519944018892014
155,S,G,0.4372138381004333,0.614551084426898
155,S,H,0.0950886607170105,0.6679694472592423
155,S,I,0.0155705213546752,0.6803851626202012
155,S,K,-0.1728971004486084,0.7098119118604478
155,S,L,0.0842502117156982,0.669661729030844
155,S,M,0.0047648549079895,0.6820723258255197
155,S,N,0.2683059573173523,0.640923836440998
155,S,P,1.7397024631500244,0.41118455498868317
155,S,Q,-0.0215665698051452,0.6861836327161037
155,S,R,-0.2701278924942016,0.7249932258101862
155,S,T,0.1322314143180847,0.6621700930473454
155,S,V,0.1572988033294677,0.6582561487661595
155,S,W,0.0790347456932067,0.6704760557005734
155,S,Y,0.0736557841300964,0.67131591005633
156,K,A,0.5410761833190918,0.5983343403569618
156,K,C,0.370119571685791,0.6250269748443128
156,K,D,2.073615074157715,0.35904847676865176
156,K,E,1.5684950351715088,0.4379163511613432
156,K,F,0.5786747336387634,0.5924638194607593
156,K,G,1.8181171417236328,0.3989411305688187
156,K,H,0.745429515838623,0.5664272455736594
156,K,I,-0.199966549873352,0.7140384516377942
156,K,L,0.2646769285202026,0.6414904617285544
156,K,M,0.1930934190750122,0.6526672886127982
156,K,N,1.0749051570892334,0.5149839420338562
156,K,P,2.785222053527832,0.24794037268597535
156,K,Q,0.5705647468566895,0.5937300876138477
156,K,R,-0.1618411540985107,0.7080856707281777
156,K,S,0.6448994278907776,0.5821237013406289
156,K,T,0.2051185369491577,0.6507897240482269
156,K,V,0.0093570947647094,0.681355307754077
156,K,W,0.7453861832618713,0.5664340113876374
156,K,Y,0.5099265575408936,0.6031979462004065
157,V,A,2.0264816284179688,0.3664077466280654
157,V,C,1.211715817451477,0.4936227503482394
157,V,D,3.358949661254883,0.15836032554974988
157,V,E,3.060898542404175,0.2048971017412023
157,V,F,1.300053358078003,0.47983000105982243
157,V,G,2.859195709228516,0.23639035578726136
157,V,H,2.851153612136841,0.23764602385490136
157,V,I,-0.2921426296234131,0.7284305385055596
157,V,K,2.879220962524414,0.23326367491989264
157,V,L,0.1975290775299072,0.6519747186752213
157,V,M,1.0155411958694458,0.5242528466022269
157,V,N,3.154106378555298,0.19034391963277658
157,V,P,2.968705892562866,0.21929177581156173
157,V,Q,2.9925122261047363,0.21557472881556639
157,V,R,2.7463619709014893,0.2540078653192417
157,V,S,2.898566007614136,0.23024319964965922
157,V,T,2.0982205867767334,0.3552066484331548
157,V,W,1.7473716735839844,0.4099871082858942
157,V,Y,1.826671123504639,0.3976055384152867
158,E,A,-0.4185280799865722,0.7481639702741962
158,E,C,-0.3290632963180542,0.7341952167575085
158,E,D,0.4187114536762237,0.6174399892774413
158,E,F,-0.1165904998779296,0.7010203740901376
158,E,G,0.3328484296798706,0.6308463752230719
158,E,H,-0.1299696564674377,0.7031093540551758
158,E,I,-0.3622440099716186,0.7393759503548953
158,E,K,-0.3756241798400879,0.7414650885301641
158,E,L,-0.2179526090621948,0.7168467390693762
158,E,M,-0.3345551490783691,0.7350526975942479
158,E,N,0.0946191549301147,0.6680427544349027
158,E,P,2.1609606742858887,0.345410605989482
158,E,Q,-0.3380711078643799,0.7356016684813691
158,E,R,-0.4572021961212158,0.7542024266769103
158,E,S,-0.1376797556877136,0.7043131850060926
158,E,T,-0.1623071432113647,0.7081584288212731
158,E,V,-0.2223339080810547,0.7175308214934071
158,E,W,-0.1600865125656128,0.7078117064477296
158,E,Y,-0.2289271354675293,0.7185602675442955
159,A,C,-0.0069977641105651,0.6839089046338883
159,A,D,0.3649091124534607,0.6258405197693735
159,A,E,0.0766608715057373,0.6708467050448702
159,A,F,0.1947734355926513,0.6524049760505076
159,A,G,0.6560426950454712,0.580383826209077
159,A,H,0.1525948643684387,0.6589906071889017
159,A,I,0.0584458112716674,0.6736907479885618
159,A,K,0.0419219732284545,0.6762707287509422
159,A,L,0.0305700302124023,0.678043185883508
159,A,M,0.0207465291023254,0.67957699684298
159,A,N,0.2925194501876831,0.6371432168517647
159,A,P,1.936880111694336,0.38039784921939634
159,A,Q,-0.0150706768035888,0.6851693841538345
159,A,R,-0.0134838223457336,0.6849216176262726
159,A,S,0.1409730315208435,0.6608052040817048
159,A,T,0.0832390785217285,0.6698196042279879
159,A,V,0.0964360833168029,0.6677590648785164
159,A,W,0.0462006330490112,0.6756026720926199
159,A,Y,0.076579213142395,0.6708594549281576
160,A,C,0.2404099702835083,0.6452794292340716
160,A,D,2.0930838584899902,0.3560086812373202
160,A,E,1.577189326286316,0.4365588515441189
160,A,F,0.1642128229141235,0.6571766152175683
160,A,G,1.8710579872131348,0.39067511134556837
160,A,H,1.1764202117919922,0.49913369661628526
160,A,I,0.1461732387542724,0.6599932598719183
160,A,K,1.607039213180542,0.4318981828940791
160,A,L,0.0002064704895019,0.6827840578139642
160,A,M,0.0931471586227417,0.668272587367505
160,A,N,1.6816551685333252,0.42024787932214996
160,A,P,2.409397840499878,0.3066203983018868
160,A,Q,1.3864151239395142,0.4663457431080553
160,A,R,1.484469294548035,0.4510358693862497
160,A,S,1.0217771530151367,0.5232791836173418
160,A,T,0.8558182716369629,0.5491914880215685
160,A,V,0.2693402767181396,0.6407623410215192
160,A,W,0.2972059249877929,0.6364114852288787
160,A,Y,0.2219337224960327,0.6481642531913144
161,V,A,0.9168938398361206,0.5396553384543069
161,V,C,0.2819124460220337,0.6387993615454065
161,V,D,2.34060001373291,0.31736227734283207
161,V,E,1.802140951156616,0.4014356033548164
161,V,F,0.6703258156776428,0.5781537041053992
161,V,G,1.6560754776000977,0.42424181283461704
161,V,H,1.0267744064331057,0.5224989279860907
161,V,I,-0.059654951095581,0.6921306342990623
161,V,K,0.3859399557113647,0.6225568292078869
161,V,L,0.0598478317260742,0.6734718408683531
161,V,M,0.2064871788024902,0.650576028559143
161,V,N,1.3876023292541504,0.46616037655672826
161,V,P,2.172743320465088,0.3435709002024384
161,V,Q,0.9582427144050598,0.5331992535753
161,V,R,0.1941416263580322,0.6525036247825122
161,V,S,1.140541434288025,0.5047356975252681
161,V,T,0.7606251835823059,0.5640546411976239
161,V,W,0.6639962196350098,0.5791419875768861
161,V,Y,0.6617421507835388,0.5794939308880386
162,S,A,-0.2035440802574157,0.7145970361230438
162,S,C,-0.0947619080543518,0.697612125544769
162,S,D,0.3650451302528381,0.62581928237254
162,S,E,0.0839768052101135,0.6697044178736463
162,S,F,0.0665535330772399,0.6724248334818711
162,S,G,0.4712161719799042,0.6092420655987265
162,S,H,0.0160226821899414,0.6803145636314288
162,S,I,-0.1242868900299072,0.7022220645496997
162,S,K,-0.2928869128227234,0.7285467485731578
162,S,L,-0.0831940770149231,0.695805960326607
162,S,M,-0.1052821278572082,0.6992547199974866
162,S,N,0.0612744092941284,0.6732490994766741
162,S,P,1.976678371429444,0.37418387252558727
162,S,Q,-0.1396582722663879,0.7046221044410134
162,S,R,-0.4035215973854065,0.7458209046788573
162,S,T,0.008596658706665,0.6814740398788802
162,S,V,0.0095166563987731,0.6813303942960038
162,S,W,0.0463516116142272,0.6755790987682646
162,S,Y,-0.0163629055023193,0.6853711487302364
163,S,A,-0.2723634243011474,0.7253422748047677
163,S,C,-0.0458934903144836,0.6899819625446773
163,S,D,0.4770817160606384,0.6083262377596003
163,S,E,0.1250199079513549,0.663296075258336
163,S,F,0.2192704081535339,0.6485800948226503
163,S,G,0.5558968782424927,0.5960202830727227
163,S,H,0.0797657966613769,0.6703619116724568
163,S,I,-0.0066681504249572,0.6838574397765312
163,S,K,-0.2868359088897705,0.7276019636085945
163,S,L,-0.0522804260253906,0.6909791988539177
163,S,M,-0.1209592819213867,0.7017025021524967
163,S,N,0.1623499989509582,0.6574674707667513
163,S,P,2.170326471328736,0.34394825952180824
163,S,Q,-0.1788574457168579,0.7107425416626169
163,S,R,-0.3290115594863891,0.7341871387292651
163,S,T,0.1267532706260681,0.6630254333927299
163,S,V,0.1804255843162536,0.6546452049959739
163,S,W,0.1224450469017028,0.6636981060671912
163,S,Y,0.1180379390716552,0.6643862181988596
164,Y,A,1.3834962844848633,0.46680148163694807
164,Y,C,0.5531587600708008,0.5964478043416684
164,Y,D,2.1397573947906494,0.34872122020961854
164,Y,E,2.015817403793335,0.3680728255464926
164,Y,F,0.2138706445693969,0.6494231971413758
164,Y,G,1.8538917303085327,0.3933553973941324
164,Y,H,0.4671376943588257,0.6098788664300264
164,Y,I,1.5089375972747805,0.44721546457726913
164,Y,K,1.1164512634277344,0.5084970619987923
164,Y,L,1.0979933738708496,0.5113790195589166
164,Y,M,1.222702980041504,0.49190724889868
164,Y,N,1.0243148803710938,0.522882950748113
164,Y,P,2.7386362552642822,0.25521413456900616
164,Y,Q,1.4196945428848269,0.46114959797291377
164,Y,R,0.9181366562843324,0.5394612889532666
164,Y,S,1.4581618309020996,0.455143435070205
164,Y,T,1.4743942022323608,0.4526089630153247
164,Y,V,1.339003562927246,0.47374843702251923
164,Y,W,0.283557653427124,0.6385424839698604
165,P,A,0.5907479524612427,0.5905787445634777
165,P,C,0.373161256313324,0.624552055651584
165,P,D,1.3185465335845947,0.47694253406108056
165,P,E,1.118870496749878,0.5081193304200564
165,P,F,0.804058313369751,0.5572731271808118
165,P,G,0.7254394888877869,0.5695484263088947
165,P,H,0.9723573923110962,0.5309954315958338
165,P,I,0.5167174339294434,0.6021376398480721
165,P,K,0.5902299284934998,0.5906596272172373
165,P,L,0.697441041469574,0.5739200169482245
165,P,M,0.6712849736213684,0.5780039441624353
165,P,N,0.9891014099121094,0.5283810726809982
165,P,Q,0.8042383193969727,0.5572450215986746
165,P,R,0.7072324156761169,0.57239122218371
165,P,S,0.7021740674972534,0.5731810169612164
165,P,T,0.5954092144966125,0.5898509495833879
165,P,V,0.4487056136131286,0.6127567942825132
165,P,W,0.7895268797874451,0.5595420200974642
165,P,Y,0.8482040166854858,0.5503803541459699
166,D,A,-0.402560144662857,0.7456707864362535
166,D,C,-0.5734356641769409,0.7723507594519167
166,D,E,-0.1514500677585601,0.7064632387733741
166,D,F,-0.4203143417835235,0.7484428716444866
166,D,G,-0.2119713723659515,0.7159128473445121
166,D,H,-0.4390754401683807,0.751372171289489
166,D,I,-0.0783950388431549,0.6950566534084013
166,D,K,-0.3853192627429962,0.742978848669532
166,D,L,-0.2815115749835968,0.7267706386455627
166,D,M,-0.2572073638439178,0.7229758545874508
166,D,N,-0.3537014424800873,0.7380421403930784
166,D,P,0.6301706433296204,0.5844234080263065
166,D,Q,-0.2717187702655792,0.7252416205254285
166,D,R,-0.369505912065506,0.740509801198236
166,D,S,-0.3629617989063263,0.7394880236902883
166,D,T,-0.4339829981327057,0.750577053203048
166,D,V,-0.1140796244144439,0.7006283337920189
166,D,W,-0.4488888084888458,0.7529044001466554
166,D,Y,-0.5246241092681885,0.7647294748377053
167,Y,A,1.153921365737915,0.5026465965759361
167,Y,C,1.0157501697540283,0.5242202180687922
167,Y,D,3.105794668197632,0.19788716007089457
167,Y,E,3.074397563934326,0.2027894064365357
167,Y,F,0.3164491653442383,0.6334069054335759
167,Y,G,2.2399561405181885,0.33307649918804655
167,Y,H,1.1513789892196655,0.5030435553509287
167,Y,I,1.4608638286590576,0.4547215535306549
167,Y,K,1.650876760482788,0.4250535243822998
167,Y,L,0.8116295337677002,0.5560909803379677
167,Y,M,0.9165246486663818,0.5397129828171405
167,Y,N,2.060063600540161,0.3611643617793715
167,Y,P,3.0794386863708496,0.2020023012329491
167,Y,Q,2.095270872116089,0.355667207720838
167,Y,R,1.2129101753234863,0.49343626701881416
167,Y,S,1.9710239171981807,0.3750667414510917
167,Y,T,2.142816066741944,0.34824364866890656
167,Y,V,1.6685363054275513,0.4222962178708991
167,Y,W,0.6740051507949829,0.577579224145219
168,T,A,0.5701342821121216,0.5937972990423889
168,T,C,0.3641412854194641,0.6259604058982114
168,T,D,1.5448569059371948,0.44160713525906337
168,T,E,1.1655824184417725,0.5008258760165613
168,T,F,0.6227972507476807,0.5855746666482523
168,T,G,1.095189332962036,0.5118168337993338
168,T,H,0.5206758379936218,0.6015195869290952
168,T,I,0.1270705461502075,0.6629758949775921
168,T,K,-0.1308491230010986,0.7032466712288293
168,T,L,0.627692699432373,0.5848103064919317
168,T,M,0.4387485384941101,0.6143114610729684
168,T,N,0.6665177345275879,0.5787482860713463
168,T,P,1.8810880184173584,0.38910905341851176
168,T,Q,0.534034013748169,0.5994338828464784
168,T,R,-0.4132094383239746,0.7473335340804008
168,T,S,0.3312737941741943,0.6310922339213828
168,T,V,0.3331544995307922,0.6307985864269545
168,T,W,0.856906533241272,0.5490215702339327
168,T,Y,0.6454294919967651,0.5820409387770707
169,L,A,1.5460412502288818,0.4414222154189755
169,L,C,0.7910393476486206,0.5593058680621231
169,L,D,2.440202474594116,0.30181065838871035
169,L,E,2.2306902408599854,0.33452324798828253
169,L,F,0.995811939239502,0.5273333114693
169,L,G,2.18037486076355,0.3423793351976331
169,L,H,2.0263140201568604,0.3664339164614991
169,L,I,0.4983810186386108,0.6050006307934959
169,L,K,2.0039255619049072,0.36992958081250155
169,L,M,0.8035167455673218,0.5573576858958111
169,L,N,2.182487964630127,0.3420494017214986
169,L,P,1.9257619380950928,0.38213380632112043
169,L,Q,2.039494514465332,0.36437595500813746
169,L,R,2.200669288635254,0.3392106262478367
169,L,S,2.054494857788086,0.36203384798066607
169,L,T,1.82785713672638,0.39742035799364256
169,L,V,0.6347236633300781,0.5837125136214356
169,L,W,1.0152435302734375,0.5242993231840789
169,L,Y,1.315453052520752,0.4774255405885369
170,V,A,0.784437894821167,0.5603365984078243
170,V,C,0.6962027549743652,0.5741133591564692
170,V,D,2.8350558280944824,0.24015948186856784
170,V,E,2.758866548538208,0.25205543939615666
170,V,F,1.027660608291626,0.522360559179728
170,V,G,2.052060604095459,0.36241392479340817
170,V,H,1.765022039413452,0.4072312349730528
170,V,I,0.5271925926208496,0.600502081097373
170,V,K,2.039646863937378,0.36435216763464656
170,V,L,1.2829513549804688,0.48250025471847124
170,V,M,1.528771162033081,0.44411871336293124
170,V,N,2.33278226852417,0.31858291580412623
170,V,P,2.514331817626953,0.2902363329533931
170,V,Q,2.264790296554565,0.32919897117934493
170,V,R,1.9395897388458248,0.379974776449875
170,V,S,1.8608804941177368,0.3922641935144155
170,V,T,1.5287398099899292,0.44412360857359484
170,V,W,1.161060094833374,0.5015319775820943
170,V,Y,0.9120469093322754,0.5404121231325284
171,F,A,1.1499748229980469,0.5032627975045668
171,F,C,0.5046015977859497,0.6040293688815218
171,F,D,2.932945966720581,0.2248752195911468
171,F,E,2.512347221374512,0.29054620164969713
171,F,G,1.8588709831237795,0.3925779523210949
171,F,H,1.957565903663636,0.3771680338946619
171,F,I,-0.2219822406768798,0.717475913236914
171,F,K,2.095149517059326,0.3556861557225702
171,F,L,0.070345401763916,0.6718327828796131
171,F,M,0.3840310573577881,0.6228548786693188
171,F,N,2.3644845485687256,0.3136330202396301
171,F,P,1.9448575973510744,0.37915226938057645
171,F,Q,2.25319766998291,0.3310090078949139
171,F,R,2.0815443992614746,0.3578104165690262
171,F,S,1.8782317638397217,0.38955502013904564
171,F,T,1.517870306968689,0.4458207390234394
171,F,V,0.2194653749465942,0.6485496533129912
171,F,W,1.208330154418945,0.4941513772610058
171,F,Y,0.8816242814064026,0.5451622177887787
172,T,A,0.8223832845687866,0.554411923080345
172,T,C,0.3514019250869751,0.6279494900623688
172,T,D,2.912010431289673,0.2281440290844754
172,T,E,2.5831003189086914,0.2794990327026503
172,T,F,0.9427688717842102,0.5356152913128699
172,T,G,1.6872349977493286,0.4193766621148033
172,T,H,2.025908946990967,0.3664971633277918
172,T,I,0.3616437911987304,0.6263503568906382
172,T,K,2.304394006729126,0.323015370849806
172,T,L,1.0672016143798828,0.5161867492715164
172,T,M,1.189537763595581,0.49708556281018745
172,T,N,2.2458531856536865,0.3321557528720462
172,T,P,2.0675952434539795,0.3599883944420039
172,T,Q,2.2532708644866943,0.330997579532376
172,T,R,2.1289353370666504,0.3504109426980786
172,T,S,0.9940658807754515,0.5276059356160303
172,T,V,-0.059355616569519,0.6920838971356541
172,T,W,1.6319135427474976,0.42801438231505945
172,T,Y,1.1885724067687988,0.4972362906275032
173,G,A,2.280237436294556,0.3267871027466748
173,G,C,1.837207555770874,0.39596041259888004
173,G,D,3.1251940727233887,0.19485819728711523
173,G,E,3.181851863861084,0.18601182571218527
173,G,F,1.702675461769104,0.4169658360083582
173,G,H,2.704676866531372,0.2605164480753465
173,G,I,2.18705415725708,0.34133645058363016
173,G,K,2.9766058921813965,0.21805829440213864
173,G,L,2.1264235973358154,0.3508031179402175
173,G,M,2.1868152618408203,0.34137375097210887
173,G,N,2.955742120742798,0.22131589888854897
173,G,P,2.478599786758423,0.2958154212983953
173,G,Q,2.8910467624664307,0.23141723123832342
173,G,R,2.8652868270874023,0.23543930755886422
173,G,S,2.5988471508026123,0.2770403712676671
173,G,T,2.739704132080078,0.2550473995989501
173,G,V,2.0686941146850586,0.35981682010018917
173,G,W,1.914681434631348,0.38386388172486074
173,G,Y,1.940725326538086,0.3797974693138229
174,H,A,1.7464686632156372,0.4101281015207875
174,H,C,1.264509201049805,0.4853797553667796
174,H,D,2.991018533706665,0.21580794930839986
174,H,E,2.91184663772583,0.2281696033029234
174,H,F,0.6753859519958496,0.5773636301333683
174,H,G,2.5556728839874268,0.2837814672238099
174,H,I,2.09089469909668,0.3563504897872318
174,H,K,1.9499646425247192,0.3783548712055185
174,H,L,2.057280302047729,0.3615989373633042
174,H,M,1.6477421522140503,0.4255429523838206
174,H,N,1.926619052886963,0.38199997907902367
174,H,P,2.526517391204834,0.2883337153334862
174,H,Q,1.6084940433502195,0.4316710302289124
174,H,R,1.6241064071655271,0.42923336422217473
174,H,S,1.731628179550171,0.4124452485577649
174,H,T,2.48022198677063,0.2955621360257315
174,H,V,2.298436164855957,0.32394560977964076
174,H,W,0.2355897426605224,0.6460320446073932
174,H,Y,-0.2176220417022705,0.7167951253082727
175,S,A,0.5401356220245361,0.5984811966768705
175,S,C,1.2837320566177368,0.48237835838905657
175,S,D,3.1716694831848145,0.18760167101273278
175,S,E,2.947946786880493,0.22253303811180225
175,S,F,3.571594715118408,0.1251585871431815
175,S,G,2.2348079681396484,0.333880318837169
175,S,H,2.7424564361572266,0.25461766338677627
175,S,I,2.50434947013855,0.2917949456931286
175,S,K,1.5257360935211182,0.4445925995359192
175,S,L,2.68227481842041,0.26401423430473553
175,S,M,1.8760571479797363,0.38989455790682437
175,S,N,2.2784204483032227,0.3270708016095453
175,S,P,1.9540210962295528,0.3777215091201126
175,S,Q,2.034364700317383,0.3651769082601413
175,S,R,1.1042449474334717,0.5104029182751839
175,S,T,1.073922634124756,0.5151373501186074
175,S,V,2.0924947261810303,0.3561006665266724
175,S,W,3.17077112197876,0.1877419383418622
175,S,Y,3.5346500873565674,0.13092700660175927
176,Y,A,2.489360809326172,0.29413522864970626
176,Y,C,1.6070477962493896,0.43189684276036133
176,Y,D,3.2231128215789795,0.17956946789730155
176,Y,E,2.832005262374878,0.24063578772743516
176,Y,F,0.2937769889831543,0.636946868649139
176,Y,G,2.733706474304199,0.25598385526019796
176,Y,H,2.153679132461548,0.34654752331935046
176,Y,I,2.128422260284424,0.3504910529136536
176,Y,K,2.5765504837036133,0.2805217036330765
176,Y,L,1.6317778825759888,0.42803556387298797
176,Y,M,1.7298436164855957,0.41272388469325705
176,Y,N,2.890228271484375,0.23154502787869008
176,Y,P,2.9274284839630127,0.22573670221607123
176,Y,Q,2.699959278106689,0.26125303768295954
176,Y,R,2.264000654220581,0.32932226348138227
176,Y,S,2.8669841289520264,0.2351742961161697
176,Y,T,2.797929525375366,0.24595626749083904
176,Y,V,2.26491379737854,0.32917968814418325
176,Y,W,0.0744581222534179,0.6711906354731684
177,G,A,2.1155333518981934,0.3525034870465467
177,G,C,1.8597862720489504,0.39243504195046636
177,G,D,2.9929184913635254,0.21551129581959066
177,G,E,3.051637649536133,0.20634306879676956
177,G,F,1.9014530181884768,0.38592932559148013
177,G,H,2.6665024757385254,0.2664768789149355
177,G,I,2.391591310501098,0.3094006546032049
177,G,K,2.948695659637451,0.2224161114449244
177,G,L,2.3602957725524902,0.31428704271985203
177,G,M,2.2427148818969727,0.3326457578755843
177,G,N,2.864893913269043,0.23550065590239005
177,G,P,2.502560377120972,0.29207428912141614
177,G,Q,2.814581871032715,0.24335622194862816
177,G,R,2.766042470932007,0.2509350131562044
177,G,S,2.4310531616210938,0.30323920370594626
177,G,T,2.591871976852417,0.2781294532689975
177,G,V,2.22481632232666,0.33544038338843213
177,G,W,2.002220630645752,0.3701957834851674
177,G,Y,2.123080253601074,0.35132513724923636
178,A,C,0.701768159866333,0.5732443941182872
178,A,D,1.703923225402832,0.4167710140691333
178,A,E,1.7362273931503296,0.4117271416276766
178,A,F,0.861972451210022,0.5482305935329391
178,A,G,0.6533230543136597,0.5808084624679359
178,A,H,1.4312894344329834,0.45933920761094704
178,A,I,1.0246776342391968,0.5228263114855677
178,A,K,1.390000581741333,0.46578592086041354
178,A,L,1.1168032884597778,0.5084420979033943
178,A,M,1.046846866607666,0.519364876383274
178,A,N,1.7086302042007446,0.4160360810156993
178,A,P,1.6645597219467163,0.42291710926754217
178,A,Q,1.496822714805603,0.44910704470697255
178,A,R,1.2583436965942385,0.48634241808739764
178,A,S,0.9161813259124756,0.5397665881658524
178,A,T,1.2350730895996094,0.4899758184038405
178,A,V,0.9532867074012756,0.5339730691195184
178,A,W,0.8465672731399536,0.5506359102007666
178,A,Y,1.0165168046951294,0.5241005180696372
179,A,C,0.4146356582641601,0.6180763713169544
179,A,D,1.8199045658111568,0.39866204772208735
179,A,E,1.7142794132232666,0.4151540310608004
179,A,F,0.83234041929245,0.5528572469834055
179,A,G,0.8689669966697693,0.5471384869242595
179,A,H,1.445576786994934,0.4571084247468944
179,A,I,0.7838377952575684,0.5604302960902604
179,A,K,1.6506105661392212,0.42509508714051986
179,A,L,0.787630558013916,0.5598381058907402
179,A,M,0.8143814206123352,0.5556613092711828
179,A,N,1.698184609413147,0.41766702375025927
179,A,P,2.0571205615997314,0.36162387874082974
179,A,Q,1.5443735122680664,0.44168261084553095
179,A,R,1.6010007858276367,0.43284100419048654
179,A,S,0.8443199992179871,0.5509867925727259
179,A,T,1.014992594718933,0.5243385034823561
179,A,V,0.7019695043563843,0.5732129568148239
179,A,W,0.7545467615127563,0.5650037071448969
179,A,Y,0.8961146473884583,0.5428997370397064
180,L,A,3.086642265319824,0.20087755678435065
180,L,C,1.9064432382583616,0.38515016812535885
180,L,D,3.738104343414306,0.09916029082539624
180,L,E,3.458247423171997,0.14285628134260997
180,L,F,1.8868995904922483,0.38820165260078454
180,L,G,3.5357983112335205,0.13074772649106725
180,L,H,3.05105972290039,0.20643330446710134
180,L,I,1.2106739282608032,0.49378542769120537
180,L,K,2.8556957244873047,0.23693683253663006
180,L,M,1.3507754802703855,0.47191040640262294
180,L,N,3.3980050086975098,0.1522623448744036
180,L,P,3.5031726360321045,0.13584179810803643
180,L,Q,3.181217670440674,0.18611084670355588
180,L,R,2.821062564849853,0.24234434653981768
180,L,S,3.4146528244018555,0.14966300662498833
180,L,T,3.133627891540528,0.19354136700563235
180,L,V,1.9359142780303955,0.3805486514885852
180,L,W,2.374636650085449,0.3120479026330315
180,L,Y,2.2713239192962646,0.3281788316126079
181,A,C,1.0569859743118286,0.5177817875902204
181,A,D,2.5394861698150635,0.2863088105118302
181,A,E,2.2981560230255127,0.3239893502551522
181,A,F,1.7561075687408447,0.4086231127427322
181,A,G,1.7234176397323608,0.41372721674961666
181,A,H,2.225594997406006,0.33531880347947857
181,A,I,1.540272235870361,0.44232297140701876
181,A,K,2.089988470077514,0.3564919855722694
181,A,L,1.5570982694625854,0.43969580676999076
181,A,M,1.5023579597473145,0.4482427887497711
181,A,N,2.3386833667755127,0.31766153664720365
181,A,P,2.56367826461792,0.2825315319504072
181,A,Q,2.2278807163238525,0.33496191842524164
181,A,R,1.9717942476272583,0.37494646444991925
181,A,S,1.216617226600647,0.4928574595435036
181,A,T,1.7168822288513184,0.4147476355108782
181,A,V,1.3368141651153564,0.4740902827983675
181,A,W,1.7964738607406616,0.4023204452549607
181,A,Y,1.7585492134094238,0.40824188192595534
182,A,C,0.0138361454010009,0.6806559626960379
182,A,D,1.9074918031692505,0.38498644845616786
182,A,E,1.2487030029296875,0.4878476860599775
182,A,F,0.6456276774406433,0.5820099947172674
182,A,G,1.5525106191635132,0.4404121082421537
182,A,H,1.3869094848632812,0.4662685551285038
182,A,I,0.3156125545501709,0.6335375312451246
182,A,K,1.4421144723892212,0.45764901979827943
182,A,L,0.4075847864151001,0.6191772725531569
182,A,M,0.2443048954010009,0.6446712877207159
182,A,N,1.7127622365951538,0.4153909183083895
182,A,P,2.6077466011047363,0.2756508387319938
182,A,Q,1.0505081415176392,0.5187932162877917
182,A,R,1.3645108938217163,0.469765801581812
182,A,S,0.4105024337768554,0.6187217201539472
182,A,T,-0.0781284570693969,0.6950150301580342
182,A,V,-0.0094367265701293,0.6842897166588784
182,A,W,0.9886043071746826,0.5284586887588207
182,A,Y,0.8436778783798218,0.5510870513264886
183,V,A,2.0897457599639893,0.35652988157573373
183,V,C,1.3526993989944458,0.47161001170718486
183,V,D,3.425483703613281,0.14797190677687388
183,V,E,3.1692657470703125,0.1879769829055894
183,V,F,1.7927772998809814,0.40289761478906055
183,V,G,2.987072706222534,0.21642403855922077
183,V,H,2.9931774139404297,0.21547086845243707
183,V,I,-0.1226677894592285,0.7019692632142117
183,V,K,2.9480912685394287,0.22251047919421935
183,V,L,0.7871397733688354,0.5599147354812426
183,V,M,1.6221895217895508,0.4295326607524829
183,V,N,3.2490859031677246,0.17551411158943553
183,V,P,3.299769639968872,0.16760051030802936
183,V,Q,3.050661087036133,0.20649554623310568
183,V,R,2.926304817199707,0.22591214805529292
183,V,S,2.918555974960327,0.22712202822090816
183,V,T,1.8795390129089355,0.38935091032863767
183,V,W,2.156015634536743,0.3461827091406166
183,V,Y,2.106910228729248,0.35384987472169427
184,A,C,0.7695116996765137,0.5626671281690114
184,A,D,3.1822586059570312,0.18594831826433628
184,A,E,2.63946795463562,0.2706979650925692
184,A,F,0.9214016199111938,0.5389515076709068
184,A,G,2.1662938594818115,0.3445778990135537
184,A,H,2.1633129119873047,0.3450433348989322
184,A,I,1.1877237558364868,0.4973687963488504
184,A,K,2.4069743156433105,0.3069987999474817
184,A,L,0.8492050170898438,0.5502240610511318
184,A,M,1.0031546354293823,0.5261868456866922
184,A,N,2.695077657699585,0.26201523873495697
184,A,P,3.4088830947875977,0.15056387429084128
184,A,Q,2.413971185684204,0.3059063303859202
184,A,R,2.280304431915283,0.3267766422584887
184,A,S,1.6047658920288086,0.43225313219961253
184,A,T,1.8131895065307613,0.39971051622658116
184,A,V,1.0172326564788818,0.5239887471949792
184,A,W,1.0856645107269287,0.5133040099667234
184,A,Y,0.9583135843276978,0.533188188165644
185,A,C,0.2204771041870117,0.6483916850510058
185,A,D,1.9011547565460205,0.38597589523817366
185,A,E,1.5194380283355713,0.44557595987728993
185,A,F,-0.299823522567749,0.7296298092792423
185,A,G,1.5753865242004397,0.43684033546376133
185,A,H,1.124718427658081,0.5072062526469968
185,A,I,0.1709915399551391,0.6561182073880009
185,A,K,1.5485527515411377,0.4410300774027732
185,A,L,0.3236699104309082,0.6322794807175419
185,A,M,0.2227368354797363,0.6480388576238588
185,A,N,1.6224589347839355,0.42949059544411866
185,A,P,2.5453357696533203,0.2853954721572144
185,A,Q,1.3008149862289429,0.4797110828053362
185,A,R,1.237433910369873,0.48960720717957285
185,A,S,0.8453375697135925,0.5508279122752936
185,A,T,0.7243869304656982,0.5697127695125238
185,A,V,-0.0598138570785522,0.6921554453858099
185,A,W,-0.216339111328125,0.7165948125433985
185,A,Y,-0.292975902557373,0.7285606431539958
186,T,A,0.6546298265457153,0.5806044271094012
186,T,C,-0.1111782193183898,0.7001753174097405
186,T,D,2.2703287601470947,0.32833421267199925
186,T,E,1.6758395433425903,0.4211559129807995
186,T,F,-0.8795976042747498,0.8201539340872356
186,T,G,2.066912889480591,0.36009493507256884
186,T,H,1.0315792560577393,0.5217487136856801
186,T,I,-0.94475120306015,0.8303268146871657
186,T,K,1.4371458292007446,0.45842480831713794
186,T,L,-0.9378319382667542,0.8292464621679694
186,T,M,-0.5924161076545715,0.7753143069585959
186,T,N,1.3046133518218994,0.47911801779630575
186,T,P,2.424757242202759,0.30422222901388757
186,T,Q,1.2927305698394775,0.4809733584767236
186,T,R,1.0772300958633425,0.5146209333130477
186,T,S,0.7038141489028931,0.5729249397433072
186,T,V,-0.5623125433921814,0.770614029912008
186,T,W,-0.2900223135948181,0.7280994789448428
186,T,Y,-0.2905934453010559,0.7281886536759813
187,V,A,0.8080012202262878,0.5566574939477142
187,V,C,0.2282212972640991,0.6471825307911543
187,V,D,2.398085832595825,0.3083866200900712
187,V,E,1.7565279006958008,0.4085574834164967
187,V,F,0.2262489795684814,0.6474904823517234
187,V,G,1.917384505271912,0.38344183266859594
187,V,H,1.108007550239563,0.5098154371566443
187,V,I,0.0995062589645385,0.6672796971863633
187,V,K,1.0065429210662842,0.5256578092886232
187,V,L,0.2792108058929443,0.6392211872460517
187,V,M,0.3494554758071899,0.628253402608816
187,V,N,1.6369562149047852,0.4272270351428849
187,V,P,2.6207163333892822,0.27362578500659146
187,V,Q,1.1927258968353271,0.4965877775858988
187,V,R,0.8867564797401428,0.5443608922774088
187,V,S,1.459497332572937,0.4549349139863093
187,V,T,1.1459791660308838,0.5038866669761384
187,V,W,0.2954174280166626,0.6366907355923248
187,V,Y,0.2452682256698608,0.6445208763238613
188,L,A,1.9309728145599363,0.38132019625067076
188,L,C,1.118586778640747,0.508163629284617
188,L,D,3.07335901260376,0.2029515626163892
188,L,E,2.6684961318969727,0.2661655956330403
188,L,F,0.6007934808731079,0.5890102669505418
188,L,G,2.3923139572143555,0.30928782278935363
188,L,H,2.086376905441284,0.3570558840599694
188,L,I,1.176039457321167,0.49919314643704427
188,L,K,2.4365265369415283,0.3023846078792939
188,L,M,0.4723109006881714,0.6090711380575604
188,L,N,2.5608720779418945,0.28296968122425387
188,L,P,2.998157501220703,0.2146932930886215
188,L,Q,2.26565933227539,0.32906328264041795
188,L,R,2.291623592376709,0.32500930369220615
188,L,S,2.4807398319244385,0.29548128129142437
188,L,T,2.401875734329224,0.30779487660179017
188,L,V,1.5918340682983398,0.4342722670010946
188,L,W,0.9342988729476928,0.5369377706302325
188,L,Y,0.9464658498764038,0.5350380566333809
189,R,A,2.2996954917907715,0.3237489823824905
189,R,C,2.6014506816864014,0.2766338640399351
189,R,D,4.373189926147461,0.0
189,R,E,3.467134475708008,0.1414686845556402
189,R,F,2.730450391769409,0.2564922498764192
189,R,G,3.270257472991944,0.1722084484188674
189,R,H,2.508931875228882,0.2910794631915709
189,R,I,2.167767286300659,0.3443478427253317
189,R,K,0.7808005809783936,0.5609045172966779
189,R,L,2.300811767578125,0.3235746905473036
189,R,M,1.7003482580184937,0.4173291983755644
189,R,N,3.122232437133789,0.1953206178716287
189,R,P,4.222534656524658,0.023522845985393115
189,R,Q,1.7024673223495483,0.41699833425101474
189,R,S,2.5195775032043457,0.2894172878961989
189,R,T,2.3222155570983887,0.3202327693144818
189,R,V,2.431232213973999,0.30321124702755553
189,R,W,2.503870725631714,0.2918696953738324
189,R,Y,2.693190336227417,0.2623099192491261
190,N,A,-0.1314710974693298,0.7033437843909489
190,N,C,-0.3127835988998413,0.731653355354212
190,N,D,0.4209777414798736,0.6170861381370377
190,N,E,0.1995702385902404,0.6516560181254575
190,N,F,-0.0134398937225341,0.684914758747453
190,N,G,0.3974741101264953,0.6207559221532704
190,N,H,-0.1346052289009094,0.7038331379405964
190,N,I,-0.1864251494407653,0.711924139422896
190,N,K,-0.2474489212036132,0.72145220165543
190,N,L,-0.162502646446228,0.7081889540892896
190,N,M,-0.2498592138290405,0.7218285372615433
190,N,P,1.790731430053711,0.4032170505510723
190,N,Q,-0.1722100377082824,0.7097046360176349
190,N,R,-0.4609795808792114,0.7547922158035195
190,N,S,-0.1718819737434387,0.7096534131288658
190,N,T,-0.2529126405715942,0.7223052898316499
190,N,V,-0.240768551826477,0.7204091495247124
190,N,W,-0.0733225345611572,0.694264648340909
190,N,Y,-0.1105862259864807,0.700082885409149
191,A,C,-0.0624796748161315,0.69257167788948
191,A,D,1.3248863220214844,0.47595265918080387
191,A,E,0.8670927286148071,0.5474311293183995
191,A,F,0.0686409473419189,0.6720989111004059
191,A,G,0.9157701730728148,0.5398307842935286
191,A,H,0.0050045847892761,0.6820348951462628
191,A,I,0.1932389736175537,0.6526445621785005
191,A,K,-0.8530982136726379,0.8160164015243128
191,A,L,-0.2584077715873718,0.7231632825250175
191,A,M,-0.3214494585990906,0.7330064157784962
191,A,N,0.2525012493133545,0.6433915344720922
191,A,P,2.4855287075042725,0.29473356112876636
191,A,Q,-0.0785449147224426,0.6950800545627999
191,A,R,-1.2746140956878662,0.8818305824545004
191,A,S,0.3795332908630371,0.6235571459633814
191,A,T,0.4630819857120514,0.6105121121843804
191,A,V,0.385068416595459,0.6226929086191483
191,A,W,0.1941059827804565,0.6525091900600347
191,A,Y,0.1134030222892761,0.6651098997129545
192,G,A,1.6381235122680664,0.4270447769572644
192,G,C,1.0651707649230957,0.516503839799522
192,G,D,2.025080919265747,0.3666264490056227
192,G,E,2.151376485824585,0.3469070514150863
192,G,F,1.3502442836761477,0.4719933457893799
192,G,H,1.4817397594451904,0.4514620505214777
192,G,I,1.8762917518615725,0.3898579275852045
192,G,K,1.878756403923035,0.3894731044655452
192,G,L,1.5662442445755005,0.43826778261586735
192,G,M,1.5892343521118164,0.43467817861384095
192,G,N,1.6467485427856443,0.42569809147462406
192,G,P,2.3332645893096924,0.3185076077343733
192,G,Q,1.7612226009368896,0.4078244674987979
192,G,R,1.8865872621536253,0.38825041857773773
192,G,S,1.791235327720642,0.4031383735340566
192,G,T,2.0778324604034424,0.35838998717603715
192,G,V,1.841693878173828,0.39525993214977445
192,G,W,1.2611184120178225,0.48590918263718286
192,G,Y,1.3947174549102783,0.46504944293061046
193,Y,A,1.814583778381348,0.39949281894931205
193,Y,C,0.923764944076538,0.5385825055743049
193,Y,D,2.808102607727051,0.24436787400181914
193,Y,E,2.5326473712921143,0.28737659927742226
193,Y,F,0.2651301622390747,0.6414196952230674
193,Y,G,2.6124415397644043,0.2749177855883584
193,Y,H,1.1023659706115725,0.5106962958815718
193,Y,I,0.941359043121338,0.5358354175825023
193,Y,K,1.0553126335144043,0.518043057826286
193,Y,L,0.625746488571167,0.5851141818124423
193,Y,M,0.949449896812439,0.5345721368108265
193,Y,N,1.8774125576019287,0.3896829284572221
193,Y,P,2.563363075256348,0.2825807446385996
193,Y,Q,1.698365569114685,0.4176387692643757
193,Y,R,0.7639738321304321,0.5635317936115156
193,Y,S,1.977164626121521,0.37410795022788046
193,Y,T,1.8157641887664795,0.3993085133371783
193,Y,V,1.2555420398712158,0.48677986006844887
193,Y,W,0.2087206840515136,0.6502272959850227
194,T,A,0.7180781364440918,0.5706978050210418
194,T,C,-0.0255627632141113,0.6868075859460326
194,T,D,1.199582815170288,0.49551715964912474
194,T,E,0.9279443025588988,0.5379299535185789
194,T,F,0.0898461937904357,0.6687879897662923
194,T,G,1.2835520505905151,0.4824064639711937
194,T,H,0.077832281589508,0.6706638047118432
194,T,I,-0.3068325519561767,0.7307241773635706
194,T,K,0.2826758027076721,0.6386801734028799
194,T,L,0.2420589327812194,0.6450219653500239
194,T,M,0.3385420441627502,0.6299573919374801
194,T,N,0.5234556794166565,0.6010855511212434
194,T,P,1.5287880897521973,0.44411607032143224
194,T,Q,0.5440396070480347,0.5978716405779237
194,T,R,0.1666345000267028,0.6567985020729822
194,T,S,0.4241893291473388,0.6165846908112355
194,T,V,-0.1654115915298462,0.7086431477418134
194,T,W,0.0282803773880004,0.6784006851656988
194,T,Y,-0.1110783815383911,0.7001597290487869
195,L,A,1.815279245376587,0.3993842308922339
195,L,C,0.8914322853088379,0.5436308265151859
195,L,D,3.5241427421569824,0.13256759085390013
195,L,E,3.199791431427002,0.18321079733824136
195,L,F,1.4452950954437256,0.4571524071909938
195,L,G,1.9325897693634035,0.3810677299486122
195,L,H,3.124098300933838,0.1950292876917541
195,L,I,0.6072161197662354,0.5880074560572947
195,L,K,3.237908363342285,0.17725933794937432
195,L,M,1.0827105045318604,0.5137652393212655
195,L,N,3.117307662963867,0.19608955681815182
195,L,P,3.1771693229675293,0.1867429431071172
195,L,Q,3.241842269897461,0.17664510999538363
195,L,R,3.287268877029419,0.16955234061612878
195,L,S,2.5995514392852783,0.27693040585093454
195,L,T,2.492282629013061,0.29367902479660596
195,L,V,0.6524200439453125,0.5809494557028293
195,L,W,2.076592445373535,0.3585835992723223
195,L,Y,2.262434482574463,0.3295668006589438
196,D,A,0.987591028213501,0.528616898989394
196,D,C,0.3651596307754516,0.6258014046164853
196,D,E,0.9668278694152832,0.5318587941305568
196,D,F,0.7643225193023682,0.5634773506792301
196,D,G,1.7722978591918943,0.4060952110656629
196,D,H,0.4410239458084106,0.6139561860404897
196,D,I,0.5429580807685852,0.5980405067328505
196,D,K,1.3518627882003784,0.4717406375187335
196,D,L,0.7121651768684387,0.5716210361683106
196,D,M,0.8664171099662781,0.5475366183162553
196,D,N,0.1952784061431884,0.6523261315167772
196,D,P,2.8978896141052246,0.2303488096318091
196,D,Q,0.9319723844528198,0.537301021319629
196,D,R,1.126343846321106,0.5069524648241889
196,D,S,0.6586728692054749,0.5799731589829293
196,D,T,0.8236811757087708,0.5542092743879489
196,D,V,0.5292413830757141,0.6001821893176378
196,D,W,0.8306242227554321,0.5531252085815761
196,D,Y,0.6926024556159973,0.5746754987186647
197,L,A,2.1821630001068115,0.34210014067309186
197,L,C,1.1935267448425293,0.49646273566484095
197,L,D,2.551021099090576,0.28450778247291975
197,L,E,2.467060089111328,0.2976171938560379
197,L,F,0.6539468765258789,0.5807110608048077
197,L,G,2.814645528793335,0.2433462826235545
197,L,H,2.130268812179565,0.35020273803464413
197,L,I,0.657417893409729,0.5801691070067365
197,L,K,2.3901073932647705,0.30963234883263746
197,L,M,0.804651141166687,0.5571805648894421
197,L,N,2.448113203048706,0.30057550181214004
197,L,P,2.5930280685424805,0.2779489447023975
197,L,Q,2.3682918548583984,0.3130385592579769
197,L,R,2.2580416202545166,0.33025268854090006
197,L,S,2.2422068119049072,0.3327250863464907
197,L,T,1.8667205572128296,0.39135234419726384
197,L,V,1.029065489768982,0.5221412053482801
197,L,W,1.2174533605575562,0.49272690818382814
197,L,Y,1.2182974815368652,0.4925951097552764
198,Y,A,2.487155675888061,0.29447953133737054
198,Y,C,1.81823205947876,0.3989231876673748
198,Y,D,3.40360689163208,0.15138768426792093
198,Y,E,3.0959489345550537,0.19942444234895518
198,Y,F,0.3627960681915283,0.6261704439390239
198,Y,G,3.1750142574310303,0.18707942834809427
198,Y,H,2.2070412635803223,0.33821572586611826
198,Y,I,1.2220282554626465,0.4920125982992736
198,Y,K,2.731431007385254,0.2563391395991608
198,Y,L,1.471975326538086,0.45298663875515577
198,Y,M,1.8348398208618164,0.3963301033753092
198,Y,N,2.993104219436645,0.21548229681497505
198,Y,P,2.9817473888397217,0.21725551707924112
198,Y,Q,2.8861284255981445,0.23218516508455822
198,Y,R,2.5328457355499268,0.2873456272981665
198,Y,S,2.979921102523804,0.21754066775363917
198,Y,T,2.515650987625122,0.2900303618461548
198,Y,V,1.4282307624816897,0.45981677915165886
198,Y,W,0.6994384527206421,0.5736081473578278
199,N,A,0.0436251759529113,0.6760047959663167
199,N,C,-0.6268659234046936,0.7806931942165338
199,N,D,0.5368791222572327,0.5989896564384808
199,N,E,0.8410748243331909,0.5514934841023474
199,N,F,-0.1773867607116699,0.7105129134726659
199,N,G,-0.4463642239570617,0.7525102193571819
199,N,H,0.2205174565315246,0.6483853845612353
199,N,I,0.1761833727359771,0.6553075707392375
199,N,K,0.580445408821106,0.5921873517360744
199,N,L,-0.211017370223999,0.7157638924124272
199,N,M,-0.0320337414741516,0.6878179443979265
199,N,P,1.4768240451812744,0.45222957488240983
199,N,Q,0.4761754274368286,0.6084677428511219
199,N,R,0.5158160328865051,0.6022783818078933
199,N,S,-0.3666349649429321,0.7400615404293588
199,N,T,-0.7629868388175964,0.801946691267551
199,N,V,-0.0829679369926452,0.6957706515257367
199,N,W,0.1376402378082275,0.661325576143029
199,N,Y,0.0833299756050109,0.6698054118396571
200,F,A,2.5055739879608154,0.29160375328272276
200,F,C,1.439331293106079,0.45808357676924366
200,F,D,2.4047927856445312,0.307339417267422
200,F,E,2.493151426315308,0.2935433734836154
200,F,G,2.318921089172364,0.3207471573064964
200,F,H,2.045072317123413,0.3635050542212519
200,F,I,1.6574039459228516,0.4240343899158512
200,F,K,2.2977294921875,0.3240559474557394
200,F,L,1.489771604537964,0.45020798316911176
200,F,M,1.6138765811920166,0.4308306174841067
200,F,N,2.323649883270264,0.3200088180798631
200,F,P,2.4224114418029785,0.3045884950041491
200,F,Q,2.466542482376098,0.2976980113644085
200,F,R,2.200075149536133,0.3393033932818576
200,F,S,2.330830812454224,0.31888761009524214
200,F,T,2.2425854206085205,0.3326659715591611
200,F,V,1.9895596504211424,0.37217262962266573
200,F,W,1.006452560424805,0.5256719179185967
200,F,Y,0.7713140249252319,0.5623857187012422
201,G,A,1.570095419883728,0.4376664720618788
201,G,C,1.556626319885254,0.43976949551150135
201,G,D,2.653472900390625,0.2685112763504258
201,G,E,2.9735021591186523,0.218542901644869
201,G,F,2.1341207027435303,0.3496013158028457
201,G,H,2.454991102218628,0.2995016079929447
201,G,I,2.6140077114105225,0.2746732484107969
201,G,K,2.750965118408203,0.25328914416119935
201,G,L,2.5998306274414062,0.2768868142791695
201,G,M,2.240907669067383,0.332927930475054
201,G,N,2.550485849380493,0.2845913547005991
201,G,P,3.0727553367614746,0.20304581868787436
201,G,Q,2.661942720413208,0.26718882495251556
201,G,R,2.5920002460479736,0.2781094257151038
201,G,S,1.988980054855347,0.37226312587455357
201,G,T,2.2589352130889893,0.33011316573050264
201,G,V,2.469550848007202,0.29722829449632027
201,G,W,2.35357666015625,0.3153361440652681
201,G,Y,2.2740249633789062,0.3277570989768042
202,Q,A,-0.3395571708679199,0.7358336977442311
202,Q,C,-0.6764587759971619,0.7884364682250016
202,Q,D,0.6549107432365417,0.5805605656495958
202,Q,E,0.1622204482555389,0.6574876984100543
202,Q,F,-0.3690243363380432,0.7404346094595349
202,Q,G,0.1292234361171722,0.6626397494232865
202,Q,H,0.1388049721717834,0.661143718136227
202,Q,I,-0.5943604111671448,0.7756178844716138
202,Q,K,0.6747502684593201,0.5774628837868427
202,Q,L,-0.1045558452606201,0.6991413204881021
202,Q,M,-0.5589801669120789,0.7700937229960729
202,Q,N,0.5635392069816589,0.594827033594286
202,Q,P,0.3478297293186188,0.6285072416172868
202,Q,R,0.5744562149047852,0.5931224858765728
202,Q,S,-0.2201569080352783,0.7171909114662623
202,Q,T,-0.4042497873306274,0.7459346019957346
202,Q,V,-0.5620949864387512,0.7705800612448555
202,Q,W,-0.1844906210899353,0.7116220881732791
202,Q,Y,-0.2404117584228515,0.7203534409105822
203,P,A,0.5425387620925903,0.5981059778488553
203,P,C,0.8100428581237793,0.5563387189460772
203,P,D,1.9134970903396609,0.3840488015649486
203,P,E,1.5823668241500854,0.43575045310479393
203,P,F,0.5033485889434814,0.6042250097913521
203,P,G,0.7622171640396118,0.5638060743124249
203,P,H,1.0978103876113892,0.5114075904652613
203,P,I,1.0663009881973269,0.5163273702470437
203,P,K,1.414434552192688,0.4619708765863042
203,P,L,1.164034128189087,0.5010676212488774
203,P,M,0.9826663732528688,0.5293858193229488
203,P,N,1.5760717391967771,0.4367333481219572
203,P,Q,1.3603054285049438,0.4704224298775963
203,P,R,1.234929442405701,0.48999824703064526
203,P,S,1.2172356843948364,0.49276089546394897
203,P,T,1.275784254074097,0.48361930359876903
203,P,V,1.1581850051879885,0.50198088515162
203,P,W,1.0939514636993408,0.5120101108621896
203,P,Y,0.5856359004974365,0.5913769244832044
204,R,A,1.993373990058899,0.3715770704758826
204,R,C,2.1289596557617188,0.3504071456525448
204,R,D,3.346399545669556,0.1603198616267265
204,R,E,3.421572685241699,0.14858256104095036
204,R,F,2.432445526123047,0.30302180423617014
204,R,G,2.191254138946533,0.3406806784843877
204,R,H,2.067502498626709,0.36000287533134345
204,R,I,2.792958498001098,0.24673242826906366
204,R,K,0.4497160911560058,0.6125990214566949
204,R,L,2.265330076217652,0.32911469165887
204,R,M,2.165912628173828,0.34463742328618585
204,R,N,2.467761754989624,0.29750763792460794
204,R,P,1.9534671306610107,0.3778080035838154
204,R,Q,2.019082307815552,0.3675630535706169
204,R,S,2.072122573852539,0.3592815111318022
204,R,T,2.368237018585205,0.31304712122339623
204,R,V,2.922173023223877,0.22655727353666616
204,R,W,2.6437435150146484,0.27003039237142284
204,R,Y,2.35937762260437,0.31443039980171983
205,I,A,1.5844697952270508,0.4354221017309652
205,I,C,0.940571427345276,0.5359583934640786
205,I,D,2.2294061183929443,0.33472374688283973
205,I,E,1.915499329566956,0.38373617814933564
205,I,F,1.2917659282684326,0.48112397461622947
205,I,G,2.150397062301636,0.3470599755626616
205,I,H,2.076622724533081,0.3585788715783734
205,I,K,2.0702528953552246,0.35957343692666244
205,I,L,0.5810747146606445,0.5920890938764042
205,I,M,0.9732415676116944,0.5308573792099324
205,I,N,2.130765438079834,0.3501251964086948
205,I,P,2.173214912414551,0.34349726729983276
205,I,Q,1.9413200616836548,0.3797046092149605
205,I,R,2.148791551589966,0.3473106550197631
205,I,S,1.9103937149047847,0.38453335296877417
205,I,T,1.2683762311935425,0.4847759692880067
205,I,V,0.3161923885345459,0.6334469977673001
205,I,W,1.4720308780670166,0.4529779651119267
205,I,Y,1.6044096946716309,0.4323087477489011
206,G,A,2.2572834491729736,0.3303710670193055
206,G,C,1.9977126121521,0.37089965149450405
206,G,D,3.2256109714508057,0.17917941453354924
206,G,E,3.220803737640381,0.1799300010933258
206,G,F,1.9234139919281008,0.38250040734481133
206,G,H,2.815875291824341,0.24315427124254335
206,G,I,2.5244436264038086,0.28865750653008077
206,G,K,3.1606905460357666,0.18931588816747924
206,G,L,2.543247699737549,0.2857214969100053
206,G,M,2.357875347137451,0.314664960428271
206,G,N,3.1071078777313232,0.19768211961207155
206,G,P,2.761838436126709,0.25159141809636915
206,G,Q,3.0101473331451416,0.21282123796266772
206,G,R,2.95979642868042,0.22068287183657254
206,G,S,2.6732637882232666,0.2654211885787402
206,G,T,2.8704946041107178,0.23462618142559039
206,G,V,2.449448108673096,0.3003670737930858
206,G,W,2.146573781967163,0.34765693068206743
206,G,Y,2.149303913116455,0.3472306564819979
207,N,A,1.2899383306503296,0.4814093300332789
207,N,C,0.8278205990791321,0.5535629576766042
207,N,D,1.5227022171020508,0.4450662995792241
207,N,E,2.0557072162628174,0.3618445540930271
207,N,F,1.460559606552124,0.4547690538257635
207,N,G,1.050381422042847,0.5188130018730974
207,N,H,0.8326820135116577,0.5528039115227341
207,N,I,1.5571327209472656,0.43969042762215127
207,N,K,1.033840537071228,0.5213956442899452
207,N,L,1.0235838890075684,0.5229970854697454
207,N,M,1.3833858966827393,0.4668187172455964
207,N,P,1.8605930805206297,0.3923090693809934
207,N,Q,1.6271460056304932,0.42875877075639124
207,N,R,0.6849818229675293,0.5758653606368703
207,N,S,0.6663652658462524,0.5787720920578056
207,N,T,0.9361122250556946,0.5366546394628953
207,N,V,1.3738499879837036,0.4683076244190381
207,N,W,1.5567924976348877,0.4397435490336873
207,N,Y,1.468529224395752,0.4535247024428516
208,L,A,0.4441019892692566,0.6134755898924287
208,L,C,0.3624135255813598,0.6262301729543074
208,L,D,1.9482450485229488,0.37862336327328566
208,L,E,0.9716231822967528,0.5311100688676105
208,L,F,0.3112390041351318,0.6342204038262158
208,L,G,1.333100438117981,0.474670132599903
208,L,H,0.605518102645874,0.588272579177799
208,L,I,0.2246007919311523,0.6477478252514771
208,L,K,-0.6337054967880249,0.7817611039664198
208,L,M,0.1014344692230224,0.6669786324240663
208,L,N,1.3276801109313965,0.47551644565566065
208,L,P,1.3225404024124146,0.4763189437840336
208,L,Q,0.0938022136688232,0.6681703091066814
208,L,R,-0.7698197364807129,0.803013558691212
208,L,S,0.8925191164016724,0.5434611320831698
208,L,T,0.9532581567764282,0.533977526925427
208,L,V,0.5644069910049438,0.5946915404915261
208,L,W,0.5150905251502991,0.6023916603329839
208,L,Y,0.4631834626197815,0.6104962678951127
209,A,C,-0.0367208123207092,0.688549769085654
209,A,D,1.3335671424865725,0.4745972628289977
209,A,E,0.8544450998306274,0.5494058908034478
209,A,F,0.4717026948928833,0.609166101421841
209,A,G,1.1374032497406006,0.505225683915838
209,A,H,0.5012919306755066,0.6045461300269952
209,A,I,-0.4403379559516907,0.7515692965835413
209,A,K,-0.0922306180000305,0.6972168977758285
209,A,L,-0.167963445186615,0.7090415862477861
209,A,M,-0.0407125353813171,0.6891730243292715
209,A,N,0.7941468358039856,0.5588206745108912
209,A,P,0.856930673122406,0.5490178011078514
209,A,Q,0.310687780380249,0.6343064701916478
209,A,R,-0.0625969767570495,0.6925899930502899
209,A,S,0.5157111883163452,0.6022947519135156
209,A,T,0.2210426926612854,0.6483033758228933
209,A,V,-0.4061160683631897,0.7462259973209983
209,A,W,0.5099607706069946,0.6031926042785035
209,A,Y,0.4430582523345947,0.6136385557364034
210,L,A,1.91507351398468,0.38380266367211313
210,L,C,1.041094422340393,0.5202630451687231
210,L,D,2.907301902770996,0.2288792041064973
210,L,E,2.330946445465088,0.31886955551598856
210,L,F,0.4866272211074829,0.6068358322422102
210,L,G,2.873112201690674,0.2342174778675986
210,L,H,2.3343818187713623,0.31833316699543995
210,L,I,0.8445851802825928,0.5509453880247364
210,L,K,2.6901097297668457,0.2627909155760057
210,L,M,0.637718677520752,0.5832448814057973
210,L,N,2.7522523403167725,0.2530881613294663
210,L,P,2.9650607109069824,0.21986092315632316
210,L,Q,2.4312400817871094,0.30321001857164753
210,L,R,2.5691044330596924,0.2816843068592027
210,L,S,2.4634218215942383,0.29818526164863773
210,L,T,2.054883480072021,0.3619731697039992
210,L,V,1.1556636095046997,0.5023745680441913
210,L,W,0.6186902523040771,0.5862159206322186
210,L,Y,0.9327131509780884,0.5371853603345957
211,A,C,1.3328958749771118,0.47470207245351054
211,A,D,3.036203145980835,0.2087529642547995
211,A,E,2.6064133644104004,0.2758590061694917
211,A,F,2.084347724914551,0.3573727140064188
211,A,G,2.1818161010742188,0.34215430441085287
211,A,H,2.565768480300904,0.28220517216418667
211,A,I,2.045694828033448,0.3634078573007748
211,A,K,2.473090410232544,0.2966756382414751
211,A,L,2.012856960296631,0.3685350600013231
211,A,M,1.9124059677124023,0.38421916606382367
211,A,N,2.7456917762756348,0.2541125074270397
211,A,P,2.6989850997924805,0.26140514285992955
211,A,Q,2.615623235702514,0.2744210054643581
211,A,R,2.340458869934082,0.31738431509730247
211,A,S,1.634366512298584,0.4276313832662938
211,A,T,2.253197431564331,0.3310090451208505
211,A,V,1.5142714977264404,0.44638264592353105
211,A,W,2.054594755172729,0.36201825031322843
211,A,Y,2.085771083831787,0.35715047516488396
212,D,A,-0.8048489689826965,0.8084829142815855
212,D,C,-1.5093958377838137,0.9184886746230159
212,D,E,-0.4556102156639099,0.7539538597917113
212,D,F,-1.2661467790603638,0.8805085219289245
212,D,G,0.2170247435569763,0.6489307259195375
212,D,H,-1.16670560836792,0.8649820863209164
212,D,I,-0.9749292135238647,0.8350387155324588
212,D,K,-1.3691887855529783,0.8965971808574853
212,D,L,-1.3760075569152832,0.8976618426444025
212,D,M,-1.4164345264434814,0.9039739841330402
212,D,N,-0.8230982422828674,0.8113322991471799
212,D,P,2.139514923095703,0.34875907898714636
212,D,Q,-1.0869581699371338,0.8525305689154272
212,D,R,-1.7351545095443726,0.953737932607728
212,D,S,-0.4896536767482757,0.7592693000939471
212,D,T,-0.7058328986167908,0.793022852518545
212,D,V,-0.9536475539207458,0.8317158632856632
212,D,W,-1.4586105346679688,0.9105592150926158
212,D,Y,-1.406935214996338,0.9024907911408675
213,Y,A,1.899360418319702,0.3862560576370666
213,Y,C,1.3184081315994265,0.47696414371728
213,Y,D,2.7601518630981445,0.2518547543719164
213,Y,E,2.712976694107056,0.25922053877023593
213,Y,F,0.2067031860351562,0.6505423018605785
213,Y,G,2.7618184089660645,0.251594545075044
213,Y,H,1.7221781015396118,0.41392075439402864
213,Y,I,1.4461538791656494,0.4570183193673408
213,Y,K,2.46455192565918,0.29800881070912766
213,Y,L,1.4788528680801392,0.4519128007748654
213,Y,M,1.5445516109466553,0.44165480307088667
213,Y,N,2.497233867645264,0.2929059537711195
213,Y,P,3.201901912689209,0.1828812733474095
213,Y,Q,2.3761849403381348,0.3118061574007154
213,Y,R,2.302573680877685,0.323299590875789
213,Y,S,2.339211940765381,0.31757900674574924
213,Y,T,2.308344602584839,0.32239853708025296
213,Y,V,1.5809237957000732,0.4359757630860987
213,Y,W,0.3225183486938476,0.6324592819913465
214,I,A,1.953302025794983,0.37783378254491473
214,I,C,1.1489181518554688,0.5034277828556024
214,I,D,2.6975412368774414,0.26163058313201243
214,I,E,2.355975389480591,0.3149616139170802
214,I,F,0.6930816173553467,0.5746006838925718
214,I,G,3.01828670501709,0.2115503817128927
214,I,H,2.239561080932617,0.33313818256500183
214,I,K,2.6988425254821777,0.2614274039700196
214,I,L,0.238369345664978,0.645598046025478
214,I,M,0.3995144367218017,0.6204373518942846
214,I,N,2.6936967372894287,0.26223085135977603
214,I,P,2.8132143020629883,0.24356974992099728
214,I,Q,2.239849805831909,0.3330931019557726
214,I,R,2.657267093658448,0.2679188627952858
214,I,S,2.490194320678711,0.29400508677533344
214,I,T,2.0858354568481445,0.3571404241620005
214,I,V,0.7262322902679443,0.5694246407631973
214,I,W,0.9290066957473756,0.5377640747450647
214,I,Y,1.186318278312683,0.49758824324513984
215,T,A,1.8700013160705569,0.3908400966966039
215,T,C,1.6754987239837646,0.4212091274571771
215,T,D,1.7887465953826904,0.4035269564733131
215,T,E,2.363416910171509,0.3137997179837495
215,T,F,2.550373077392578,0.2846089625686135
215,T,G,2.0489206314086914,0.3629041903785026
215,T,H,2.1570003032684326,0.3460289660224359
215,T,I,2.674419641494751,0.2652407172380768
215,T,K,2.419940948486328,0.30497423015925523
215,T,L,2.5470879077911377,0.2851218987491006
215,T,M,2.334879875183105,0.31825540201387115
215,T,N,1.5794627666473389,0.43620388362561713
215,T,P,3.030405044555664,0.20965826180710856
215,T,Q,2.3018739223480225,0.3234088489997261
215,T,R,2.1484215259552,0.34736842967337483
215,T,S,0.4339923858642578,0.6150540719758273
215,T,V,2.4652764797210693,0.2978956810877836
215,T,W,2.353705644607544,0.31531600483356453
215,T,Y,2.384722948074341,0.31047305938493597
216,G,A,-0.3774061799049377,0.7417433244868377
216,G,C,-0.2211517691612243,0.7173462459932329
216,G,D,0.5152837634086609,0.6023614887113651
216,G,E,0.4424313604831695,0.6137364366834654
216,G,F,0.1388091444969177,0.6611430666823364
216,G,H,-0.1294794082641601,0.7030328082230307
216,G,I,0.3020907640457153,0.635648781626737
216,G,K,-0.4126456379890442,0.747245504046813
216,G,L,0.0468817949295043,0.6754963175917381
216,G,M,-0.0484475493431091,0.6903807453905636
216,G,N,-0.1759583950042724,0.7102898928864623
216,G,P,1.9834887981414795,0.3731205136464514
216,G,Q,-0.057732343673706,0.6918304443462756
216,G,R,-0.5678157210350037,0.771473278980736
216,G,S,-0.2197237610816955,0.7171232812459343
216,G,T,0.1850087642669677,0.6539296015101222
216,G,V,0.3085278868675232,0.6346437092578411
216,G,W,0.3499719500541687,0.6281727619236444
216,G,Y,0.1509961485862732,0.6592402257068098
217,Q,A,0.2461608648300171,0.6443815024172104
217,Q,C,-0.2671369910240173,0.7245262357419545
217,Q,D,0.2622017562389374,0.6418769274426664
217,Q,E,0.2613232731819153,0.6420140910593315
217,Q,F,-0.0996803641319274,0.6983800780039722
217,Q,G,0.8549649715423584,0.5493247196486796
217,Q,H,0.4476488828659057,0.6129217889400328
217,Q,I,-0.6837615966796875,0.789576707969712
217,Q,K,0.6079770922660828,0.587888640174134
217,Q,L,-1.3366055488586426,0.8915097354572319
217,Q,M,-1.0189197063446045,0.8419072544825705
217,Q,N,0.5782670974731445,0.5925274665058705
217,Q,P,0.8779041171073914,0.5457430726906025
217,Q,R,0.5423552989959717,0.5981346232070733
217,Q,S,0.2016105651855468,0.6513374478664719
217,Q,T,0.1880074143409729,0.6534614015989508
217,Q,V,-0.2115877270698547,0.7158529461592718
217,Q,W,-0.0877049565315246,0.696510275047183
217,Q,Y,0.1660898029804229,0.6568835493783995
218,N,A,-0.0384908318519592,0.6888261344390132
218,N,C,-0.0036531686782836,0.6833866898887023
218,N,D,0.3894233107566833,0.6220129489675964
218,N,E,0.3276464939117431,0.6316585893208988
218,N,F,0.2195671796798706,0.6485337578380606
218,N,G,0.0653527975082397,0.6726123126051005
218,N,H,0.0313233733177185,0.6779255612303188
218,N,I,0.3474333882331848,0.6285691250836514
218,N,K,-0.0673043727874755,0.693324991249113
218,N,L,0.1445614695549011,0.6602449165098556
218,N,M,0.1645948886871338,0.657116960654158
218,N,P,0.7118514180183411,0.5716700255008834
218,N,Q,0.0838808417320251,0.6697194013131301
218,N,R,-0.0159947872161865,0.6853136718841175
218,N,S,0.001905083656311,0.6825188416286184
218,N,T,-0.042944312095642,0.6895214870153514
218,N,V,0.3017493486404419,0.6357020891679561
218,N,W,0.2916112542152405,0.6372850197507791
218,N,Y,0.1999122500419616,0.651602617519397
219,M,A,-0.0006067752838134,0.6829110354837256
219,M,C,0.1052217483520507,0.666387298421088
219,M,D,1.3784968852996826,0.46758207230162874
219,M,E,1.1031519174575806,0.5105735805815519
219,M,F,0.4884737730026245,0.6065475173632006
219,M,G,0.4077391028404236,0.619153178065689
219,M,H,0.0138756036758422,0.6806498018035297
219,M,I,0.5985969305038452,0.5893532295044882
219,M,K,-0.6056686639785767,0.7773835199512966
219,M,L,0.0934171676635742,0.6682304289942993
219,M,N,-0.0638091564178466,0.6927792590184765
219,M,P,1.4410731792449951,0.45781160407640387
219,M,Q,0.0770232677459716,0.6707901216212299
219,M,R,-0.727271318435669,0.7963701808186587
219,M,S,0.0775461792945861,0.6707084758357698
219,M,T,0.1556833386421203,0.6585083824061141
219,M,V,0.6451570987701416,0.5820834694096425
219,M,W,0.8943407535552979,0.5431767073145355
219,M,Y,0.6302620768547058,0.5844091318796184
220,G,A,2.23817777633667,0.33335416744918694
220,G,C,1.7615745067596436,0.40776952201636824
220,G,D,2.820118427276612,0.2424917612487752
220,G,E,2.829049587249756,0.2410972776635335
220,G,F,1.8721859455108645,0.39049899543948774
220,G,H,2.572595596313477,0.2811392074694884
220,G,I,2.460106134414673,0.29870296274901037
220,G,K,2.847429275512696,0.2382275302106157
220,G,L,2.1979289054870605,0.3396385011631803
220,G,M,2.1115100383758545,0.3531316747267645
220,G,N,2.68280291557312,0.26393177885515434
220,G,P,2.7434449195861816,0.25446332465360993
220,G,Q,2.6209890842437744,0.27358319853511476
220,G,R,2.8052711486816406,0.24480996922494597
220,G,S,2.512969732284546,0.29044900472922025
220,G,T,2.657848596572876,0.26782806873590514
220,G,V,2.312219619750977,0.32179350393260375
220,G,W,2.011166572570801,0.368798991891856
220,G,Y,2.08331036567688,0.3575346840565893
221,S,A,0.0376060605049133,0.676944601961859
221,S,C,-0.4088209867477417,0.7466483348782718
221,S,D,1.113443374633789,0.5089667044150072
221,S,E,0.6891555786132812,0.5752136833906545
221,S,F,-0.0969773530960083,0.6979580382541914
221,S,G,0.831174373626709,0.553039309732859
221,S,H,-0.2685208320617676,0.7247423043844969
221,S,I,-0.5538575649261475,0.7692938958286515
221,S,K,-0.7640904188156128,0.8021190008216137
221,S,L,-0.1344189047813415,0.7038040458711393
221,S,M,-0.2151486873626709,0.7164089434419273
221,S,N,-0.0263016819953918,0.6869229584300572
221,S,P,1.612870454788208,0.4309877109365819
221,S,Q,0.0049880743026733,0.6820374730423727
221,S,R,-0.9890881776809692,0.8372494522296494
221,S,T,-0.2522155046463012,0.7221964411930154
221,S,V,-0.4945756196975708,0.7600377969824731
221,S,W,0.1163240075111389,0.6646538261506324
221,S,Y,-0.2125294804573059,0.7159999886088635
222,N,A,0.727514922618866,0.5692243745307438
222,N,C,0.048141598701477,0.6752996157427147
222,N,D,0.156034767627716,0.6584535113755576
222,N,E,0.5406475067138672,0.5984012725909784
222,N,F,0.4578195214271545,0.6113337770168632
222,N,G,1.3326106071472168,0.474746613286659
222,N,H,0.332412838935852,0.6309143870092501
222,N,I,0.192670464515686,0.6527333274243364
222,N,K,1.3581461906433103,0.47075956657246404
222,N,L,0.2259534001350402,0.6475366332066299
222,N,M,0.6509102582931519,0.5811851889463836
222,N,P,1.097430944442749,0.511466835543369
222,N,Q,0.9508899450302124,0.5343472921537293
222,N,R,1.317468523979187,0.4771108511334423
222,N,S,0.3437365293502807,0.6291463411501721
222,N,T,0.4267377853393554,0.6161867827748594
222,N,V,0.040972352027893,0.6764189996564419
222,N,W,-0.0780403614044189,0.6950012751744584
222,N,Y,0.1603943109512329,0.6577728258182419
223,Y,A,1.5707592964172363,0.43756281644140077
223,Y,C,0.8715828657150269,0.5467300532543082
223,Y,D,2.932095050811768,0.2250080789588918
223,Y,E,2.635971546173096,0.27124388345288875
223,Y,F,0.3125245571136474,0.634019681576039
223,Y,G,2.4179372787475586,0.3052870769304878
223,Y,H,1.169036865234375,0.5002865094210842
223,Y,I,0.8662419319152832,0.5475639700731763
223,Y,K,1.4271914958953855,0.45997904700932235
223,Y,L,1.0387468338012695,0.5206295903535091
223,Y,M,1.2731096744537354,0.4840369041556095
223,Y,N,1.7985326051712036,0.4019989992923722
223,Y,P,2.6610708236694336,0.26732496020268187
223,Y,Q,1.9037352800369265,0.38557298031332404
223,Y,R,1.1989140510559082,0.49562157840130316
223,Y,S,1.5867329835891724,0.4350687345277375
223,Y,T,1.191971778869629,0.496705523223382
223,Y,V,0.7684320211410522,0.5628357058229294
223,Y,W,0.3383758068084717,0.6299833477217783
224,R,A,1.0016735792160034,0.5264180932048855
224,R,C,0.5734548568725586,0.5932788348103158
224,R,D,2.467240810394287,0.2975889765960909
224,R,E,2.3273401260375977,0.3194326350330833
224,R,F,0.820504367351532,0.5547052913802488
224,R,G,1.746562123298645,0.4101135089536382
224,R,H,0.5286737680435181,0.6002708149662114
224,R,I,1.2788480520248413,0.48314093170042016
224,R,K,0.5401128530502319,0.5984847517538163
224,R,L,0.938418447971344,0.5362945529781104
224,R,M,0.9336851239204408,0.5370335994975393
224,R,N,0.5162348747253418,0.6022129851437616
224,R,P,2.717966318130493,0.2584414743689562
224,R,Q,1.4224926233291626,0.46071271438091166
224,R,S,0.6672650575637817,0.5786316013730564
224,R,T,0.9466537237167358,0.5350087225953357
224,R,V,1.1582036018371582,0.5019779815285648
224,R,W,1.2151310443878174,0.493089507419334
224,R,Y,0.7287170886993408,0.5690366720518948
225,V,A,1.6425864696502686,0.42634794464994613
225,V,C,0.9228335618972778,0.5387279286956542
225,V,D,2.5468204021453857,0.28516366624997197
225,V,E,2.379471063613892,0.3112930723164818
225,V,F,1.6462857723236084,0.42577034701757527
225,V,G,2.232701539993286,0.33420920998707854
225,V,H,2.184109926223755,0.3417961536747714
225,V,I,0.2956523895263672,0.6366540494318002
225,V,K,2.102012634277344,0.3546145699114443
225,V,L,1.072935700416565,0.515291446883186
225,V,M,1.558058500289917,0.43954587931031214
225,V,N,2.283799886703491,0.32623087280191554
225,V,P,2.4513251781463623,0.30007399399419077
225,V,Q,2.2394168376922607,0.3331607042566482
225,V,R,2.206324338912964,0.33832766425749095
225,V,S,2.1675667762756348,0.3443791497380169
225,V,T,1.5992802381515503,0.43310964516200007
225,V,W,1.990485429763794,0.37202808131082654
225,V,Y,1.879986047744751,0.3892811116975024
226,T,A,1.2618210315704346,0.4857994778020065
226,T,C,0.7841029167175293,0.5603889008487551
226,T,D,2.2309911251068115,0.3344762688562864
226,T,E,1.9665132761001587,0.375771018945731
226,T,F,1.00076425075531,0.5265600729270989
226,T,G,1.8742934465408323,0.39016993677286355
226,T,H,1.097353219985962,0.5114789711987024
226,T,I,0.96220064163208,0.5325812751081963
226,T,K,1.3507497310638428,0.47191442680377627
226,T,L,1.3597431182861328,0.4705102272490804
226,T,M,1.2282376289367676,0.4910430860063201
226,T,N,1.2994716167449951,0.4799208323451399
226,T,P,2.2646634578704834,0.329218775377619
226,T,Q,1.5993295907974243,0.4331019393931227
226,T,R,0.9409326910972596,0.5359019868636371
226,T,S,0.6721056699752808,0.577875803182155
226,T,V,0.8324843645095825,0.55283477182418
226,T,W,0.7990782260894775,0.5580507025446273
226,T,Y,0.7213722467422485,0.570183472867932
227,H,A,-0.219850480556488,0.7171430668312401
227,H,C,-0.178155243396759,0.7106329019728295
227,H,D,1.8265953063964844,0.39761737626312726
227,H,E,1.987971305847168,0.37242062881233146
227,H,F,0.7002773284912109,0.5734771678998813
227,H,G,0.5529890060424805,0.5964743092085316
227,H,I,0.831119954586029,0.5530478065528891
227,H,K,-0.3727596402168274,0.7410178282083333
227,H,L,0.7725922465324402,0.562186141148616
227,H,M,0.2038601636886596,0.6509862025416306
227,H,N,0.1268854141235351,0.6630048009173662
227,H,P,0.9818673729896544,0.5295105727429981
227,H,Q,0.3715207576751709,0.6248081980148823
227,H,R,-0.6755853295326233,0.7883000910062473
227,H,S,-0.5705447793006897,0.7718993856640909
227,H,T,0.1954432129859924,0.6523003990880987
227,H,V,0.7968218922615051,0.5584029995021776
227,H,W,0.7032793760299683,0.5730084375191132
227,H,Y,0.6583563089370728,0.5800225857202573
228,T,A,0.1137393712997436,0.6650573832228884
228,T,C,0.2220171093940735,0.6481512334199867
228,T,D,0.630679190158844,0.584344005103527
228,T,E,0.5674809813499451,0.5942115771843873
228,T,F,0.3658515214920044,0.6256933749484561
228,T,G,0.1685941815376281,0.6564925234870533
228,T,H,0.3051015138626098,0.6351786924992828
228,T,I,0.294291615486145,0.6368665164649759
228,T,K,-0.0936211347579956,0.6974340087445959
228,T,L,0.0555068850517272,0.6741496228026135
228,T,M,0.1682074069976806,0.6565529132627116
228,T,N,0.2559124231338501,0.6428589243841091
228,T,P,0.8241917490959167,0.5541295550447082
228,T,Q,0.1163837909698486,0.6646444917470286
228,T,R,-0.1373872756958007,0.7042675180883619
228,T,S,0.1946974396705627,0.6524168418178006
228,T,V,0.1961491703987121,0.6521901730898098
228,T,W,0.4496042728424072,0.6126164804209628
228,T,Y,0.4501314759254455,0.612534164568644
229,D,A,-0.0544638037681579,0.6913201046748667
229,D,C,-0.4795717597007751,0.7576951408724368
229,D,E,0.8336867094039917,0.5526470414258785
229,D,F,0.1572557091712951,0.6582628773542009
229,D,G,0.2015909552574157,0.6513405096997577
229,D,H,-0.1085333228111267,0.6997623514820074
229,D,I,1.50442636013031,0.44791983513675004
229,D,K,0.8867851495742798,0.5443564158585319
229,D,L,1.078321933746338,0.5144504571363628
229,D,M,0.6272417902946472,0.5848807100445368
229,D,N,-0.2992638945579529,0.729542430699545
229,D,P,1.886885404586792,0.38820386754401254
229,D,Q,0.5324258208274841,0.5996849810953665
229,D,R,0.7369880080223083,0.5677452763915977
229,D,S,-0.1409956812858581,0.7048309233324018
229,D,T,0.5888637900352478,0.5908729318339868
229,D,V,1.0307592153549194,0.5218767522946347
229,D,W,-0.0844883322715759,0.6960080413234699
229,D,Y,0.1613904237747192,0.6576172958551042
230,D,A,1.960639476776123,0.37668813573291227
230,D,C,1.4543194770812988,0.4557433682645392
230,D,E,1.847515106201172,0.3943510236816146
230,D,F,1.8278101682662964,0.39742769150315393
230,D,G,1.959249377250672,0.37690518155629055
230,D,H,1.8359389305114744,0.3961584918075579
230,D,I,2.1660397052764893,0.3446175818619751
230,D,K,2.2039358615875244,0.3387005936904048
230,D,L,2.040880918502808,0.3641594861867764
230,D,M,2.0851306915283203,0.35725046403060634
230,D,N,1.102490782737732,0.5106768081037589
230,D,P,2.174189329147339,0.3433451248969261
230,D,Q,2.05664587020874,0.3616979955806114
230,D,R,2.046065092086792,0.3633500454212266
230,D,S,1.4461588859558103,0.4570175376226721
230,D,T,1.875177502632141,0.39003190299993035
230,D,V,2.19726037979126,0.339742882689422
230,D,W,2.029507875442505,0.36593523781473186
230,D,Y,2.102527141571045,0.3545342363402497
231,I,A,1.5075701475143433,0.44742897393667
231,I,C,0.973282754421234,0.5308509484293839
231,I,D,2.486685037612915,0.29455301533622974
231,I,E,1.956065773963928,0.37740225948778383
231,I,F,0.4901617765426636,0.6062839577320337
231,I,G,2.369690418243408,0.3128201919138491
231,I,H,1.5754563808441162,0.4368294282643359
231,I,K,1.4706523418426514,0.4531932054773797
231,I,L,0.2389008998870849,0.6455150507998161
231,I,M,0.6811999082565308,0.576455857056275
231,I,N,2.2154242992401123,0.3369068247091324
231,I,P,2.3121633529663086,0.32180228925364274
231,I,Q,1.6956839561462402,0.418057467986346
231,I,R,1.438821792602539,0.4581631285957696
231,I,S,1.9628878831863403,0.37633707653775417
231,I,T,1.539746880531311,0.44240499875832895
231,I,V,0.5834858417510986,0.5917126279795129
231,I,W,0.8561345338821411,0.5491421078166613
231,I,Y,0.7081135511398315,0.5722536444285002
232,V,A,1.4716379642486572,0.45303931345545256
232,V,C,0.9521088600158693,0.5341569745528337
232,V,D,2.698662042617798,0.26145558400402996
232,V,E,2.484691619873047,0.2948642613921883
232,V,F,1.1451966762542725,0.5040088425000776
232,V,G,2.5740714073181152,0.2809087789219004
232,V,H,2.239423513412476,0.3331596619304231
232,V,I,-0.5014300346374512,0.7611080240469128
232,V,K,2.34253191947937,0.3170606355785177
232,V,L,0.4256520271301269,0.6163563096901608
232,V,M,0.9708977937698364,0.5312233287797328
232,V,N,2.5496726036071777,0.2847183323703604
232,V,P,2.816460371017456,0.24306291879411346
232,V,Q,2.3776655197143555,0.3115749843343953
232,V,R,2.347776174545288,0.3162418138769432
232,V,S,2.309278726577759,0.3222526858606326
232,V,T,1.5978777408599854,0.4333286267340819
232,V,W,1.4761648178100586,0.45233250459712404
232,V,Y,1.408526062965393,0.4628934097472616
233,P,A,0.4474876523017883,0.6129469629796623
233,P,C,0.6594653725624084,0.5798494199696527
233,P,D,1.106983304023743,0.5099753597803015
233,P,E,1.4101046323776243,0.46264693682099667
233,P,F,0.5781984329223633,0.5925381875756129
233,P,G,0.564184308052063,0.5947263095163157
233,P,H,0.4966879487037658,0.6052649814758156
233,P,I,0.9657936096191406,0.5320202802435515
233,P,K,0.706347644329071,0.572529367634453
233,P,L,1.1338917016983032,0.5057739661231321
233,P,M,0.9594920873641968,0.533004180361003
233,P,N,0.8386883735656738,0.5518660971148002
233,P,Q,0.9620805978775024,0.5326000183672772
233,P,R,0.5070101022720337,0.6036533124699331
233,P,S,0.5652854442596436,0.5945543815281031
233,P,T,0.67388916015625,0.5775973345633776
233,P,V,0.9001132845878601,0.5422754022439273
233,P,W,0.2512174844741821,0.6435919775277444
233,P,Y,0.2189656496047973,0.6486276788761163
234,K,A,2.0127146244049072,0.36855728388547654
234,K,C,1.6172101497650146,0.43031012443848865
234,K,D,3.720527648925781,0.10190466132382658
234,K,E,3.1536407470703125,0.19041662188696712
234,K,F,2.0152270793914795,0.36816499696552785
234,K,G,2.6578152179718018,0.2678332803670299
234,K,H,1.803383111953736,0.4012416562251016
234,K,I,1.5453840494155884,0.4415248287132286
234,K,L,1.552473068237305,0.4404179713271691
234,K,M,1.2458561658859253,0.48829218235601546
234,K,N,2.0861377716064453,0.3570932216743847
234,K,P,3.0478901863098145,0.20692818606833474
234,K,Q,1.4590390920639038,0.45500646223646507
234,K,R,-0.1699295043945312,0.7093485606275192
234,K,S,1.904853105545044,0.3853984465095492
234,K,T,1.785656452178955,0.4040094418376569
234,K,V,2.0543322563171387,0.362059236069431
234,K,W,2.363304853439331,0.3138172141739541
234,K,Y,1.9410607814788816,0.379745092421019
235,L,A,2.1597821712493896,0.345594613794123
235,L,C,1.0554827451705933,0.518016497120518
235,L,D,2.77236557006836,0.24994774409149
235,L,E,2.2248106002807617,0.3354412768109106
235,L,F,0.6560629606246948,0.5803806620044656
235,L,G,2.894593477249145,0.23086345820538012
235,L,H,1.809207797050476,0.40033220798086117
235,L,I,1.1311910152435305,0.5061956429200307
235,L,K,1.980880856513977,0.3735277095540106
235,L,M,0.6157711744308472,0.586671696387048
235,L,N,2.424237966537476,0.3043033071038143
235,L,P,2.964089155197144,0.2200126188479905
235,L,Q,1.869194746017456,0.39096603204014035
235,L,R,1.86045241355896,0.39233103268359065
235,L,S,2.3483848571777344,0.3161467760607894
235,L,T,1.8389768600463867,0.39568415892333064
235,L,V,1.6396310329437256,0.42680939736010787
235,L,W,0.5420621633529663,0.5981803924961298
235,L,Y,0.5677576065063477,0.5941683857914408
236,P,A,1.957498550415039,0.37717855022175306
236,P,C,1.4129985570907593,0.46219508840247914
236,P,D,2.4460840225219727,0.30089233175858937
236,P,E,1.9930200576782229,0.37163233237877347
236,P,F,1.377415418624878,0.4677509291500712
236,P,G,1.9385135173797607,0.3801428143277121
236,P,H,2.119239568710327,0.3519248098620143
236,P,I,1.6628683805465698,0.42318119006182153
236,P,K,2.050938606262207,0.36258911005107364
236,P,L,1.513110637664795,0.4465638990088632
236,P,M,1.5303475856781006,0.44387257547009573
236,P,N,2.2004666328430176,0.3392422682939514
236,P,Q,2.054600715637207,0.36201731966481326
236,P,R,2.063978433609009,0.3605531119003093
236,P,S,2.169222116470337,0.344120690060165
236,P,T,2.302083730697632,0.3233760901755133
236,P,V,1.9258716106414795,0.3821166823902819
236,P,W,2.0729548931121826,0.35915155538711235
236,P,Y,1.6195132732391355,0.4299505218908796
237,P,A,1.5084658861160278,0.44728911609284316
237,P,C,0.9368770122528076,0.5365352279647491
237,P,D,1.5012729167938232,0.44841220398726267
237,P,E,1.5317362546920776,0.44365575300233695
237,P,F,1.5024502277374268,0.4482283823123048
237,P,G,2.0434749126434326,0.3637544679965087
237,P,H,1.5666860342025757,0.43819880295533736
237,P,I,1.462792992591858,0.45442033986461156
237,P,K,1.6073106527328491,0.43185580116525374
237,P,L,1.3473130464553833,0.4724510200669762
237,P,M,1.4847275018692017,0.4509955536969059
237,P,N,1.5937607288360596,0.4339714442073856
237,P,Q,1.5682992935180664,0.43794691365529625
237,P,R,1.7647066116333008,0.4072804848871818
237,P,S,1.486581325531006,0.4507061034268299
237,P,T,1.7832293510437012,0.40438840187230085
237,P,V,1.5436928272247314,0.44178889089453965
237,P,W,1.5584996938705444,0.4394769927146237
237,P,Y,1.536778450012207,0.4428684802820356
238,E,A,-0.4166572093963623,0.747871858349653
238,E,C,-0.1636717915534973,0.7083715007759188
238,E,D,0.9930385947227478,0.5277663328703792
238,E,F,0.2771026492118835,0.6395503482840017
238,E,G,0.503558337688446,0.6041922602736234
238,E,H,-0.0023668408393859,0.6831858466542315
238,E,I,-0.2454826235771179,0.7211451900497603
238,E,K,-0.6482012271881104,0.7840244222990658
238,E,L,0.3661399185657501,0.6256483455248897
238,E,M,-0.0998186469078064,0.6984016690472034
238,E,N,0.6054326295852661,0.5882859246760721
238,E,P,-0.4798767566680908,0.7577427621518393
238,E,Q,-0.5491799116134644,0.76856354156542
238,E,R,-0.5528141260147095,0.7691309765170975
238,E,S,-0.2028265595436096,0.7144850046668296
238,E,T,0.105692446231842,0.6663138051157447
238,E,V,-0.1378139853477478,0.7043341432084015
238,E,W,0.3646862208843231,0.6258753213668575
238,E,Y,0.2872408032417297,0.6379674083946945
239,L,A,-0.3924213647842407,0.7440877488288627
239,L,C,-0.3425284624099731,0.7362976259791771
239,L,D,0.2491873800754547,0.6439089517246982
239,L,E,-0.0006170272827148,0.6829126361989997
239,L,F,-0.0223048329353332,0.6862989028288027
239,L,G,0.155083417892456,0.6586020521690977
239,L,H,-0.1337411999702453,0.7036982311463381
239,L,I,-0.1901456713676452,0.7125050501636248
239,L,K,-0.1541003584861755,0.706877046937923
239,L,M,-0.0207163095474243,0.6860508757196845
239,L,N,0.1317687630653381,0.6622423299773283
239,L,P,0.648931086063385,0.58149421075263
239,L,Q,-0.0292564630508422,0.6873843087688932
239,L,R,-0.2757589221000671,0.725872437287419
239,L,S,-0.3716106414794922,0.7408384271133472
239,L,T,-0.1505239605903625,0.7063186392758722
239,L,V,-0.1157566308975219,0.7008901763768599
239,L,W,-0.1315726637840271,0.7033596426399429
239,L,Y,-0.1720855236053466,0.7096851947722427
240,L,A,1.2599244117736816,0.48609561012770325
240,L,C,0.4641071557998657,0.6103520453102189
240,L,D,2.359548091888428,0.3144037832570468
240,L,E,1.9698278903961184,0.37525348536207304
240,L,F,0.4994210004806518,0.6048382512580227
240,L,G,2.056112289428711,0.3617813072267344
240,L,H,1.190613031387329,0.4969176738360967
240,L,I,0.8671582341194153,0.5474209014923171
240,L,K,1.5247433185577393,0.4447476083359445
240,L,M,0.5151246786117554,0.6023863277175651
240,L,N,1.656239628791809,0.42421618277726414
240,L,P,2.866931438446045,0.2351825230481595
240,L,Q,1.5165828466415403,0.4460217590811091
240,L,R,1.506847858428955,0.4475417499116163
240,L,S,1.61864972114563,0.43008535423326466
240,L,T,1.454412817955017,0.4557287943103581
240,L,V,1.1019200086593628,0.5107659269959924
240,L,W,0.0729351043701171,0.6714284347562043
240,L,Y,0.2356733083724975,0.6460189969166129
241,G,A,1.9304842948913568,0.38139647219477546
241,G,C,1.214194416999817,0.4932357495112887
241,G,D,1.9211821556091309,0.3828488793373754
241,G,E,2.170327663421631,0.3439480733921253
241,G,F,1.7060632705688477,0.4164368740621624
241,G,H,1.7782680988311768,0.40516303638712464
241,G,I,2.2744228839874268,0.32769496888860966
241,G,K,2.1737871170043945,0.34340792505197953
241,G,L,1.979793787002564,0.3736974412119633
241,G,M,1.853042483329773,0.39348799618032115
241,G,N,1.8009462356567385,0.40162214252314643
241,G,P,2.596393346786499,0.2774235006072109
241,G,Q,1.9958487749099727,0.3711906652539177
241,G,R,2.141165256500244,0.3485014010539631
241,G,S,1.9547669887542725,0.37760504777744225
241,G,T,2.3165078163146973,0.3211239582368174
241,G,V,2.295992612838745,0.3243271384039105
241,G,W,1.7950999736785889,0.40253495971464986
241,G,Y,1.8180418014526367,0.398952893964786
242,Y,A,3.051063776016236,0.2064326716261789
242,Y,C,2.154559373855591,0.346410085161403
242,Y,D,3.142209529876709,0.19220145664345423
242,Y,E,3.0649073123931885,0.20427118484311746
242,Y,F,0.7547775506973267,0.5649676724382628
242,Y,G,2.9298369884490967,0.2253606458044825
242,Y,H,2.119784116744995,0.35183978582280734
242,Y,I,2.45236611366272,0.2999114655549711
242,Y,K,2.6898210048675537,0.26283599618523495
242,Y,L,2.1780893802642822,0.3427361830259334
242,Y,M,2.2398786544799805,0.3330885976174433
242,Y,N,2.8795082569122314,0.233218817666283
242,Y,P,2.535673379898072,0.2869041276900252
242,Y,Q,2.813827514648437,0.243474004812048
242,Y,R,2.4099926948547363,0.30652751959005614
242,Y,S,3.0458638668060303,0.20724456930354485
242,Y,T,2.869331359863281,0.23480780677028862
242,Y,V,2.590799570083618,0.27829689553184905
242,Y,W,-0.0358362197875976,0.6884116515543635
243,H,A,1.1846013069152832,0.4978563258276043
243,H,C,0.8619259595870972,0.5482378525905771
243,H,D,3.2723116874694824,0.17188770974907452
243,H,E,3.0603060722351074,0.2049896081936669
243,H,F,0.8068802356719971,0.5568325209951491
243,H,G,2.173658847808838,0.34342795260587333
243,H,I,1.860688328742981,0.3922941976193195
243,H,K,1.2708160877227783,0.48439501766575443
243,H,L,2.059165954589844,0.36130451743069114
243,H,M,1.475054383277893,0.4525058843968641
243,H,N,1.3731459379196167,0.46841755260983414
243,H,P,3.330244779586792,0.1628422166392417
243,H,Q,1.630791187286377,0.4281896234116298
243,H,R,0.5454686880111694,0.5976485083139105
243,H,S,0.6620506048202515,0.5794457698325552
243,H,T,1.1208711862564087,0.5078069489730314
243,H,V,1.7999260425567627,0.4017814323058814
243,H,W,1.001861810684204,0.5263887033279355
243,H,Y,0.3625245094299316,0.6262128442808175
244,H,A,-0.1803961992263794,0.7109827978574688
244,H,C,0.2159441113471985,0.6490994524772019
244,H,D,1.46915602684021,0.45342683545551576
244,H,E,1.0833032131195068,0.5136726956428642
244,H,F,0.7545230388641357,0.5650074111255892
244,H,G,0.5076684951782227,0.603550513045997
244,H,I,0.8746093511581421,0.546257507215038
244,H,K,-0.4151487350463867,0.74763632984875
244,H,L,0.5478898882865906,0.5972704696211975
244,H,M,0.4398674964904785,0.6141367504459947
244,H,N,0.0764063596725463,0.6708864437321965
244,H,P,0.9313059449195862,0.5374050771189255
244,H,Q,0.3032712340354919,0.6354644667081191
244,H,R,-0.6479625701904297,0.7839871591365236
244,H,S,0.0108263492584228,0.6811259029197456
244,H,T,0.3370968699455261,0.6301830369522143
244,H,V,0.8613729476928711,0.5483241981505336
244,H,W,0.8851061463356018,0.544618570210592
244,H,Y,0.6309502720832825,0.5843016792136067
245,F,A,0.7540729641914368,0.5650776843874161
245,F,C,0.4084968566894531,0.6190348647326726
245,F,D,0.9057392477989196,0.5413969818178476
245,F,E,0.7413802742958069,0.5670594815744829
245,F,G,1.4351292848587036,0.4587396652889472
245,F,H,1.1849288940429688,0.49780517739070834
245,F,I,0.6163535118103027,0.586580772036889
245,F,K,1.6272600889205933,0.4287409581457255
245,F,L,0.6844484210014343,0.575948644363541
245,F,M,0.6232864260673523,0.5854982883328219
245,F,N,1.4600303173065186,0.45485169540502773
245,F,P,0.7783769965171814,0.5612829282487568
245,F,Q,1.2287516593933103,0.49096282688699866
245,F,R,1.6152626276016235,0.43061420450165067
245,F,S,0.9419201016426086,0.5357478156471854
245,F,T,0.9686686992645264,0.5315713726740259
245,F,V,0.7161564230918884,0.5709978553765662
245,F,W,0.3498944044113159,0.6281848696595254
245,F,Y,0.5647494792938232,0.5946380654335923
246,S,A,0.990437626838684,0.5281724399192927
246,S,C,1.067355990409851,0.5161626454775643
246,S,D,1.4659185409545898,0.4539323264486818
246,S,E,2.156851291656494,0.34605223223281434
246,S,F,2.0309741497039795,0.36570629830460805
246,S,G,0.8799809217453003,0.5454188068633162
246,S,H,2.0789077281951904,0.35822209820194634
246,S,I,1.878332495689392,0.3895392921808298
246,S,K,1.9828472137451167,0.37322068864185687
246,S,L,2.084869861602783,0.3572911892052527
246,S,M,1.6746633052825928,0.42133956713904275
246,S,N,1.4937467575073242,0.44958731512808836
246,S,P,2.3682663440704346,0.31304254243319374
246,S,Q,1.8423503637313845,0.3951574305333312
246,S,R,1.947032451629639,0.3788126943868611
246,S,T,0.941024661064148,0.5358876269585915
246,S,V,1.9742079973220823,0.37456958906772525
246,S,W,1.607473611831665,0.4318303572375839
246,S,Y,2.267740249633789,0.3287383746657251
247,P,A,1.945736527442932,0.37901503596528036
247,P,C,1.1274218559265137,0.5067841477518271
247,P,D,2.804996967315674,0.24485277905204234
247,P,E,2.283212423324585,0.32632259750971143
247,P,F,1.1833735704421997,0.49804802078815424
247,P,G,1.9693347215652464,0.3753304872119416
247,P,H,1.8909372091293333,0.3875712313643705
247,P,I,1.2776765823364258,0.4833238413399312
247,P,K,1.7222356796264648,0.4139117643303384
247,P,L,1.2234556674957275,0.49178972661681647
247,P,M,1.2654839754104614,0.485227557124968
247,P,N,2.1463286876678467,0.34769519894489787
247,P,Q,2.089970588684082,0.35649477751751474
247,P,R,1.6892553567886353,0.4190612095280083
247,P,S,2.227713108062744,0.3349880882586753
247,P,T,2.01072096824646,0.3688685671673717
247,P,V,1.464117407798767,0.45421354978676803
247,P,W,1.4951854944229126,0.4493626752136425
247,P,Y,1.2171642780303955,0.4927720446319623
248,E,A,0.1872716844081878,0.6535762761860733
248,E,C,-0.4008976221084595,0.7454112053270614
248,E,D,0.5554323196411133,0.5960928178101985
248,E,F,-0.3337559103965759,0.734927906948262
248,E,G,1.0419107675552368,0.5201355835617858
248,E,H,-0.015337586402893,0.6852110585898644
248,E,I,-0.8647137880325317,0.8178300212362801
248,E,K,0.1567030251026153,0.6583491717284945
248,E,L,-0.4122955799102783,0.747190847065392
248,E,M,-0.3281897902488708,0.7340588302322701
248,E,N,0.4563325643539428,0.6115659458769875
248,E,P,1.4456478357315063,0.45709733141778597
248,E,Q,-0.1092908382415771,0.6998806275890872
248,E,R,0.1773847937583923,0.6551199845914404
248,E,S,0.1371086239814758,0.661408580675175
248,E,T,-0.2892884016036987,0.7279848882054869
248,E,V,-0.7473303079605103,0.7995021291560572
248,E,W,-0.4181064367294311,0.7480981362053094
248,E,Y,-0.3784703016281128,0.7419094731483922
249,Y,A,3.343858242034912,0.16071665288500459
249,Y,C,2.5124166011810303,0.290535368902145
249,Y,D,4.131669998168945,0.03771017158885992
249,Y,E,3.723757266998291,0.10140039878656848
249,Y,F,0.8556993007659912,0.5492100637639346
249,Y,G,3.597734212875366,0.12107724713156476
249,Y,H,2.357301712036133,0.31475452603174386
249,Y,I,2.653097152709961,0.26856994442651605
249,Y,K,3.344478845596313,0.16061975377202053
249,Y,L,2.313405513763428,0.321608342123928
249,Y,M,2.58001446723938,0.27998084800013523
249,Y,N,3.4553210735321045,0.14331319248850583
249,Y,P,3.550387144088745,0.12846987143017696
249,Y,Q,3.409622430801392,0.1504484366614276
249,Y,R,3.05512809753418,0.20579808108486503
249,Y,S,3.607180118560791,0.11960239274919171
249,Y,T,3.3425323963165283,0.16092366631846766
249,Y,V,2.8946847915649414,0.23084920067166015
249,Y,W,1.1301512718200684,0.5063579852295674
250,W,A,2.619474172592163,0.27381973213630606
250,W,C,1.451539397239685,0.45617744129832755
250,W,D,2.610762357711792,0.2751799678598709
250,W,E,2.956855773925781,0.22114201653866478
250,W,F,0.998610496520996,0.5268963534254246
250,W,G,2.763390064239502,0.2513491517009406
250,W,H,1.6234842538833618,0.4293305053037468
250,W,I,2.047065734863281,0.3631938081652934
250,W,K,2.880854368209839,0.23300864002820837
250,W,L,1.9929479360580444,0.37164359322459667
250,W,M,1.9156323671340945,0.3837154060767098
250,W,N,2.1147167682647705,0.35263098587942054
250,W,P,3.340537548065185,0.161235135730046
250,W,Q,2.444131851196289,0.3011971377275152
250,W,R,2.6297194957733154,0.27222005918849473
250,W,S,1.9707791805267327,0.37510495387501724
250,W,T,1.9641361236572263,0.3761421801466561
250,W,V,1.813615560531616,0.3996439934778671
250,W,Y,0.7495435476303101,0.5657848934245633
251,I,A,2.2392499446868896,0.333186762412272
251,I,C,1.6810588836669922,0.42034098138960035
251,I,D,2.86006760597229,0.2362542205370951
251,I,E,2.83134388923645,0.2407390524755788
251,I,F,1.3228124380111694,0.4762764689903668
251,I,G,2.8686912059783936,0.23490775841007433
251,I,H,2.5818355083465576,0.27969651629634246
251,I,K,2.6371779441833496,0.271055520213665
251,I,L,0.7170230150222778,0.5708625484034895
251,I,M,1.3301899433135986,0.47512456822101456
251,I,N,2.638331651687622,0.270875383906431
251,I,P,2.659569025039673,0.2675594463773599
251,I,Q,2.795770168304444,0.24629342279867494
251,I,R,2.601937294006348,0.27655788590332325
251,I,S,2.736472845077514,0.2555519227177645
251,I,T,2.368115425109864,0.31306610645106486
251,I,V,0.9333056211471558,0.537092853882131
251,I,W,2.0768816471099854,0.3585384442112199
251,I,Y,1.9026217460632324,0.38574684405024
252,T,A,1.4510412216186523,0.45625522489286474
252,T,C,0.9967506527900696,0.5271867436504
252,T,D,2.2623751163482666,0.32957606991715854
252,T,E,1.7424731254577637,0.4107519523793907
252,T,F,1.5711824893951416,0.43749674040392605
252,T,G,1.868314266204834,0.39110350742402444
252,T,H,1.339324712753296,0.47369829368591165
252,T,I,0.7835124731063843,0.5604810908807586
252,T,K,0.8098071813583374,0.5563755167844118
252,T,L,0.9327132105827332,0.5371853510281115
252,T,M,0.9641393423080444,0.5322785724046887
252,T,N,1.249980330467224,0.4876482481046136
252,T,P,2.672658443450928,0.2655157052317815
252,T,Q,1.2038347721099854,0.4948532722957023
252,T,R,0.4747663736343384,0.6086877481364603
252,T,S,0.7887719869613647,0.5596598867192414
252,T,V,0.9863357543945312,0.528812893545622
252,T,W,1.5313208103179932,0.44372061919687206
252,T,Y,1.4769409894943235,0.45221131556050487
253,S,A,-0.7657662630081177,0.8023806619300138
253,S,C,-0.0934679508209228,0.6974100910803269
253,S,D,1.8123481273651123,0.39984188655686187
253,S,E,1.7579998970031738,0.4083276504838944
253,S,F,0.8690882921218872,0.5471195482290114
253,S,G,0.1739090681076049,0.6556626736017594
253,S,H,0.6807392239570618,0.5765277868722809
253,S,I,0.9087262153625488,0.5409306059775697
253,S,K,0.4263767600059509,0.6162431521493642
253,S,L,0.7418636679649353,0.5669840059880153
253,S,M,0.5674234628677368,0.5942205579415933
253,S,N,0.8779776692390442,0.5457315884891597
253,S,P,1.6012247800827026,0.43280603042304566
253,S,Q,0.7546213269233704,0.5649920647332235
253,S,R,0.3433750867843628,0.629202775670066
253,S,T,0.6631615161895752,0.5792723155809418
253,S,V,0.5190719366073608,0.6017700151111245
253,S,W,1.301151156425476,0.47965859423472246
253,S,Y,0.914866030216217,0.5399719543516208
254,G,A,0.0216383934020996,0.6794377439206231
254,G,C,0.4305136799812317,0.615597226310354
254,G,D,0.6938352584838867,0.5744830127069618
254,G,E,0.6905410885810852,0.5749973541665558
254,G,F,0.8257877826690674,0.5538803553185869
254,G,H,0.7014161348342896,0.5732993582136852
254,G,I,0.9429649114608764,0.535584682286496
254,G,K,0.5234833359718323,0.6010812329125972
254,G,L,0.9445724487304688,0.5353336864089334
254,G,M,0.7578266263008118,0.5644915992414993
254,G,N,0.6669970750808716,0.578673443325801
254,G,P,0.596432626247406,0.5896911572505088
254,G,Q,0.5488293170928955,0.5971237901244877
254,G,R,0.5829059481620789,0.5918031707638216
254,G,S,0.2190003395080566,0.6486222625023401
254,G,T,0.4402499794960022,0.6140770307371953
254,G,V,0.8951282501220703,0.5430537500459276
254,G,W,0.7151767015457153,0.5711508260565624
254,G,Y,0.7761031985282898,0.5616379520061635
255,N,A,0.4678868651390075,0.6097618932307278
255,N,C,0.1595189571380615,0.6579095008444891
255,N,D,0.1163418292999267,0.6646510435118711
255,N,E,0.5437658429145813,0.597914385259631
255,N,F,0.6768137216567993,0.5771407026120063
255,N,G,0.8045369386672974,0.5571983961130762
255,N,H,0.3914622664451599,0.6216945927577462
255,N,I,0.5634804368019104,0.5948362097876592
255,N,K,0.7669862508773804,0.5630614439025052
255,N,L,0.3995166420936584,0.620437007554371
255,N,M,0.6368541121482849,0.583379871958413
255,N,P,0.4759256243705749,0.6085067463262003
255,N,Q,0.7992652654647827,0.5580214987973603
255,N,R,0.6615533232688904,0.5795234138298301
255,N,S,0.2007676362991333,0.6514690601653406
255,N,T,0.3393678069114685,0.629828459906047
255,N,V,0.5093896985054016,0.6032817697031578
255,N,W,0.8160381317138672,0.5554026355441954
255,N,Y,0.7164373993873596,0.5709539846102767
256,D,A,0.086335003376007,0.6693362161346814
256,D,C,-0.3741952776908874,0.7412419841856032
256,D,E,0.3693732619285583,0.6251435013323722
256,D,F,-0.1384145021438598,0.7044279060362266
256,D,G,-0.5188667178153992,0.7638305336140716
256,D,H,0.0395458936691284,0.6766417224351525
256,D,I,0.9023175835609436,0.5419312298470413
256,D,K,0.1051520705223083,0.666398177701061
256,D,L,0.3615046143531799,0.6263720875311316
256,D,M,0.1941298246383667,0.6525054674663742
256,D,N,-0.1922399401664734,0.7128320427907675
256,D,P,1.3929790258407593,0.46532087584736936
256,D,Q,0.1950612068176269,0.6523600443450248
256,D,R,0.0996370315551757,0.6672592787601351
256,D,S,0.1036564111709594,0.6666317053078714
256,D,T,0.4432332515716553,0.6136112318989349
256,D,V,0.7649179100990295,0.563384388209042
256,D,W,0.0149234533309936,0.6804861938121486
256,D,Y,0.0533868670463562,0.6744806358309096
257,V,A,0.5849762558937073,0.5914799193433077
257,V,C,0.314532458782196,0.6337061740444316
257,V,D,1.0085060596466064,0.5253512909266136
257,V,E,0.5488464832305908,0.5971211098570521
257,V,F,0.4561997056007385,0.6115866900301609
257,V,G,1.441605567932129,0.4577284785599638
257,V,H,0.5267793536186218,0.6005666029519945
257,V,I,0.0820903778076171,0.6699989587905533
257,V,K,0.4527360200881958,0.6121274991306813
257,V,L,0.3091541528701782,0.6345459260288626
257,V,M,0.3579973578453064,0.6269196996715668
257,V,N,0.843819797039032,0.5510648925877242
257,V,P,2.232582092285156,0.33422786018131795
257,V,Q,0.3904733657836914,0.6218489966363017
257,V,R,0.4165301322937011,0.617780574024687
257,V,S,0.7218665480613708,0.5701062941948647
257,V,T,0.3458863496780395,0.6288106748798004
257,V,W,0.4676755666732788,0.6097948847170445
257,V,Y,0.3889397978782654,0.6220884431670324
258,T,A,0.4423663020133972,0.6137465947109166
258,T,C,0.0605831146240234,0.6733570360798617
258,T,D,0.8556725978851318,0.5492142330688344
258,T,E,0.7155677676200867,0.5710897662140453
258,T,F,0.2933120131492615,0.6370194685320039
258,T,G,0.774411141872406,0.5619021444782527
258,T,H,0.1921834945678711,0.6528093613998531
258,T,I,-0.0921955108642578,0.6972114162566634
258,T,K,0.333282470703125,0.6307786054054815
258,T,L,0.2701361775398254,0.6406380715386459
258,T,M,0.379665732383728,0.6235364669555971
258,T,N,0.5522124171257019,0.5965955633905399
258,T,P,0.6248849630355835,0.5852486977343663
258,T,Q,0.4917484521865845,0.6060362191239241
258,T,R,0.2790316343307495,0.6392491625374107
258,T,S,0.3627691268920898,0.6261746504698602
258,T,V,-0.1492888927459716,0.7061257996177716
258,T,W,0.3898782134056091,0.6219419218805531
258,T,Y,0.197209358215332,0.6520246386562093
259,V,A,1.7268781661987305,0.41318690089275617
259,V,C,1.163773775100708,0.5011082719716505
259,V,D,2.9457974433898926,0.22286862993030082
259,V,E,3.0630998611450195,0.20455339466852374
259,V,F,2.064985513687134,0.36039586954408764
259,V,G,2.7946486473083496,0.24646853360446724
259,V,H,2.468320369720459,0.29742041755514126
259,V,I,0.6014171838760376,0.5889128839003818
259,V,K,2.302774429321289,0.32326824663716713
259,V,L,1.398944616317749,0.46438942707459496
259,V,M,1.8950209617614744,0.38693360690922324
259,V,N,2.779971122741699,0.24876023671377478
259,V,P,1.4729596376419067,0.45283295147588
259,V,Q,2.456805467605591,0.29921831861537684
259,V,R,2.5090153217315674,0.291066434113759
259,V,S,2.415132522583008,0.30572500284871484
259,V,T,1.7359435558319092,0.4117714591052054
259,V,W,2.1969335079193115,0.33979391944850823
259,V,Y,2.2817904949188232,0.32654461299562665
260,T,A,0.7693759799003601,0.5626883190334242
260,T,C,0.4819706678390503,0.6075628920100521
260,T,D,1.555339217185974,0.43997045973026616
260,T,E,1.1303772926330566,0.5063226950416654
260,T,F,1.032536506652832,0.521599251550209
260,T,G,1.057297706604004,0.5177331146781087
260,T,H,0.6677392721176147,0.578557558985148
260,T,I,0.9459607005119324,0.5351169290865638
260,T,K,0.5335738658905029,0.5995057289041269
260,T,L,0.9867610335350036,0.5287464917812019
260,T,M,0.8921268582344055,0.54352237805537
260,T,N,0.7898632884025574,0.5594894943009139
260,T,P,2.173201322555542,0.34349938917821926
260,T,Q,0.8054828643798828,0.5570507022095939
260,T,R,0.4308538436889648,0.6155441142053021
260,T,S,0.4303054809570312,0.6156297338594947
260,T,V,0.8248209357261658,0.5540313157980064
260,T,W,1.220830321311951,0.49219964001774785
260,T,Y,0.8961275219917297,0.5428977268391297
261,T,A,-0.2254713177680969,0.718020686899683
261,T,C,-0.3743353486061096,0.741263854423359
261,T,D,1.097792148590088,0.5114104382494117
261,T,E,0.9328626990318298,0.5371620103658599
261,T,F,0.5180687308311462,0.6019266525458763
261,T,G,0.6350070238113403,0.58366827059578
261,T,H,0.4985218942165375,0.604978634918204
261,T,I,-0.5041924118995667,0.7615393330549082
261,T,K,0.1036491990089416,0.6666328313924538
261,T,L,-0.0060400962829589,0.6837593773530283
261,T,M,0.1075015664100647,0.6660313347087821
261,T,N,0.7503269910812378,0.5656625689968776
261,T,P,-0.0537821054458618,0.6912136664156274
261,T,Q,0.3702926635742187,0.6249999488143372
261,T,R,0.1411623358726501,0.6607756466880401
261,T,S,0.1522636413574218,0.659042323321331
261,T,V,-0.8471183180809021,0.815082719195342
261,T,W,0.5646982789039612,0.5946460597034784
261,T,Y,0.5894165635108948,0.590786623499967
262,S,A,-0.1493922472000122,0.70614193706129
262,S,C,0.2910718917846679,0.6373692341258649
262,S,D,0.7617262601852417,0.5638827225158957
262,S,E,0.5376433730125427,0.5988703286986918
262,S,F,0.7555792331695557,0.5648425002264268
262,S,G,0.1920133829116821,0.6528359221056211
262,S,H,0.3950061202049255,0.6211412664360422
262,S,I,0.6683133244514465,0.5784679282362861
262,S,K,0.1764252185821533,0.6552698096797933
262,S,L,0.6944372653961182,0.574389017217033
262,S,M,0.572571337223053,0.5934167848248917
262,S,N,0.4678351283073425,0.6097699712589711
262,S,P,1.0846378803253174,0.5134643048497467
262,S,Q,0.3823482394218445,0.6231176286363644
262,S,R,0.1584440469741821,0.6580773339796749
262,S,T,0.2728752493858337,0.6402104013659536
262,S,V,0.7203417420387268,0.5703443726724251
262,S,W,0.7066624760627747,0.5724802107851654
262,S,Y,0.6882702708244324,0.5753519125997548
263,D,A,-0.1506826877593994,0.7063434224431673
263,D,C,-0.0357940196990966,0.6884050625635842
263,D,E,0.4595571160316467,0.6110624743908823
263,D,F,0.7441273927688599,0.5666305550264303
263,D,G,0.2037680745124817,0.6510005810596445
263,D,H,0.1810135841369629,0.6545533965298206
263,D,I,1.01629638671875,0.524134933448029
263,D,K,0.7352153658866882,0.5680220512302596
263,D,L,0.8438532948493958,0.5510596623436311
263,D,M,0.2015010714530944,0.6513545438778579
263,D,N,0.3373415470123291,0.6301448338347729
263,D,P,2.36975622177124,0.31280991755534604
263,D,Q,-0.1804947853088379,0.7109981907822551
263,D,R,0.8876627087593079,0.5442193964923713
263,D,S,-0.0229145288467407,0.6863940988551871
263,D,T,0.4282460808753967,0.6159512821934088
263,D,V,0.9169354438781738,0.5396488425283693
263,D,W,0.5439276695251465,0.5978891181551601
263,D,Y,0.660677433013916,0.5796601726144346
264,V,A,2.3714969158172607,0.31253813099218924
264,V,C,1.5123833417892456,0.44667745672847825
264,V,D,3.419142007827759,0.14896207946464346
264,V,E,3.4145843982696533,0.14967369046879409
264,V,F,2.003448486328125,0.37000406991164914
264,V,G,3.1388907432556152,0.19271964168100275
264,V,H,3.3278207778930664,0.1632206927367098
264,V,I,-0.1240596771240234,0.7021865882321147
264,V,K,3.336801767349243,0.1618184289307174
264,V,L,0.7055919170379639,0.5726473645470083
264,V,M,1.6583560705184937,0.42388572813801717
264,V,N,3.329573392868042,0.16294704487672285
264,V,P,3.07322645187378,0.20297226023714177
264,V,Q,3.441441297531128,0.14548033761393142
264,V,R,3.2274329662323,0.17889493392600997
264,V,S,3.19411039352417,0.18409781695567706
264,V,T,2.336647748947144,0.3179793716939413
264,V,W,2.4624509811401367,0.29833684566249535
264,V,Y,2.4680252075195312,0.29746650326465884
265,T,A,0.5019465684890747,0.6044439169115606
265,T,C,-0.0305067896842956,0.6875795308869367
265,T,D,0.9971169233322144,0.5271295553052897
265,T,E,0.4482849836349487,0.6128224701411694
265,T,F,-0.0906795859336853,0.6969747244452414
265,T,G,1.501219630241394,0.448420523984094
265,T,H,0.3358904719352722,0.6303714001914381
265,T,I,-0.7181522250175476,0.7949463538888876
265,T,K,0.487224668264389,0.6067425486983189
265,T,L,-0.0775405764579773,0.6949232403048492
265,T,M,0.0173428654670715,0.6801084343139601
265,T,N,0.7757554054260254,0.5616922553411867
265,T,P,2.2667927742004395,0.3288863105377953
265,T,Q,0.4011654853820801,0.6201795622832916
265,T,R,0.30795818567276,0.6347326606333599
265,T,S,0.5238513350486755,0.6010237746794466
265,T,V,-0.5927419066429138,0.7753651762009675
265,T,W,-0.0973730683326721,0.6980198240024724
265,T,Y,-0.1962038874626159,0.7134509612127704
266,E,A,0.6396095156669617,0.5829496518090633
266,E,C,-0.1726893782615661,0.7097794787631803
266,E,D,2.331289052963257,0.3188160618450865
266,E,F,-0.2037674784660339,0.7146319168256432
266,E,G,1.8632570505142207,0.391893125378332
266,E,H,0.4841384291648865,0.6072244244879508
266,E,I,-0.2741847634315491,0.7256266530409813
266,E,K,0.0405752658843994,0.6764809994538583
266,E,L,-0.3922199606895447,0.7440563022189153
266,E,M,-0.3780069947242737,0.7418371338470836
266,E,N,1.5854346752166748,0.4352714483655227
266,E,P,2.108539342880249,0.35359550989686894
266,E,Q,-0.1381084322929382,0.7043801172401093
266,E,R,0.0681425333023071,0.6721767319208796
266,E,S,1.1408973932266235,0.5046801192019161
266,E,T,0.9023499488830566,0.5419261764261472
266,E,V,-0.193170964717865,0.7129774100732119
266,E,W,0.0058905482292175,0.6818965635658368
266,E,Y,-0.1311827301979065,0.7032987596206246
267,V,A,1.9439308643341064,0.379296966596162
267,V,C,1.18812358379364,0.497306368453163
267,V,D,2.4718120098114014,0.2968752437135538
267,V,E,2.5383822917938232,0.2864811665983137
267,V,F,1.294522047042847,0.4806936427890699
267,V,G,2.684532880783081,0.2636616674591449
267,V,H,2.146207094192505,0.34771418417256666
267,V,I,-0.0312080383300781,0.6876890216729775
267,V,K,2.264472007751465,0.32924866780471324
267,V,L,1.0408835411071775,0.5202959715096507
267,V,M,1.4336316585540771,0.45897350000973464
267,V,N,2.294284105300904,0.32459389946562534
267,V,P,2.9900946617126465,0.21595219981274616
267,V,Q,2.29896092414856,0.32386367549317197
267,V,R,2.1986684799194336,0.33952302630783004
267,V,S,2.232616186141968,0.33422253687238324
267,V,T,1.6822986602783203,0.42014740651925175
267,V,W,1.6961612701416016,0.4179829416612618
267,V,Y,1.5941444635391235,0.43391152906241903
268,V,A,0.7618529796600342,0.5638629369305898
268,V,C,0.0493052005767822,0.6751179345591115
268,V,D,0.5941683650016785,0.5900446919704512
268,V,E,0.481955885887146,0.6075652000181216
268,V,F,0.1508429050445556,0.659264152677563
268,V,G,1.3440855741500854,0.4729549475708048
268,V,H,0.1555604934692382,0.6585275630699501
268,V,I,0.0130764245986938,0.6807745831430313
268,V,K,0.5534011125564575,0.596409964177109
268,V,L,0.3176762461662292,0.6332153128443516
268,V,M,0.4447816014289856,0.6133694773601347
268,V,N,0.4963199496269226,0.6053224397089662
268,V,P,1.7190896272659302,0.41440297917681623
268,V,Q,0.473131000995636,0.6089430901421216
268,V,R,0.5455343127250671,0.5976382618748598
268,V,S,0.5741153955459595,0.5931757003529503
268,V,T,0.339944839477539,0.6297383638329775
268,V,W,0.3006402254104614,0.6358752642250448
268,V,Y,0.1481027603149414,0.65969199036697
269,G,A,1.5432050228118896,0.4418650551608345
269,G,C,1.041224479675293,0.5202427384203048
269,G,D,1.7144266366958618,0.4151310440449465
269,G,E,1.8104028701782229,0.40014561297362605
269,G,F,1.493097901344299,0.44968862551456024
269,G,H,1.5706332921981812,0.4375824903488968
269,G,I,1.8522863388061523,0.3936060582382655
269,G,K,1.8124899864196773,0.3998197371245817
269,G,L,1.6538410186767578,0.4245906943124837
269,G,M,1.6383607387542725,0.42700773715034196
269,G,N,1.5973972082138062,0.43340365560931027
269,G,P,2.0577871799468994,0.3615197950220808
269,G,Q,1.7475910186767578,0.40995286042421714
269,G,R,1.790237545967102,0.4032941640787506
269,G,S,1.6454631090164185,0.42589879511183254
269,G,T,1.8062344789505005,0.4007964526362683
269,G,V,1.8519349098205569,0.39366092926882196
269,G,W,1.5568863153457642,0.43972890062763303
269,G,Y,1.5319108963012695,0.44362848500377344
270,V,A,1.6314892768859863,0.42808062586924894
270,V,C,1.047923564910889,0.5191967640535635
270,V,D,2.340836763381958,0.3173253119877828
270,V,E,2.230250120162964,0.33459196706725625
270,V,F,1.5410032272338867,0.44220883668538624
270,V,G,2.335068702697754,0.31822591907207953
270,V,H,1.8376426696777344,0.395892475264575
270,V,I,-0.1200480461120605,0.7015602246227906
270,V,K,1.599812388420105,0.4330265568714966
270,V,L,0.5851222276687622,0.591457127763621
270,V,M,1.159701228141785,0.5017441468077772
270,V,N,2.043485164642334,0.3637528672812347
270,V,P,2.023120641708374,0.3669325206563931
270,V,Q,1.7505711317062378,0.40948755482961674
270,V,R,1.649145007133484,0.42532391497283384
270,V,S,1.904719352722168,0.38541933025998487
270,V,T,1.031360149383545,0.5217829243214205
270,V,W,1.690109372138977,0.4189278662230874
270,V,Y,1.6384438276290894,0.4269947639114349
271,D,A,1.2061998844146729,0.49448399100457585
271,D,C,1.035485863685608,0.5211387481014307
271,D,E,1.656702160835266,0.4241439644602495
271,D,F,1.9057881832122805,0.3852524463861824
271,D,G,1.1216102838516235,0.5076915485695543
271,D,H,1.5677608251571655,0.43803098843311983
271,D,I,2.123754978179932,0.3512197878486427
271,D,K,1.76234769821167,0.4076487983039566
271,D,L,1.9592065811157229,0.37691186361191126
271,D,M,1.898987889289856,0.38631422316301267
271,D,N,0.3413621187210083,0.6295170742528262
271,D,P,1.6996315717697144,0.4174410995410005
271,D,Q,1.8370710611343384,0.39598172444758667
271,D,R,1.73852276802063,0.4113687489230071
271,D,S,0.5430823564529419,0.5980211027133948
271,D,T,1.1404415369033811,0.5047512951927059
271,D,V,2.285717964172364,0.3259313901419242
271,D,W,1.9155683517456048,0.3837254012406885
271,D,Y,2.130748987197876,0.3501277649983206
272,S,A,1.0207998752593994,0.5234317727314878
272,S,C,0.953492283821106,0.5339409710556804
272,S,D,1.089702844619751,0.5126734770524995
272,S,E,1.6072371006011963,0.43186728536669655
272,S,F,1.5735845565795898,0.43712168909262566
272,S,G,1.1133239269256592,0.5089853546092467
272,S,H,1.590038537979126,0.4345526155296706
272,S,I,1.5142730474472046,0.4463824039549431
272,S,K,1.475643754005432,0.4524138618815754
272,S,L,1.5835559368133545,0.43556478874597404
272,S,M,1.3293862342834473,0.47525005685331173
272,S,N,0.9401509761810304,0.5360240414032823
272,S,P,1.7705698013305664,0.40636502465417945
272,S,Q,1.4848092794418335,0.45098278520065027
272,S,R,1.3956501483917236,0.4649038150666097
272,S,T,0.623631477355957,0.5854444130960696
272,S,V,1.6701006889343262,0.42205195988786215
272,S,W,1.5554214715957642,0.43995761678213724
272,S,Y,1.844715237617493,0.39478818646814123
273,T,A,0.7000828981399536,0.5735075256511831
273,T,C,0.2689164876937866,0.6408285101238355
273,T,D,1.3408282995224,0.4734635283167091
273,T,E,1.0720300674438477,0.5154328496033819
273,T,F,0.719913899898529,0.5704111746156637
273,T,G,1.0386855602264404,0.5206391574192167
273,T,H,0.6074090003967285,0.5879773402745808
273,T,I,0.0645636320114135,0.6727355304552647
273,T,K,0.1846472024917602,0.6539860546429845
273,T,L,0.3236864805221557,0.6322768935149479
273,T,M,0.4598150253295898,0.6110222052339593
273,T,N,0.7463542819023132,0.5662828554720508
273,T,P,0.8418700695037842,0.5513693169907998
273,T,Q,0.6155624985694885,0.5867042783880619
273,T,R,0.2837157845497131,0.6385177938674067
273,T,S,0.5669565796852112,0.5942934556319511
273,T,V,0.2763515114784241,0.6396676285972772
273,T,W,0.7982250452041626,0.5581839155587701
273,T,Y,0.6095118522644043,0.5876490075137203
274,A,C,0.0758836269378662,0.6709680615982041
274,A,D,0.5081163048744202,0.6034805934305678
274,A,E,-0.0332763195037841,0.6880119566730303
274,A,F,0.4928354024887085,0.6058665060789397
274,A,G,0.6125478744506836,0.5871749724369859
274,A,H,0.244073748588562,0.6447073782662549
274,A,I,0.5674800872802734,0.5942117167816496
274,A,K,0.1766567826271057,0.6552336539888652
274,A,L,0.1919943690299987,0.6528388908740654
274,A,M,0.1948196291923523,0.6523977635252903
274,A,N,0.3400822281837463,0.6297169123870087
274,A,P,1.9520256519317627,0.37803307159653227
274,A,Q,0.0248627662658691,0.6789343003539703
274,A,R,0.2402434349060058,0.6453054315507906
274,A,S,0.4658900499343872,0.610073669756283
274,A,T,0.5702901482582092,0.593772962586333
274,A,V,0.4870781302452087,0.606765428689605
274,A,W,0.5824003219604492,0.5918821176688777
274,A,Y,0.4714816212654114,0.6092006191715584
275,G,A,1.8184654712677,0.39888674347543807
275,G,C,1.6005866527557373,0.43290566564237026
275,G,D,2.4694862365722656,0.29723838272514036
275,G,E,2.66347074508667,0.2669502439248109
275,G,F,1.6398978233337402,0.42676774153704633
275,G,H,2.144393920898437,0.34799728742045155
275,G,I,2.1897475719451904,0.34091590917779785
275,G,K,2.397207021713257,0.30852383489239904
275,G,L,2.1448183059692383,0.34793102525329367
275,G,M,1.9951772689819336,0.37129551210436695
275,G,N,2.3811304569244385,0.3110339797977076
275,G,P,2.2001631259918213,0.3392896569112502
275,G,Q,2.375300884246826,0.3119441911736486
275,G,R,2.237619638442993,0.3334413133667804
275,G,S,2.1289219856262207,0.3504130273505285
275,G,T,2.280566692352295,0.32673569372822264
275,G,V,2.121474504470825,0.35157585393227436
275,G,W,1.8821991682052608,0.38893556194096196
275,G,Y,1.773478865623474,0.40591081238868754
276,N,A,0.6928523182868958,0.5746364859371021
276,N,C,0.3272240161895752,0.6317245536805638
276,N,D,0.6294561624526978,0.5845349648518291
276,N,E,1.1769343614578247,0.4990534188839955
276,N,F,0.9997221231460572,0.5267227874960015
276,N,G,1.144904851913452,0.5040544070464827
276,N,H,0.5163078904151917,0.6022015847006762
276,N,I,0.7405462265014648,0.5671897072072132
276,N,K,1.2203900814056396,0.4922683777096899
276,N,L,1.0018246173858645,0.526394510574046
276,N,M,1.0370099544525146,0.5209007813016802
276,N,P,1.0611605644226074,0.5171299800532264
276,N,Q,1.080932855606079,0.5140427959045961
276,N,R,0.8311538696289062,0.553042511163407
276,N,S,-0.127272367477417,0.7026882077278737
276,N,T,-0.2162271738052368,0.7165773349661623
276,N,V,0.2761572599411011,0.6396979584291266
276,N,W,1.1166911125183103,0.5084596127065673
276,N,Y,1.0519416332244873,0.5185693953439512
277,D,A,0.1408455073833465,0.6608251153045468
277,D,C,-0.3077489733695984,0.730867264557398
277,D,E,0.1111094653606414,0.6654680085698574
277,D,F,-0.4847023487091064,0.7584962151087346
277,D,G,0.2250711321830749,0.6476743877850386
277,D,H,-0.3643484115600586,0.7397045250843438
277,D,I,-0.1047480702400207,0.6991713338994903
277,D,K,-0.125401496887207,0.7023960958033304
277,D,L,-0.893291175365448,0.8222920057561722
277,D,M,-0.4020226597785949,0.7455868652154185
277,D,N,-0.2651700377464294,0.7242191217649592
277,D,P,-0.2100751996040344,0.7156167848174465
277,D,Q,-0.1012623906135559,0.6986270907063179
277,D,R,-0.3043147325515747,0.7303310528600483
277,D,S,0.191622793674469,0.652896907496265
277,D,T,0.1583437025547027,0.6580930014457438
277,D,V,0.2396389991044998,0.6453998062799485
277,D,W,-0.1963106989860534,0.7134676384323697
277,D,Y,-0.4897003173828125,0.7592765824177956
278,G,A,1.463176965713501,0.45436038749370844
278,G,C,1.2857608795166016,0.48206158428151213
278,G,D,1.839656472206116,0.39557804639103666
278,G,E,2.0393946170806885,0.36439155267557516
278,G,F,1.6359013319015503,0.42739174129939594
278,G,H,1.7068439722061155,0.4163149777327477
278,G,I,1.921792984008789,0.3827535064877921
278,G,K,1.912532091140747,0.38419947354335937
278,G,L,1.890269875526428,0.38767542676092925
278,G,M,1.7302978038787842,0.41265296928402356
278,G,N,1.7518408298492432,0.4092893081042242
278,G,P,2.00276780128479,0.37011034996065784
278,G,Q,1.834452986717224,0.39639050245745167
278,G,R,1.8388314247131348,0.39570686674466
278,G,S,1.507765531539917,0.4473984672816218
278,G,T,1.6928858757019043,0.41849435157834813
278,G,V,1.8296579122543333,0.3971391904944614
278,G,W,1.5524773597717283,0.4404173012603102
278,G,Y,1.6434112787246704,0.4262191615222594
279,T,A,0.4246397018432617,0.6165143710169877
279,T,C,0.3977830410003662,0.6207076866459138
279,T,D,1.4922150373458862,0.4498264731578103
279,T,E,1.1202102899551392,0.5079101392693018
279,T,F,1.0423554182052612,0.5200661571900166
279,T,G,1.008903741836548,0.5252891980643555
279,T,H,0.7267918586730957,0.5693372714899841
279,T,I,1.20635724067688,0.4944594218864162
279,T,K,0.6085458993911743,0.5877998283958775
279,T,L,0.695797324180603,0.5741766618616669
279,T,M,0.5547853708267212,0.5961938303891775
279,T,N,0.8678402900695801,0.5473144073941729
279,T,P,1.9049445390701287,0.3853841703628611
279,T,Q,0.5280285477638245,0.60037155765715
279,T,R,0.6647093296051025,0.579030644800499
279,T,S,0.3347005844116211,0.630557185534552
279,T,V,0.8549841642379761,0.5493217229607827
279,T,W,1.4711594581604004,0.45311402591021976
279,T,Y,1.2382439374923706,0.4894807320599557
280,L,A,-0.0602777600288391,0.69222787775196
280,L,C,-0.164430022239685,0.7084898885608085
280,L,D,0.2452834546566009,0.6445184985171607
280,L,E,0.1195046305656433,0.6641572135433468
280,L,F,0.0284736156463623,0.6783705135440801
280,L,G,0.2006813883781433,0.6514825266479076
280,L,H,-0.0809789299964904,0.6954600941496053
280,L,I,-0.1659189462661743,0.7087223645349098
280,L,K,-0.1461462378501892,0.7056351152408904
280,L,M,0.0502733588218688,0.6749667693370408
280,L,N,0.0731352567672729,0.671397183582424
280,L,P,0.2042925357818603,0.6509186933055966
280,L,Q,-0.01756352186203,0.6855586092404975
280,L,R,-0.1879441142082214,0.7121613058650097
280,L,S,-0.1911674737930297,0.7126645912214318
280,L,T,-0.2659866213798523,0.724346620597833
280,L,V,-0.157244861125946,0.7073680198158128
280,L,W,0.0464043617248535,0.6755708625297906
280,L,Y,-0.0329629182815551,0.6879630231793623
281,L,A,-0.0845826864242553,0.6960227734878816
281,L,C,-0.1606522798538208,0.7079000435952945
281,L,D,0.4371488094329834,0.6145612378011072
281,L,E,0.2926206588745117,0.6371274144416756
281,L,F,-0.0519709587097168,0.6909308795882038
281,L,G,0.0694732069969177,0.6719689646622002
281,L,H,-0.1259353756904602,0.7024794539818743
281,L,I,0.233005404472351,0.6464355551472285
281,L,K,-0.2062408924102783,0.7150181079984728
281,L,M,0.0451436638832092,0.6757677039760763
281,L,N,-0.0752235651016235,0.6945614693464328
281,L,P,1.083700180053711,0.5136107144584161
281,L,Q,0.0237795710563659,0.6791034270904532
281,L,R,-0.2464649081230163,0.7212985609085749
281,L,S,-0.1395055651664734,0.7045982612286176
281,L,T,-0.2526198029518127,0.7222595670750142
281,L,V,0.2068808674812317,0.6505145592313232
281,L,W,-0.0269069671630859,0.6870174657766144
281,L,Y,-0.1512981653213501,0.7064395211985144
282,D,A,0.0182153582572937,0.6799722059989523
282,D,C,-0.3881388306617737,0.7434190872490707
282,D,E,0.0241334438323974,0.6790481744940465
282,D,F,-0.2205914258956909,0.7172587557357258
282,D,G,-0.0080063343048095,0.6840663796522137
282,D,H,-0.1135285496711731,0.7005422906927975
282,D,I,0.3407328724861145,0.6296153228060122
282,D,K,0.3913447260856628,0.6217129451444927
282,D,L,0.2343693375587463,0.6462225948703926
282,D,M,0.0346130728721618,0.6774119177570361
282,D,N,0.1733150482177734,0.655755422022812
282,D,P,1.4852428436279297,0.45091508983493317
282,D,Q,0.0206291079521179,0.6795953306167583
282,D,R,0.2923523485660553,0.637169307580083
282,D,S,-0.0216637849807739,0.6861988115917547
282,D,T,0.035884141921997,0.6772134569825081
282,D,V,0.2582712769508362,0.6424906202738184
282,D,W,-0.3433869481086731,0.7364316672704094
282,D,Y,-0.275872528553009,0.7258901754462115
283,S,A,1.7122353315353394,0.4154731876282876
283,S,C,1.453370213508606,0.45589158333113394
283,S,D,2.5801141262054443,0.27996528755863415
283,S,E,2.811939239501953,0.24376883422996348
283,S,F,2.385589599609375,0.31033774310537504
283,S,G,2.1192355155944824,0.3519254427029366
283,S,H,2.1643383502960205,0.34488322614559197
283,S,I,2.3226380348205566,0.32016680495481686
283,S,K,2.0622313022613525,0.3608259035637544
283,S,L,2.6161513328552246,0.27433855001477686
283,S,M,2.051719903945923,0.36246712065681747
283,S,N,1.6442912817001345,0.4260817605902485
283,S,P,3.3556246757507324,0.15887947846165007
283,S,Q,2.171583652496338,0.34375196715808753
283,S,R,1.7484629154205322,0.4098167251740508
283,S,T,0.7450666427612305,0.5664839034491729
283,S,V,2.535393476486206,0.2869478309396002
283,S,W,2.6365978717803955,0.2711460909174262
283,S,Y,2.7310380935668945,0.2564004879426867
284,T,A,0.311224102973938,0.6342227304472536
284,T,C,-0.2105142474174499,0.7156853363797056
284,T,D,0.3928540349006653,0.6214772863528116
284,T,E,-0.1715585589408874,0.7096029161458604
284,T,F,-0.280478835105896,0.7266093898479139
284,T,G,0.7428978681564331,0.5668225291815048
284,T,H,0.3162795901298523,0.6334333823809866
284,T,I,-0.5873719453811646,0.7745267271243177
284,T,K,0.730751633644104,0.5687190045218717
284,T,L,-0.4567700624465942,0.7541349546668128
284,T,M,-0.3047536611557007,0.7303995858093391
284,T,N,0.6608151793479919,0.5796386653295607
284,T,P,0.435429036617279,0.6148297577883267
284,T,Q,0.3776701390743255,0.6238480526982272
284,T,R,0.6492588520050049,0.5814430343962815
284,T,S,0.29788339138031,0.6363057077300142
284,T,V,-0.1596950888633728,0.7077505907663075
284,T,W,-0.3931891918182373,0.7442076349577008
284,T,Y,-0.2549247741699219,0.7226194581236319
285,T,A,0.0099649429321289,0.6812604002287013
285,T,C,-0.0396738052368164,0.6890108402299655
285,T,D,0.0082041025161743,0.6815353323835012
285,T,E,-0.2223440408706665,0.7175324035957128
285,T,F,0.2336246371269226,0.6463388700833799
285,T,G,0.7648594975471497,0.5633935085635103
285,T,H,0.1505258083343505,0.6593136631732484
285,T,I,0.0751502513885498,0.6710825685792026
285,T,K,0.3321554064750671,0.6309545817142999
285,T,L,0.0678340196609497,0.6722249022828471
285,T,M,0.2369690537452697,0.6458166832576463
285,T,N,0.2422364354133606,0.644994250640221
285,T,P,1.8385528326034544,0.3957503652515836
285,T,Q,0.1477612853050232,0.6597453072146732
285,T,R,0.2592028975486755,0.6423451599265324
285,T,S,0.1769519448280334,0.6551875682793477
285,T,V,0.0450741648674011,0.6757785553365968
285,T,W,0.0638002157211303,0.6728547279042755
285,T,Y,0.0286638140678405,0.678340816553153
286,A,C,0.4577605724334717,0.6113429811296889
286,A,D,1.5605762004852295,0.4391527734197581
286,A,E,1.5883054733276367,0.4348232108628559
286,A,F,1.5262454748153689,0.44451306632236154
286,A,G,1.169031858444214,0.500287291165753
286,A,H,1.0967090129852295,0.5115795556794105
286,A,I,1.412029266357422,0.4623464304477487
286,A,K,1.481452226638794,0.45150694500102395
286,A,L,1.5939714908599854,0.4339385364794264
286,A,M,1.258533954620361,0.48631271178998653
286,A,N,1.251682996749878,0.4873823990783454
286,A,P,1.6573081016540527,0.4240493547423666
286,A,Q,1.3702476024627686,0.4688700897081789
286,A,R,1.0456808805465698,0.5195469298262432
286,A,S,-0.3032931089401245,0.7301715397216937
286,A,T,-0.0422834157943725,0.689418296719081
286,A,V,0.9688988924026488,0.5315354310322332
286,A,W,1.3836627006530762,0.46677549793319745
286,A,Y,1.26090407371521,0.48594264875419124
287,H,A,0.713272750377655,0.5714481030798098
287,H,C,0.6602267026901245,0.5797305482475872
287,H,D,1.88583505153656,0.3883678664077281
287,H,E,1.9378914833068848,0.38023993679631585
287,H,F,1.0037436485290527,0.5260948790103084
287,H,G,1.4640523195266724,0.4542237124674613
287,H,I,1.1051020622253418,0.5102690910330872
287,H,K,1.7782385349273682,0.4051676524032637
287,H,L,1.2029439210891724,0.4949923670078288
287,H,M,0.8154991269111633,0.5554867940803763
287,H,N,1.395113825798035,0.46498755481100373
287,H,P,2.150076150894165,0.3471100816733327
287,H,Q,1.058804631233215,0.5174978281457937
287,H,R,1.411090850830078,0.46249295173422805
287,H,S,0.9684592485427856,0.5316040756593338
287,H,T,1.5548264980316162,0.44005051410693624
287,H,V,1.2716350555419922,0.48426714657351455
287,H,W,0.7277427911758423,0.5691887958418331
287,H,Y,0.2949057817459106,0.6367706224522802
288,R,A,0.4733780026435852,0.6089045240717983
288,R,C,-0.1051187515258789,0.6992292109244277
288,R,D,0.908703625202179,0.5409341331350631
288,R,E,0.4802091717720032,0.6078379265361776
288,R,F,0.036015510559082,0.6771929454914385
288,R,G,0.940925121307373,0.5359031687871243
288,R,H,0.2167245745658874,0.6489775933737237
288,R,I,0.603647768497467,0.588564607343985
288,R,K,0.2261703014373779,0.6475027669108031
288,R,L,-0.0579375028610229,0.6918624772647246
288,R,M,0.1003749370574951,0.6671440644863411
288,R,N,0.4846153259277344,0.6071499633082557
288,R,P,2.3874223232269287,0.31005158733068855
288,R,Q,0.4029670357704162,0.6198982737998163
288,R,S,0.7722427248954773,0.5622407143716797
288,R,T,0.6130396723747253,0.587098184636253
288,R,V,0.7065905332565308,0.5724914437115362
288,R,W,0.1147890090942382,0.6648934960369827
288,R,Y,0.0050406455993652,0.6820292647233512
289,W,A,1.9122297763824463,0.3842466760309752
289,W,C,1.0380183458328247,0.5207433342028072
289,W,D,1.7095668315887451,0.4158898389237446
289,W,E,2.092658758163452,0.3560750550822878
289,W,F,0.7487695217132568,0.565905747427753
289,W,G,1.8001126050949097,0.4017523030104876
289,W,H,1.332892656326294,0.4747025750036547
289,W,I,1.72194504737854,0.41395714274706047
289,W,K,1.571191430091858,0.43749534443130333
289,W,L,1.5524113178253174,0.4404276128447499
289,W,M,1.4610722064971924,0.45468901806206174
289,W,N,1.3708233833312988,0.4687801890712766
289,W,P,1.9335241317749023,0.3809218415030553
289,W,Q,1.7642080783843994,0.4073583243206239
289,W,R,1.3677053451538086,0.4692670298702033
289,W,S,1.5611635446548462,0.43906106732493044
289,W,T,1.476759672164917,0.4522396258852933
289,W,V,1.609442949295044,0.4315228710012225
289,W,Y,0.7054224014282227,0.5726738321879348
290,Y,A,1.6871575117111206,0.41938876054420005
290,Y,C,1.0680503845214844,0.5160542249372009
290,Y,D,2.467790126800537,0.2975032080381519
290,Y,E,2.085904121398926,0.3571297030922581
290,Y,F,0.3583418130874634,0.626865917499656
290,Y,G,1.3978826999664309,0.46455523139623583
290,Y,H,1.128225564956665,0.5066586591195299
290,Y,I,1.5210505723953247,0.44532418225505865
290,Y,K,1.7882858514785769,0.4035988955958032
290,Y,L,1.2188513278961182,0.4925086339045418
290,Y,M,1.3495631217956543,0.4720997002902618
290,Y,N,1.884785771369934,0.38853169775472884
290,Y,P,2.250473022460937,0.3314344258984416
290,Y,Q,1.8074543476104736,0.4006059861316263
290,Y,R,1.6317144632339478,0.42804546597212506
290,Y,S,1.9351742267608645,0.38066420079580865
290,Y,T,1.851390600204468,0.3937459160820923
290,Y,V,1.6319217681884766,0.42801309802024656
290,Y,W,0.6968891620635986,0.5740061856849821
291,T,A,2.0718331336975098,0.3593267034188412
291,T,C,1.1455402374267578,0.503955199925429
291,T,D,3.0438051223754883,0.20756601526613327
291,T,E,3.0812206268310547,0.20172407458275965
291,T,F,1.5510923862457275,0.4406335467260515
291,T,G,2.477977991104126,0.29591250654106244
291,T,H,1.9717586040496824,0.37495202972744185
291,T,I,1.3687200546264648,0.46910859628401025
291,T,K,2.304829359054565,0.3229473962895644
291,T,L,1.3935744762420654,0.46522790407069714
291,T,M,1.5973961353302002,0.433403823126025
291,T,N,1.8985199928283687,0.38638727906360104
291,T,P,1.6866705417633057,0.4194647945197168
291,T,Q,2.610360145568848,0.2752427680149243
291,T,R,1.970782995223999,0.37510435826003147
291,T,S,1.2867016792297363,0.48191469073566684
291,T,V,1.236118197441101,0.4898126385107303
291,T,W,1.960639834403992,0.3766880798940073
291,T,Y,1.6867218017578125,0.4194567909433466
292,I,A,0.7450500726699829,0.566486490651767
292,I,C,0.1028330326080322,0.6667602650799385
292,I,D,2.181488037109375,0.34220552729962206
292,I,E,1.6848880052566528,0.41974311423474775
292,I,F,0.7919841408729553,0.5591583509818397
292,I,G,1.2355990409851074,0.4898936979876888
292,I,H,0.9854443073272704,0.52895208132259
292,I,K,0.9898476004600524,0.5282645648059072
292,I,L,0.4718021154403686,0.6091505782062765
292,I,M,0.7576943635940552,0.5645122503298312
292,I,N,1.3018559217453003,0.47954855436611665
292,I,P,2.0434043407440186,0.36376548687374394
292,I,Q,1.3555378913879397,0.4711668183189281
292,I,R,0.9147881865501404,0.5399841086199225
292,I,S,0.99417245388031,0.5275892956223677
292,I,T,0.5261684656143188,0.6006619851080619
292,I,V,-0.1269171237945556,0.7026327410823315
292,I,W,1.1388319730758667,0.5050026074907296
292,I,Y,0.7867279648780823,0.5599790339802445
293,Y,A,1.288488268852234,0.4816357381797135
293,Y,C,0.3138387203216553,0.6338144922134695
293,Y,D,1.5933417081832886,0.43403686879096975
293,Y,E,1.76918363571167,0.40658145624960385
293,Y,F,0.1312236785888672,0.6623274377748927
293,Y,G,1.8931769132614136,0.38722153091589845
293,Y,H,0.2015829086303711,0.6513417660751181
293,Y,I,1.1821951866149902,0.498232009979827
293,Y,K,0.3092565536499023,0.6345299374890905
293,Y,L,0.504345178604126,0.604069405376341
293,Y,M,0.9843677282333374,0.5291201750393321
293,Y,N,0.2723761796951294,0.6402883245577531
293,Y,P,1.904108524322509,0.38551470310956826
293,Y,Q,1.3361998796463013,0.47418619542403156
293,Y,R,-0.2493114471435547,0.7217430106721922
293,Y,S,1.22267746925354,0.4919112320738968
293,Y,T,1.3401206731796265,0.4735740148965542
293,Y,V,1.1930330991744995,0.4965398119665826
293,Y,W,0.3496530055999756,0.6282225609203383
294,I,A,1.7606061697006226,0.4079207151578914
294,I,C,1.069416046142578,0.5158409947723246
294,I,D,2.1403822898864746,0.34862365102977555
294,I,E,2.1072397232055664,0.35379842847730547
294,I,F,0.9625036716461182,0.5325339609427707
294,I,G,1.86668598651886,0.3913577419580716
294,I,H,1.7790908813476562,0.40503456967989904
294,I,K,2.168229103088379,0.3442757360861269
294,I,L,0.5128211975097656,0.602745986104079
294,I,M,1.006330490112305,0.5256909775981387
294,I,N,1.8790286779403689,0.3894305924459417
294,I,P,1.9515323638916016,0.378110092059369
294,I,Q,2.180649995803833,0.3423363764667904
294,I,R,2.106198072433472,0.35396106859433485
294,I,S,1.95896315574646,0.3769498712931855
294,I,T,1.743996500968933,0.4105140972574499
294,I,V,0.5406547784805298,0.598400137199912
294,I,W,1.3934983015060425,0.4652397977574426
294,I,Y,1.2849583625793457,0.48218688678412625
295,S,A,-0.0890885591506958,0.6967263064637889
295,S,C,0.3484160900115967,0.6284156890794477
295,S,D,0.4628350734710693,0.6105506642949775
295,S,E,0.8978487253189087,0.5426289834962905
295,S,F,0.7906463146209717,0.5593672350186173
295,S,G,-0.1433159112930297,0.7051931968409624
295,S,H,0.4058287143707275,0.6194514601892247
295,S,I,1.122274398803711,0.5075878557231397
295,S,K,0.9066215753555298,0.5412592179329547
295,S,L,1.1799436807632446,0.49858355311216096
295,S,M,0.6007776260375977,0.5890127424753261
295,S,N,0.4819530844688415,0.6075656374228767
295,S,P,0.6083699464797974,0.5878273011370924
295,S,Q,0.6446373462677002,0.5821646219514425
295,S,R,0.7650659084320068,0.5633612802088941
295,S,T,0.6919074058532715,0.5747840216303539
295,S,V,1.330277681350708,0.4751108690763438
295,S,W,0.5547464489936829,0.5961999075233283
295,S,Y,0.575302243232727,0.5929903896405282
296,E,A,-0.757148027420044,0.8010350373865666
296,E,C,-0.1256633996963501,0.7024369884946915
296,E,D,0.838934063911438,0.5518277357871282
296,E,F,0.7450957298278809,0.5664793618849071
296,E,G,0.328885018825531,0.6314652098867174
296,E,H,0.7410414218902588,0.5671123889368835
296,E,I,0.4771342873573303,0.6083180294405788
296,E,K,0.5385977625846863,0.5987213132744601
296,E,L,0.5498202443122864,0.596969069825471
296,E,M,0.2613268494606018,0.6420135326702824
296,E,N,0.8984411954879761,0.5425364770438259
296,E,P,1.357223391532898,0.47090364956009556
296,E,Q,0.2256972789764404,0.6475766231690284
296,E,R,0.5664316415786743,0.5943754178378722
296,E,S,-0.2261707782745361,0.7181298984911993
296,E,T,0.2239789366722107,0.6478449198006284
296,E,V,0.3843663930892944,0.6228025203894831
296,E,W,0.8164600133895874,0.555336764249372
296,E,Y,0.8974352478981018,0.5426935425768487
297,C,A,-0.0423218011856079,0.6894242900948745
297,C,D,1.233048677444458,0.49029190383155774
297,C,E,0.6100847125053406,0.5875595628945415
297,C,F,0.8095777630805969,0.5564113374419104
297,C,G,1.0059322118759155,0.5257531635252382
297,C,H,0.3981807827949524,0.6206455844771717
297,C,I,1.0346591472625732,0.5212678290366103
297,C,K,0.9033120274543762,0.5417759604654597
297,C,L,0.5831114649772644,0.5917710820064677
297,C,M,0.4036005735397339,0.6197993551797714
297,C,N,0.7065622806549072,0.5724958549850239
297,C,P,0.6439666152000427,0.5822693478175979
297,C,Q,0.5320602655410767,0.5997420577626669
297,C,R,0.9989436268806458,0.5268443394855026
297,C,S,0.234140396118164,0.646258341076018
297,C,T,0.8880701065063477,0.5441557866731966
297,C,V,0.8060977458953857,0.5569546965190884
297,C,W,0.8484224677085876,0.5503462458815551
297,C,Y,0.7951117753982544,0.5586700118389647
298,S,A,-0.1234307289123535,0.7020883862113494
298,S,C,-0.1086540222167968,0.6997811971124139
298,S,D,0.4322029948234558,0.6153334619365357
298,S,E,0.4097274541854858,0.6188427230608833
298,S,F,0.707935094833374,0.5722815080420495
298,S,G,0.346418559551239,0.6287275772828127
298,S,H,0.3504036068916321,0.6281053643654201
298,S,I,0.5442280769348145,0.5978422134750372
298,S,K,0.7410494089126587,0.5671111418680073
298,S,L,0.3284890651702881,0.631527032860935
298,S,M,0.3224679231643677,0.6324671552769385
298,S,N,0.1835905909538269,0.6541510306875359
298,S,P,1.3563848733901978,0.4710345731791371
298,S,Q,0.6061253547668457,0.5881777647172648
298,S,R,0.5890485048294067,0.5908440910396017
298,S,T,0.0603415369987487,0.6733947552601273
298,S,V,0.4084129333496094,0.6190479682623578
298,S,W,0.6075574159622192,0.5879541671290439
298,S,Y,0.4947081208229065,0.6055741056533877
